Predicted_SOC,BD,BGC_tC_ha,True_SOC
2.3009,1.14,7.8692,2.4133
3.0108,1.54,13.9101,3.2
3.029,1.55,14.0849,3.0121
3.0121,1.53,13.8256,3.1
2.8782,1.53,13.2108,2.7
2.988,1.49,13.3564,3.0956
3.0628,1.51,13.8746,3.0067
3.0346,1.52,13.8379,3.0336
3.1295,1.5,14.0827,2.9397
3.0755,1.5,13.8398,3.0874
3.0436,1.52,13.8789,2.9498
2.9911,1.49,13.3701,3.0959
3.2352,1.49,14.4613,3.2
0.0,0.0,0.0,0.0
3.0262,1.45,13.1641,2.9
2.9763,1.55,13.84,3.0
3.0234,1.52,13.7868,2.9136
2.9703,1.51,13.4555,2.9554
3.1646,1.51,14.3355,3.2
3.1609,1.51,14.3187,3.1896
0.0,0.0,0.0,0.0
3.0326,1.53,13.9198,3.0
3.2443,1.48,14.4049,3.0023
2.8619,1.54,13.2221,2.8359
3.0011,1.47,13.2347,3.3152
2.9289,1.53,13.4439,3.1586
3.2615,1.48,14.4808,3.4859
3.0268,1.49,13.53,3.2991
3.1041,1.47,13.6891,3.1
3.0384,1.5,13.6727,3.0897
3.0093,1.52,13.7224,3.0729
3.1819,1.51,14.4142,2.9051
3.1824,1.49,14.2254,3.3
3.0426,1.44,13.1439,3.0
2.9151,1.5,13.1178,2.7855
3.0659,1.48,13.6128,3.0935
3.1336,1.46,13.7254,3.2344
3.0739,1.51,13.9248,2.9
3.3382,1.49,14.9216,3.3463
3.0701,1.52,13.9997,2.9889
3.1519,1.51,14.2783,3.1498
2.7524,1.54,12.716,2.7
3.1256,1.48,13.8778,3.3375
2.9774,1.5,13.3985,3.1537
3.0705,1.5,13.8175,3.2328
3.2322,1.48,14.3509,3.142
3.2647,1.47,14.3974,3.1998
3.0035,1.54,13.8764,3.0
3.0496,1.49,13.6317,3.1599
3.188,1.5,14.346,3.2637
3.0087,1.49,13.449,2.9749
2.8401,1.55,13.2063,2.7458
3.0463,1.48,13.5258,2.9039
3.0647,1.46,13.4233,3.1057
3.0955,1.52,14.1155,3.2532
3.1857,1.5,14.3355,2.9902
2.8267,1.36,11.5329,2.7586
3.1713,1.49,14.1757,3.0217
3.1413,1.51,14.2302,3.1595
3.4233,1.47,15.0966,3.6643
3.0554,1.5,13.7492,3.1
0.0,0.0,0.0,0.0
2.9846,1.51,13.5203,3.2361
3.1541,1.5,14.1932,3.2055
3.0392,1.47,13.4027,3.0795
2.9745,1.52,13.5636,3.0886
3.0704,1.5,13.8167,3.0096
3.0386,1.49,13.5825,2.9698
3.2338,1.46,14.1639,3.1125
3.2664,1.49,14.6008,3.2549
3.0815,1.48,13.6817,3.2058
3.0443,1.52,13.8818,3.02
3.0575,1.49,13.6668,3.1771
3.0338,1.49,13.561,2.929
3.1667,1.45,13.7753,3.1617
3.2038,1.5,14.4169,3.1882
2.9997,1.5,13.4987,3.1603
2.9373,1.5,13.2178,2.8033
3.0001,1.52,13.6806,3.1051
3.1038,1.53,14.2466,3.0
2.9438,1.52,13.4235,2.9924
2.9439,1.5,13.2475,3.0573
3.1217,1.46,13.6729,3.112
3.2573,1.5,14.6577,3.3488
2.1402,1.16,7.448,2.1503
3.0673,1.46,13.4349,2.9003
3.1606,1.49,14.1279,3.1487
3.0517,1.46,13.3663,2.8016
2.9929,1.47,13.1985,3.1039
0.0,0.0,0.0,0.0
3.1028,1.52,14.1487,3.2
3.1854,1.45,13.8565,3.2061
3.2807,1.5,14.7634,3.1966
3.0673,1.52,13.9867,3.1021
3.051,1.44,13.1803,3.1997
2.8519,1.5,12.8337,2.7597
3.0628,1.48,13.5988,3.0439
2.8613,1.5,12.876,2.8
3.1082,1.45,13.5206,3.2
3.0311,1.51,13.7311,2.9625
2.3201,1.2,8.3525,2.4913
2.9652,1.49,13.2546,3.0904
3.0459,1.5,13.7066,3.2001
1.9091,1.03,5.8992,1.7926
3.1313,1.51,14.1848,3.0514
2.9884,1.53,13.7166,2.8253
3.1168,1.47,13.745,3.0193
2.9522,1.54,13.6393,2.9
3.0709,1.51,13.9113,2.9351
3.0536,1.53,14.0161,3.1403
2.8669,1.53,13.1591,3.0705
1.6851,0.83,4.1958,1.8621
3.0729,1.51,13.9205,3.1004
3.044,1.51,13.7892,3.0077
3.2588,1.46,14.2734,3.3039
3.2305,1.47,14.2464,3.2
1.1923,0.59,2.1103,1.1949
3.031,1.51,13.7305,3.2671
3.1419,1.5,14.1385,3.2692
2.868,1.51,12.9922,3.0683
2.5874,1.51,11.7211,2.5
3.0292,1.51,13.7222,2.9631
3.0172,1.53,13.849,3.0899
3.1252,1.51,14.157,3.0919
3.1572,1.49,14.1128,3.3304
3.0145,1.52,13.7463,3.0876
3.1229,1.52,14.2403,3.1677
0.2786,0.15,0.1254,0.3159
3.1661,1.49,14.1526,3.2598
3.1176,1.48,13.8422,3.3686
0.0,0.0,0.0,0.0
3.0825,1.48,13.6864,3.11
3.0938,1.5,13.922,3.1
3.1023,1.48,13.7742,3.0483
3.1823,1.47,14.034,3.0537
3.0837,1.51,13.9692,2.9913
2.9327,1.54,13.5491,3.1074
3.1377,1.46,13.7431,3.1
3.1001,1.51,14.0433,3.1
1.3223,0.69,2.7371,1.4799
3.0726,1.5,13.8265,2.9053
2.9386,1.53,13.488,3.2074
3.0195,1.51,13.6783,2.9131
3.0728,1.52,14.0118,2.8
3.096,1.5,13.9319,3.0566
2.8814,1.36,11.7561,3.0775
3.0143,1.49,13.4739,3.0312
3.1614,1.49,14.1314,3.3855
3.1785,1.47,14.0174,3.2125
2.9697,1.5,13.3638,2.8529
3.0606,1.5,13.7727,2.9997
2.9879,1.52,13.6247,2.8079
3.0455,1.53,13.9789,3.1508
3.2916,1.49,14.7136,3.326
3.0936,1.46,13.5501,3.2
3.1184,1.5,14.0329,3.0972
3.057,1.49,13.6649,3.0253
2.9035,1.48,12.8916,2.7357
2.917,1.52,13.3017,2.9355
3.0345,1.53,13.9285,3.1
3.1057,1.46,13.6029,3.4
0.2436,0.13,0.095,0.2734
3.348,1.49,14.9656,3.4579
2.9626,1.5,13.3315,3.0945
3.0236,1.52,13.7878,2.9637
3.0289,1.53,13.9026,2.9
3.1373,1.5,14.118,3.2141
3.0409,1.51,13.7754,3.1
0.0,0.0,0.0,0.0
3.0677,1.49,13.7127,3.1472
3.0848,1.52,14.0667,3.2637
3.176,1.5,14.292,3.1
3.0519,1.49,13.6422,3.3779
3.0331,1.5,13.649,3.1499
2.9431,1.49,13.1556,3.1184
3.0637,1.49,13.6949,3.0447
1.7806,0.88,4.7008,1.8646
3.089,1.51,13.9934,3.1861
3.1628,1.47,13.9481,2.9062
3.0237,1.53,13.8788,3.2308
3.2838,1.49,14.6787,3.5295
3.0914,1.49,13.8185,3.1649
3.2131,1.46,14.0732,3.6124
3.0827,1.47,13.5948,3.1
3.2258,1.47,14.2256,3.2029
3.0121,1.52,13.735,3.0
2.9823,1.45,12.9732,2.7826
3.1623,1.51,14.3254,3.1533
2.9526,1.51,13.3753,2.8
3.0286,1.49,13.538,3.183
0.0,0.0,0.0,0.0
3.0003,1.52,13.6813,2.9705
3.0752,1.5,13.8386,3.0474
3.019,1.51,13.6762,3.1657
3.1304,1.5,14.0866,3.1053
2.9886,1.48,13.2695,3.1347
2.9672,1.51,13.4416,3.0198
3.1575,1.49,14.1141,2.7682
3.2323,1.48,14.3514,3.3185
3.0961,1.47,13.6538,3.2018
3.1969,1.48,14.1943,3.0882
3.0459,1.51,13.7981,3.1284
2.9464,1.51,13.3471,2.9743
3.0823,1.53,14.1479,3.1056
3.1148,1.49,13.9231,3.2
3.039,1.52,13.8579,3.102
2.9646,1.47,13.0739,3.0048
3.0438,1.49,13.6058,3.2
2.9453,1.5,13.2536,2.818
3.0879,1.48,13.7104,3.1724
3.1138,1.53,14.2923,2.9296
3.1379,1.5,14.1203,3.1673
3.2004,1.48,14.2097,3.3398
3.0954,1.5,13.9295,3.0097
3.0672,1.53,14.0783,3.1
3.0631,1.47,13.5081,3.0588
3.1211,1.49,13.9514,3.2209
3.2016,1.49,14.3113,3.0634
2.8995,1.51,13.1347,2.9984
2.9982,1.48,13.3119,3.1226
2.9787,1.52,13.5828,3.0376
2.5627,1.34,10.302,2.5565
3.014,1.5,13.563,2.9868
2.9904,1.48,13.2774,2.9088
3.0767,1.5,13.8453,3.2779
3.001,1.52,13.6845,3.098
3.0997,1.51,14.0414,2.9526
3.302,1.49,14.7601,3.4131
3.1667,1.46,13.87,3.2
3.0767,1.53,14.1223,3.0807
3.1612,1.44,13.6562,3.0656
3.2398,1.5,14.579,3.4
3.034,1.51,13.7439,3.0406
2.8399,1.51,12.8647,2.4634
3.0045,1.54,13.8807,3.0
3.0517,1.52,13.9155,3.0429
2.9582,1.53,13.5784,2.9756
3.0434,1.5,13.6952,2.9175
3.0739,1.51,13.9248,2.9134
3.1329,1.49,14.0042,3.2378
3.2582,1.49,14.5641,3.3644
3.2258,1.48,14.3225,3.2115
0.0048,0.0,0.0,0.0053
3.0278,1.53,13.8976,3.0
0.0,0.0,0.0,0.0
3.2342,1.46,14.1657,3.3
3.167,1.51,14.3464,3.2
2.9948,1.52,13.6561,3.1
0.9413,0.5,1.4119,0.9331
2.9651,1.5,13.3431,2.9038
3.2084,1.48,14.2453,3.1164
3.2424,1.46,14.2016,3.296
3.0545,1.5,13.7453,3.3986
3.0249,1.52,13.7935,3.1196
3.2135,1.51,14.5573,3.2
2.3129,1.26,8.7427,2.2313
3.1412,1.48,13.9467,3.3417
3.1795,1.5,14.3076,3.2497
2.9737,1.49,13.2925,3.4773
3.0565,1.51,13.8461,3.0286
3.0709,1.47,13.5425,3.2553
3.2476,1.46,14.2245,3.2
3.0999,1.48,13.7634,3.0886
3.0826,1.51,13.9643,3.0346
3.1579,1.5,14.2106,3.0067
1.633,0.84,4.1152,1.6178
0.0,0.0,0.0,0.0
3.0661,1.49,13.7054,3.1571
3.0328,1.5,13.6477,3.2506
0.0,0.0,0.0,0.0
3.034,1.49,13.5618,2.8253
3.0769,1.49,13.7539,3.1454
3.0056,1.48,13.3449,2.9297
3.3048,1.44,14.2769,3.1366
3.1357,1.46,13.7344,3.1731
2.9022,1.5,13.0597,2.4314
3.2067,1.45,13.9493,3.2403
3.0013,1.49,13.416,2.8207
2.9158,1.5,13.1213,2.9183
3.3042,1.48,14.6708,3.3021
2.9498,1.49,13.1856,3.1122
3.1349,1.47,13.8248,3.0
3.0933,1.53,14.1981,3.1757
3.2231,1.49,14.4074,3.4901
3.2176,1.49,14.3826,3.2931
0.0,0.0,0.0,0.0
3.1957,1.47,14.093,3.1495
2.9888,1.54,13.8083,2.9375
2.3439,1.14,8.0161,2.3849
2.9818,1.49,13.3286,3.1835
2.7438,1.5,12.347,3.0055
3.0292,1.54,13.9949,3.1
3.0914,1.52,14.0967,2.943
3.0753,1.5,13.8389,2.9238
3.3211,1.45,14.4469,3.1572
3.0476,1.52,13.8969,3.1551
3.2105,1.48,14.2545,3.3753
3.0783,1.49,13.7601,3.0756
2.0215,1.05,6.3678,1.9844
3.0335,1.5,13.6509,3.0
1.2766,0.65,2.4894,1.397
3.0935,1.52,14.1064,3.0201
3.1041,1.47,13.6892,3.3164
3.2271,1.48,14.3284,3.0823
3.1992,1.48,14.2044,2.9685
0.4688,0.24,0.3375,0.4871
3.2724,1.5,14.7257,2.9751
3.0372,1.52,13.8498,2.9338
3.02,1.51,13.6808,3.1
3.3111,1.48,14.7012,3.3
3.1673,1.49,14.158,3.0765
3.0783,1.54,14.2218,3.0
2.9139,1.51,13.1998,3.2979
2.9238,1.52,13.3324,2.9033
3.1567,1.51,14.3,3.205
3.057,1.54,14.1231,3.1
2.9678,1.53,13.6222,2.9
3.137,1.49,14.0225,3.1148
3.216,1.51,14.5683,3.3594
2.4223,1.24,9.0108,2.4618
1.2194,0.62,2.268,1.1381
3.0961,1.51,14.0253,3.1
3.1291,1.5,14.0811,3.0156
3.0937,1.53,14.2002,3.0194
3.0536,1.52,13.9244,2.9199
3.0916,1.51,14.0051,2.8863
2.889,1.51,13.0871,2.8408
3.0488,1.49,13.6282,3.1001
3.04,1.5,13.68,3.0775
3.01,1.52,13.7256,3.1832
0.0,0.0,0.0,0.0
3.0489,1.49,13.6284,2.7317
3.0349,1.52,13.8391,2.9719
2.8141,1.52,12.8321,2.7674
3.2159,1.46,14.0856,3.2258
2.9196,1.5,13.1381,2.7139
3.3773,1.48,14.9953,3.6717
3.0825,1.51,13.9638,3.0134
3.1642,1.45,13.7643,3.1668
3.0309,1.48,13.4571,2.9
3.0695,1.51,13.9049,3.0699
3.2507,1.47,14.3354,3.2035
3.114,1.51,14.1065,3.0158
2.9007,1.48,12.8791,2.9
3.0883,1.51,13.99,3.0194
2.9461,1.53,13.5226,2.9239
2.9577,1.49,13.2209,2.8502
3.0862,1.53,14.1656,3.1155
3.1282,1.48,13.8892,3.0059
3.168,1.5,14.256,3.2458
3.0515,1.53,14.0065,3.1837
3.05,1.53,13.9994,3.1726
3.1297,1.5,14.0834,3.0167
3.1656,1.47,13.9605,3.1
3.2901,1.48,14.6083,3.116
3.0555,1.5,13.7496,3.104
3.235,1.46,14.1695,3.2297
2.9993,1.54,13.8567,2.9512
3.0441,1.51,13.7899,3.0
0.0,0.0,0.0,0.0
3.2771,1.47,14.4518,3.1562
2.8269,1.52,12.8906,2.6995
2.8976,1.55,13.4739,2.9347
3.2404,1.5,14.5819,3.1442
2.9274,1.52,13.3488,3.1
3.4994,1.47,15.4325,3.9248
3.015,1.47,13.2959,3.0982
3.1121,1.51,14.098,3.3251
3.1092,1.51,14.0847,3.1042
3.2228,1.51,14.5992,3.2007
3.2211,1.47,14.2049,3.2
2.9941,1.53,13.743,3.0479
3.0274,1.52,13.8051,2.9665
0.3381,0.17,0.1724,0.3329
3.0546,1.51,13.8373,2.9647
3.24,1.45,14.0941,3.1282
0.9329,0.5,1.3993,0.9678
3.178,1.49,14.2054,3.2931
3.0233,1.46,13.2421,3.0991
2.9932,1.49,13.3795,2.9
3.1098,1.47,13.714,3.0271
3.0585,1.49,13.6716,3.1313
3.0588,1.51,13.8562,3.0682
3.0456,1.51,13.7965,3.02
3.0624,1.51,13.8727,3.0422
3.0887,1.5,13.899,3.0067
1.0058,0.51,1.5388,0.9712
3.0728,1.49,13.7355,3.0962
2.7747,1.49,12.4028,2.8
0.0,0.0,0.0,0.0
3.1399,1.48,13.9412,3.1679
3.0644,1.51,13.8819,2.9672
2.9407,1.54,13.5859,2.5998
0.0,0.0,0.0,0.0
3.3288,1.49,14.8797,2.9876
2.9077,1.52,13.259,3.1833
0.0,0.0,0.0,0.0
3.2576,1.47,14.3662,3.8489
2.999,1.52,13.6754,2.7026
2.985,1.53,13.7011,2.9
2.9797,1.54,13.7664,3.0
3.1504,1.51,14.2711,3.0714
1.4598,0.73,3.197,1.4954
2.9394,1.49,13.139,2.5013
2.9922,1.46,13.1057,3.083
3.0103,1.51,13.6365,2.5
3.1221,1.51,14.1432,3.2971
2.9809,1.53,13.6823,2.9435
3.0745,1.5,13.835,3.0435
0.3902,0.2,0.2341,0.4286
3.0118,1.55,14.0047,3.0016
3.0794,1.5,13.8571,3.0519
3.1903,1.47,14.0692,3.1791
1.3172,0.67,2.6476,1.2742
2.9439,1.54,13.6008,2.8268
3.0166,1.5,13.5747,3.0378
1.1572,0.59,2.0482,1.0519
2.6604,1.33,10.6151,2.9339
2.1584,1.11,7.1876,2.3642
3.0493,1.49,13.6303,2.6
3.2259,1.46,14.1296,3.1747
3.1701,1.49,14.1702,3.4
2.6293,1.37,10.8066,2.9802
3.1083,1.55,14.4535,3.0
3.2196,1.48,14.2952,2.9
2.7732,1.52,12.6456,2.7
2.9508,1.49,13.1903,2.8388
3.0487,1.52,13.9022,3.0578
3.371,1.48,14.9674,3.5
3.0597,1.47,13.4931,3.0888
3.0165,1.53,13.8458,3.353
3.2662,1.49,14.6001,3.2364
3.0825,1.53,14.1485,3.0271
3.0989,1.5,13.9452,2.9545
2.9667,1.52,13.5281,2.9
2.9219,1.48,12.9732,2.8989
3.2202,1.5,14.4908,3.147
1.6256,0.84,4.0966,1.6104
2.983,1.52,13.6025,2.8725
3.1767,1.48,14.1044,3.2061
3.2023,1.45,13.93,3.0
3.0622,1.5,13.7797,3.2337
2.9116,1.48,12.9277,2.8652
3.0905,1.51,14.0001,2.9082
3.0746,1.49,13.7435,2.9402
3.1324,1.49,14.002,3.3
3.082,1.55,14.3314,2.6571
3.319,1.51,15.0349,3.2
3.0596,1.54,14.1352,3.0
3.2011,1.46,14.0208,3.1683
3.1648,1.49,14.1465,3.1852
2.8981,1.49,12.9543,2.9842
2.9803,1.53,13.6794,3.0843
2.9839,1.51,13.5169,3.0985
3.1002,1.52,14.1367,2.928
3.0905,1.48,13.7217,3.1954
2.9742,1.48,13.2055,3.1
0.0,0.0,0.0,0.0
2.9531,1.48,13.1118,3.0009
2.9066,1.51,13.1667,2.9989
3.2498,1.48,14.429,3.2794
0.0,0.0,0.0,0.0
2.8628,1.52,13.0542,2.8296
3.0137,1.53,13.833,2.9831
2.9852,1.52,13.6125,2.9848
3.0095,1.5,13.5429,3.1849
3.0302,1.51,13.7266,3.0009
3.3492,1.49,14.971,3.2125
3.2347,1.47,14.2649,3.3
3.1126,1.5,14.0068,3.0166
2.303,1.27,8.7745,2.4667
2.89,1.52,13.1782,2.6
0.9496,0.5,1.4244,0.9887
3.0155,1.48,13.3886,3.3177
3.025,1.53,13.8848,2.9005
3.0796,1.57,14.5048,3.0
3.0888,1.51,13.9923,3.2573
3.0902,1.48,13.7204,3.1
3.0872,1.5,13.8926,3.1704
2.9215,1.47,12.8838,2.9305
3.2805,1.48,14.5653,3.5463
3.1387,1.49,14.0299,3.128
3.1462,1.51,14.2525,2.9979
3.1784,1.51,14.398,3.1897
2.9231,1.49,13.0661,2.8494
3.1283,1.5,14.0774,3.1352
3.0241,1.52,13.7897,2.9232
2.7684,1.52,12.6237,3.1222
3.1069,1.49,13.8877,3.3722
3.0239,1.53,13.8797,3.2
0.3604,0.19,0.2054,0.3669
2.9383,1.5,13.2223,2.8
2.9245,1.52,13.3358,2.8962
3.1606,1.52,14.4125,3.0125
2.998,1.54,13.8508,2.9306
3.1865,1.5,14.3393,3.3
1.992,1.12,6.6932,1.8904
2.9507,1.51,13.3667,3.0
3.1853,1.49,14.2385,3.0947
3.001,1.5,13.5045,2.8
3.0625,1.52,13.9651,3.2688
0.0535,0.03,0.0048,0.0479
3.1318,1.46,13.7172,3.1858
2.9981,1.54,13.8514,3.0
3.0633,1.52,13.9685,3.1801
3.1033,1.47,13.6858,3.2
2.959,1.51,13.4044,3.0866
3.0021,1.54,13.8698,3.0005
3.0895,1.5,13.9028,3.1693
3.0818,1.52,14.0528,3.1755
3.1549,1.47,13.913,3.3253
2.9652,1.49,13.2544,2.7
0.5001,0.29,0.4351,0.5511
3.0495,1.51,13.8143,2.9362
3.1535,1.49,14.0962,3.1838
2.9089,1.5,13.09,2.8
3.194,1.5,14.3729,3.1349
3.0243,1.51,13.6999,3.2328
3.017,1.51,13.6669,2.9573
3.0261,1.54,13.9807,3.0106
3.2045,1.47,14.132,3.1683
2.9697,1.53,13.631,3.1379
2.6839,1.31,10.5479,2.9332
2.8815,1.56,13.4856,2.8693
3.2266,1.48,14.3263,3.4
3.3001,1.49,14.7513,3.3796
3.0911,1.46,13.5391,3.2035
1.7011,0.83,4.2358,1.81
3.125,1.51,14.1561,3.0471
3.1139,1.51,14.1058,3.108
3.0576,1.49,13.6674,2.6959
3.1178,1.52,14.217,3.1
3.0205,1.52,13.7733,2.9045
3.0336,1.51,13.742,2.8572
3.153,1.51,14.2832,3.2999
3.0559,1.53,14.0266,2.9
2.9682,1.52,13.5352,2.8231
0.0,0.0,0.0,0.0
3.3065,1.47,14.5816,3.0314
3.1007,1.46,13.581,3.1725
3.0375,1.51,13.7597,2.9465
3.0137,1.54,13.9232,3.0746
3.102,1.5,13.959,3.2537
3.1303,1.5,14.0862,2.8205
3.0315,1.49,13.551,3.2842
3.2549,1.49,14.5494,3.1548
3.0494,1.5,13.7223,3.1618
3.2164,1.5,14.4737,3.1837
3.4139,1.47,15.0553,3.4126
3.0361,1.52,13.8448,3.1346
3.0672,1.5,13.8024,3.149
2.2768,1.17,7.9916,2.0687
3.1485,1.5,14.1684,3.135
3.2786,1.49,14.6553,3.1801
3.0832,1.52,14.0596,3.1889
3.1834,1.48,14.1341,3.1154
2.8423,1.53,13.0463,2.9877
0.5983,0.29,0.5205,0.5406
0.0,0.0,0.0,0.0
3.073,1.48,13.6443,3.1698
3.1053,1.5,13.974,3.0018
0.0,0.0,0.0,0.0
3.3956,1.48,15.0763,3.1704
3.1898,1.48,14.1629,3.0785
3.0319,1.51,13.7347,3.0
2.9776,1.54,13.7564,2.9
3.0171,1.51,13.6673,2.9913
0.4736,0.24,0.341,0.4988
2.969,1.48,13.1826,2.8165
3.0374,1.52,13.8505,2.9932
3.0569,1.5,13.756,2.9918
2.1171,1.08,6.8593,2.3337
3.0437,1.52,13.8793,2.8791
1.6066,0.83,4.0005,1.6418
3.2116,1.48,14.2595,3.3791
1.1675,0.54,1.8913,1.0917
3.0365,1.51,13.7554,2.9891
3.0381,1.49,13.5802,3.2464
3.2475,1.5,14.6136,3.5207
3.1702,1.47,13.9804,3.2
3.1846,1.49,14.2352,3.4009
3.1154,1.51,14.1127,3.2488
3.0636,1.53,14.0621,3.2367
3.0591,1.49,13.674,2.9
3.19,1.5,14.3549,3.1381
3.0515,1.51,13.8235,2.8831
3.0445,1.52,13.883,3.1112
2.8919,1.53,13.2737,2.8212
0.0,0.0,0.0,0.0
2.6217,1.34,10.5393,2.5486
3.129,1.51,14.1742,3.2345
3.1869,1.49,14.2452,3.3
3.1095,1.5,13.9927,2.984
3.0184,1.54,13.9452,3.0353
3.0007,1.54,13.8634,3.0
3.052,1.52,13.9171,3.1543
2.9612,1.53,13.5918,3.0998
3.0745,1.53,14.1122,2.9379
3.0307,1.49,13.5471,2.943
3.0379,1.53,13.9442,3.0174
3.14,1.51,14.2244,3.3464
3.2025,1.47,14.1231,3.2951
3.0637,1.5,13.7867,2.6305
3.0018,1.5,13.508,3.1447
3.2346,1.5,14.5556,3.2
3.1914,1.5,14.3614,3.0346
3.0924,1.47,13.6377,3.2892
3.0637,1.51,13.8783,2.9653
3.2052,1.49,14.3273,3.0948
3.0927,1.5,13.9171,2.9843
2.9994,1.5,13.4972,3.0397
3.036,1.51,13.7529,3.1
0.0,0.0,0.0,0.0
3.0994,1.45,13.4826,3.5066
0.5867,0.28,0.4928,0.5848
2.9005,1.52,13.2262,2.9565
3.2115,1.49,14.3556,3.1523
2.8853,1.51,13.0704,2.9395
3.0839,1.51,13.97,2.9275
3.0725,1.46,13.4575,3.2529
3.1888,1.51,14.4455,3.1742
2.8271,1.51,12.8068,2.7067
2.8759,1.55,13.3728,2.959
3.3566,1.48,14.9034,3.2558
3.0302,1.5,13.6361,2.9032
3.0187,1.52,13.7652,3.1107
3.0302,1.49,13.5448,2.9443
2.7429,1.48,12.1784,2.6367
2.985,1.48,13.2535,2.995
3.0378,1.5,13.6702,3.078
1.0773,0.63,2.036,1.1235
3.2036,1.48,14.2239,2.9732
3.0694,1.51,13.9045,3.1689
3.2299,1.5,14.5346,3.3
0.0,0.0,0.0,0.0
3.24,1.48,14.3857,3.3418
3.0356,1.5,13.66,3.3382
2.9655,1.5,13.3449,2.9588
3.0669,1.48,13.6171,3.0
3.118,1.45,13.5634,3.2433
0.864,0.45,1.1665,0.834
3.1143,1.5,14.0145,3.1338
0.0,0.0,0.0,0.0
2.8741,1.48,12.7609,2.8293
3.2791,1.47,14.4609,3.4172
3.0174,1.55,14.031,2.7121
2.9182,1.47,12.8692,2.8
3.1097,1.51,14.0868,3.058
0.0,0.0,0.0,0.0
2.4126,1.26,9.1195,2.7241
3.0025,1.51,13.6014,2.8488
2.8813,1.52,13.1387,2.7066
3.0377,1.52,13.8519,2.9752
3.0407,1.49,13.592,3.2452
3.2478,1.52,14.8099,3.2406
3.106,1.51,14.0703,3.3058
3.2087,1.52,14.6315,3.1621
2.9992,1.54,13.8561,3.0163
2.9651,1.51,13.4319,2.849
3.0836,1.53,14.1539,3.0893
2.9384,1.55,13.6634,2.9776
3.1371,1.49,14.023,3.2572
2.9416,1.49,13.149,3.1484
3.2463,1.48,14.4135,3.2
3.1218,1.48,13.8609,3.1
2.9515,1.53,13.5474,2.8185
2.9338,1.53,13.4661,3.033
3.1518,1.46,13.805,3.0232
3.1076,1.52,14.1705,3.0
3.0288,1.51,13.7205,3.0303
3.3617,1.47,14.8252,3.3282
3.1146,1.48,13.8289,3.0953
3.0511,1.49,13.6386,3.0109
3.1295,1.48,13.8952,2.8895
3.3327,1.47,14.697,3.5783
2.9751,1.54,13.7447,3.0
3.2036,1.49,14.32,3.1828
3.1169,1.49,13.9327,3.2716
2.9931,1.52,13.6487,2.9997
2.8198,1.51,12.7735,2.7783
3.0209,1.54,13.9565,2.6703
2.9071,1.55,13.518,2.9
3.2429,1.49,14.4958,3.3176
2.6501,1.33,10.574,2.6454
3.0658,1.49,13.7043,3.0075
3.0786,1.5,13.8538,3.153
3.2606,1.49,14.5747,3.1854
2.3706,1.14,8.1075,2.375
2.9743,1.52,13.5628,3.004
3.215,1.47,14.1783,3.1469
3.2802,1.51,14.8595,3.3296
3.0128,1.52,13.7382,2.9
3.1028,1.49,13.8696,3.2246
3.0352,1.49,13.5673,2.8403
3.0269,1.46,13.258,2.9951
3.0726,1.5,13.8266,2.9
3.0991,1.51,14.0389,3.0
3.2605,1.49,14.5744,3.0223
3.2597,1.49,14.5706,3.3101
3.0741,1.52,14.0177,2.9582
3.1827,1.5,14.3223,3.3
3.2203,1.46,14.1049,3.3721
3.2736,1.49,14.633,3.2
3.0457,1.51,13.7968,2.9585
2.975,1.47,13.1195,2.8039
3.1454,1.51,14.2484,3.1471
3.0108,1.51,13.6389,3.0969
3.0527,1.5,13.7372,2.9166
3.1021,1.51,14.0527,3.0403
3.0724,1.51,13.9178,3.1506
2.9022,1.53,13.3212,2.784
3.0286,1.5,13.6288,3.1234
3.1109,1.5,13.9988,3.1029
1.2753,0.65,2.4868,1.4159
0.0,0.0,0.0,0.0
0.0,0.0,0.0,0.0
1.5546,0.78,3.6378,1.6884
3.0853,1.5,13.884,3.0693
0.0,0.0,0.0,0.0
3.2143,1.5,14.4645,3.0952
3.2288,1.49,14.4329,3.1887
3.2595,1.49,14.5702,3.2634
3.1836,1.49,14.2305,3.3023
3.1391,1.48,13.9375,3.1311
3.259,1.49,14.5679,3.2207
3.0401,1.54,14.0452,3.165
3.0221,1.52,13.781,2.9677
3.0912,1.49,13.8176,2.9298
3.0449,1.53,13.9759,3.1029
2.3372,1.27,8.9048,2.2425
2.9906,1.51,13.5473,2.9819
2.9332,1.5,13.1995,3.0
2.828,1.55,13.1501,2.6774
3.0281,1.52,13.8082,2.8007
3.1672,1.5,14.2525,3.32
3.2742,1.45,14.2426,3.19
3.1248,1.51,14.1553,3.2793
3.093,1.47,13.6399,3.1288
2.9415,1.52,13.4132,2.939
2.8499,1.55,13.2519,2.9975
3.0772,1.49,13.755,3.394
3.0558,1.51,13.8427,2.9644
3.1367,1.51,14.2094,3.1
3.0348,1.5,13.6568,2.8239
3.133,1.5,14.0985,3.2
3.266,1.47,14.4032,3.1316
3.1754,1.51,14.3848,3.2885
2.9299,1.55,13.6239,2.9946
2.907,1.49,12.9941,2.7179
3.0413,1.48,13.5033,3.0314
3.0679,1.52,13.9895,2.9
3.0596,1.53,14.0434,3.0893
3.0982,1.51,14.0347,3.0193
3.1438,1.47,13.864,3.1069
2.9138,1.55,13.5492,3.0
3.0334,1.5,13.6502,3.1712
3.2546,1.48,14.4505,3.4
3.0706,1.48,13.6334,2.9829
2.8583,1.51,12.9482,2.9371
3.1897,1.49,14.2581,3.2311
2.9992,1.52,13.6761,3.041
3.1021,1.53,14.2385,3.1012
1.965,1.02,6.0129,2.1187
3.2415,1.47,14.2949,3.1644
3.1435,1.49,14.0512,3.0156
3.0645,1.53,14.0659,3.062
3.0145,1.47,13.2939,2.8011
3.0603,1.53,14.047,3.0468
3.1814,1.49,14.2208,2.7939
3.0458,1.47,13.4318,2.9542
3.2405,1.47,14.2908,3.2252
3.2007,1.5,14.4033,3.1071
0.0,0.0,0.0,0.0
3.0511,1.51,13.8216,2.9
2.9978,1.51,13.58,3.0447
3.1551,1.48,14.0087,3.0345
3.2317,1.48,14.3487,3.4654
3.1194,1.5,14.0373,3.0
3.0544,1.46,13.3784,3.021
3.0298,1.54,13.9976,2.9143
3.1412,1.46,13.7582,3.0293
3.0941,1.53,14.202,3.0982
2.9819,1.5,13.4188,3.2
3.015,1.51,13.6578,2.9817
2.988,1.51,13.5354,2.9312
3.0141,1.53,13.8346,3.109
3.1474,1.49,14.0691,2.9998
3.241,1.48,14.39,3.2961
3.0507,1.49,13.6367,3.2052
2.9965,1.5,13.4843,2.893
2.9146,1.39,12.1538,2.9803
3.1422,1.5,14.14,2.9025
3.0558,1.51,13.8426,3.0547
3.0648,1.5,13.7917,3.0852
3.3977,1.49,15.1876,3.303
0.0,0.0,0.0,0.0
3.1282,1.52,14.2648,3.0847
3.0553,1.5,13.7487,3.1888
2.7691,1.53,12.71,2.5758
3.2161,1.44,13.8937,3.4305
3.0441,1.48,13.5157,2.9
2.948,1.52,13.4431,2.7714
3.0667,1.51,13.892,3.0634
3.1702,1.46,13.8855,3.1191
3.1845,1.49,14.2348,3.2091
3.0169,1.5,13.5759,2.9
3.1173,1.49,13.9342,3.0093
2.7886,1.53,12.7998,2.7456
3.1954,1.48,14.1878,3.0
3.179,1.5,14.3054,3.3
2.9089,1.54,13.439,2.8117
3.147,1.47,13.8785,3.1962
3.0983,1.5,13.9425,3.1286
3.0459,1.5,13.7065,3.1
3.2304,1.47,14.2462,3.2211
3.1201,1.47,13.7597,2.9238
2.4568,1.23,9.0657,2.7493
2.9472,1.52,13.4391,2.6243
3.0454,1.49,13.6128,3.1175
2.9071,1.52,13.2565,2.7729
2.7097,1.38,11.2182,2.7003
3.1435,1.52,14.3344,3.3038
0.0,0.0,0.0,0.0
3.1301,1.49,13.9917,3.1044
3.1104,1.52,14.1833,3.0253
3.0769,1.52,14.0305,3.001
3.1459,1.51,14.251,3.0903
0.9735,0.56,1.6355,0.98
2.87,1.55,13.3454,2.992
3.0677,1.48,13.6207,3.1474
2.1134,1.12,7.1011,2.1224
3.1896,1.5,14.353,3.1801
3.223,1.48,14.3103,3.0849
3.0403,1.53,13.9548,3.074
3.1563,1.45,13.7298,3.1768
3.0108,1.52,13.729,2.908
3.154,1.47,13.9093,3.0886
2.8276,1.52,12.8938,2.84
2.9812,1.49,13.3261,3.0
3.0086,1.5,13.5388,2.8663
3.113,1.51,14.1017,3.2
3.3191,1.49,14.8365,3.3318
3.1922,1.5,14.3649,3.6049
3.0095,1.52,13.7235,2.8935
3.1047,1.48,13.7847,3.1528
3.1067,1.53,14.26,3.1073
3.0525,1.5,13.7361,3.2
2.9664,1.51,13.4378,2.878
3.1963,1.5,14.3832,3.2484
1.2055,0.56,2.0252,1.1342
3.2546,1.49,14.5479,3.0598
3.0338,1.51,13.7432,3.0
3.2458,1.49,14.5086,3.2467
3.2558,1.45,14.1626,3.2209
2.8984,1.5,13.0428,3.0309
2.9707,1.53,13.6357,2.9907
3.0342,1.51,13.7451,2.9467
3.1569,1.49,14.1115,3.1848
3.0132,1.52,13.7403,3.0908
3.1105,1.46,13.6238,3.1162
2.7025,1.53,12.4045,2.6
2.9859,1.48,13.2574,3.0356
3.0777,1.49,13.7572,3.0725
3.043,1.51,13.7848,2.9485
3.2583,1.48,14.4668,2.9218
2.9612,1.49,13.2368,2.7319
3.024,1.54,13.9709,2.8441
3.2381,1.48,14.3772,2.9655
3.0324,1.53,13.9188,3.0007
3.2981,1.49,14.7423,3.3041
3.0078,1.55,13.9861,2.999
3.0249,1.5,13.6121,2.8514
3.0905,1.5,13.9071,3.1179
3.1936,1.45,13.8922,3.1332
3.0933,1.5,13.9197,3.092
3.1326,1.5,14.0968,3.2953
3.1293,1.47,13.8001,3.3186
3.271,1.49,14.6212,3.4109
3.0805,1.51,13.9545,3.1962
3.1064,1.49,13.8858,2.99
3.0445,1.53,13.9744,3.1
3.1768,1.49,14.2005,2.9436
3.3333,1.49,14.9,3.4346
2.9885,1.52,13.6276,2.9457
2.9624,1.51,13.4197,3.1624
3.1507,1.47,13.8948,3.0208
3.0487,1.52,13.9021,3.0
0.0,0.0,0.0,0.0
3.1939,1.47,14.0851,3.1282
3.1159,1.5,14.0215,3.1683
3.0453,1.47,13.4297,3.1621
3.0815,1.48,13.6819,3.0055
1.8498,0.99,5.494,1.7508
3.0567,1.52,13.9385,3.1587
1.575,0.78,3.6854,1.6529
3.1884,1.5,14.3479,2.7956
2.8655,1.44,12.3789,2.5737
3.0446,1.48,13.5181,3.0599
3.2213,1.45,14.0125,3.1
2.825,1.55,13.136,2.9276
2.9548,1.52,13.4741,2.8771
2.8461,1.5,12.8073,2.7924
2.9745,1.49,13.296,3.0337
3.0061,1.48,13.3469,3.1454
2.8859,1.52,13.1598,3.0112
3.2916,1.48,14.6149,3.1928
3.2103,1.48,14.2537,3.0978
3.0049,1.54,13.8824,2.8462
3.1353,1.5,14.1089,3.2998
2.9811,1.48,13.236,2.7517
0.0,0.0,0.0,0.0
3.3059,1.46,14.4796,3.2
3.0314,1.51,13.7324,3.0894
3.0513,1.47,13.456,3.1617
3.0795,1.5,13.8578,2.8
0.0,0.0,0.0,0.0
2.2776,1.23,8.4044,2.4773
3.0153,1.49,13.4786,2.9911
2.8404,1.5,12.7818,2.8705
2.9868,1.53,13.7095,3.0658
3.0071,1.47,13.2614,3.0903
3.1125,1.48,13.8196,2.9207
3.173,1.51,14.3736,3.2439
0.0,0.0,0.0,0.0
3.092,1.46,13.543,3.1268
3.3096,1.48,14.6946,3.4784
2.9979,1.54,13.8502,2.748
1.4901,0.75,3.3527,1.4473
1.104,0.55,1.8216,1.0833
0.0,0.0,0.0,0.0
3.167,1.47,13.9666,3.1841
3.1075,1.5,13.9838,3.0006
3.1231,1.49,13.9603,2.96
3.1075,1.51,14.0771,3.0776
3.0387,1.52,13.8566,2.925
3.2052,1.48,14.2312,3.201
0.6342,0.31,0.5898,0.6657
1.8822,0.93,5.2514,1.9763
2.8586,1.53,13.1212,3.0187
3.0431,1.53,13.968,2.98
3.2233,1.51,14.6014,3.5045
3.1162,1.5,14.0231,3.013
3.038,1.52,13.8532,2.9367
2.9577,1.44,12.7773,2.9151
2.9575,1.53,13.5749,2.9874
3.0649,1.53,14.0681,2.9141
0.4823,0.24,0.3473,0.4665
3.0605,1.51,13.864,2.8489
0.0,0.0,0.0,0.0
3.2179,1.49,14.3841,2.9534
3.0919,1.5,13.9135,3.1545
3.144,1.49,14.0538,3.0935
2.8677,1.52,13.0765,2.9956
1.8336,0.91,5.0056,1.9947
3.0706,1.49,13.7255,2.9747
2.8833,1.51,13.0615,2.9161
2.9246,1.49,13.0729,3.0466
3.3577,1.5,15.1096,3.4123
3.2305,1.47,14.2463,3.4
3.0246,1.52,13.7921,2.6853
3.0056,1.52,13.7054,3.1616
2.8839,1.5,12.9774,2.6843
3.0967,1.47,13.6566,2.9438
3.0327,1.53,13.9202,2.7762
3.1031,1.52,14.1503,3.2
3.068,1.52,13.99,3.0066
3.2149,1.48,14.2741,3.2998
3.1303,1.46,13.7106,3.1405
3.1571,1.49,14.1124,3.0041
3.0391,1.53,13.9494,2.9642
3.1346,1.49,14.0117,3.1
2.9121,1.46,12.755,3.0854
3.3651,1.5,15.1428,3.5417
3.1123,1.51,14.0986,3.1167
3.0674,1.51,13.8954,3.1974
3.139,1.48,13.9371,3.2712
2.8885,1.52,13.1715,2.8535
3.1697,1.5,14.2638,3.4037
2.7488,1.47,12.1221,2.8621
3.0723,1.53,14.1019,3.0682
3.1892,1.48,14.1601,3.0247
3.128,1.47,13.7945,2.9925
0.0,0.0,0.0,0.0
3.1657,1.52,14.4356,3.3052
3.1393,1.5,14.1271,3.3194
3.1022,1.48,13.7736,3.1
3.0145,1.51,13.6557,2.9
3.1163,1.51,14.117,3.0
2.9869,1.52,13.6202,2.9922
2.8295,1.54,13.0721,2.5106
3.2646,1.45,14.2011,3.25
3.0996,1.47,13.6691,3.1174
0.0,0.0,0.0,0.0
2.9681,1.54,13.7124,2.8271
0.0,0.0,0.0,0.0
2.9166,1.53,13.3873,2.8612
3.1807,1.49,14.2177,3.2
2.9936,1.49,13.3815,2.9454
2.8087,1.52,12.8077,2.7002
3.0922,1.51,14.0076,2.9014
3.0045,1.5,13.5202,2.947
3.0519,1.52,13.9169,3.0132
3.2103,1.46,14.0613,3.2
3.1045,1.49,13.8771,3.8943
2.9638,1.5,13.3371,3.1176
3.3062,1.49,14.7788,2.6438
3.0428,1.52,13.8753,3.1209
3.0396,1.52,13.8607,2.958
3.0968,1.48,13.7497,3.2971
3.1733,1.49,14.1848,3.2
3.1816,1.49,14.222,3.1294
3.1303,1.49,13.9923,2.8985
3.2359,1.47,14.2704,3.2524
3.2252,1.49,14.4167,3.1239
2.1436,1.12,7.2025,2.0755
3.1547,1.51,14.2906,3.3
3.2853,1.47,14.4881,3.1387
3.0272,1.52,13.804,3.0
2.9974,1.54,13.8478,3.0
3.1705,1.5,14.2672,3.1299
3.2203,1.46,14.1048,3.2962
3.0953,1.45,13.4646,3.0
1.5707,0.82,3.8639,1.6109
3.1036,1.49,13.873,2.8997
3.2025,1.5,14.4113,3.0962
3.1705,1.47,13.9818,3.3
2.8344,1.5,12.7549,2.6461
3.1707,1.49,14.1729,3.3443
3.2984,1.45,14.3482,3.2157
2.997,1.46,13.127,3.0948
3.0742,1.51,13.9263,3.1
3.0074,1.52,13.7135,3.0
3.1733,1.48,14.0896,3.2483
3.0024,1.53,13.781,2.5047
3.1777,1.47,14.0139,3.17
3.0555,1.49,13.6582,3.2
2.9582,1.52,13.4893,3.1271
2.9326,1.51,13.2847,2.6967
3.1345,1.5,14.1055,3.2822
0.0,0.0,0.0,0.0
3.1409,1.51,14.2284,3.2517
3.097,1.49,13.8435,3.0485
3.1091,1.48,13.8042,3.1
2.7843,1.53,12.7801,2.7975
3.3789,1.49,15.1036,3.5019
3.0381,1.51,13.7625,2.934
2.874,1.52,13.1057,3.128
3.0253,1.51,13.7045,3.3492
3.0726,1.52,14.0111,3.0023
3.0444,1.53,13.9737,3.1
3.2805,1.47,14.467,3.2832
2.9978,1.49,13.4002,3.0
3.0724,1.48,13.6414,3.0224
3.2374,1.47,14.2768,3.2387
2.9812,1.54,13.7733,3.1933
3.0628,1.46,13.4151,3.0031
3.0959,1.53,14.21,3.0
3.24,1.49,14.4826,3.0137
3.099,1.5,13.9455,2.8551
3.0849,1.49,13.7893,3.0274
3.1663,1.45,13.7734,3.3303
3.0482,1.49,13.6255,3.0753
2.7916,1.5,12.5624,2.7333
1.5587,0.8,3.7409,1.4773
3.276,1.5,14.7422,3.4018
2.7687,1.52,12.6253,2.8746
3.003,1.5,13.5137,2.8662
3.3094,1.48,14.6936,3.2396
3.0853,1.51,13.9763,3.2
3.0557,1.5,13.7508,3.0093
3.0344,1.51,13.746,3.0736
3.0146,1.52,13.7466,2.9529
3.144,1.5,14.1479,3.1
3.1075,1.5,13.9838,3.0
3.1971,1.48,14.195,3.4038
3.059,1.54,14.1325,2.7376
3.1297,1.51,14.1775,3.2083
3.1582,1.48,14.0225,3.2256
3.1589,1.51,14.3098,2.7169
3.014,1.53,13.8343,3.0836
3.1291,1.53,14.3625,2.9853
3.0074,1.51,13.6235,3.3709
3.2456,1.47,14.3133,3.2974
1.966,1.01,5.9569,1.968
2.986,1.53,13.7059,2.9315
0.6657,0.34,0.679,0.6769
3.0212,1.51,13.6862,3.025
1.4061,0.7,2.9528,1.5169
3.0954,1.52,14.115,3.2669
0.7628,0.38,0.8696,0.6177
3.2265,1.52,14.713,3.3361
3.2636,1.47,14.3926,3.0382
3.1033,1.49,13.8719,3.0213
2.9803,1.52,13.5904,2.5417
3.0414,1.52,13.8688,3.0431
3.1177,1.5,14.0295,3.1
3.1483,1.47,13.8841,3.1
3.0402,1.51,13.772,3.1053
3.2185,1.45,14.0004,3.2019
3.258,1.48,14.4657,3.4
3.1115,1.5,14.0019,3.192
3.1265,1.5,14.0693,3.1916
3.0604,1.46,13.4046,2.9039
3.2224,1.45,14.0172,3.2577
2.672,1.33,10.6615,2.6163
0.0,0.0,0.0,0.0
3.0149,1.52,13.7478,2.9914
0.0,0.0,0.0,0.0
3.0905,1.48,13.722,3.0574
2.9496,1.47,13.0079,2.8016
3.052,1.51,13.8257,3.0
3.1401,1.49,14.0362,3.1984
0.0,0.0,0.0,0.0
2.9873,1.52,13.622,3.2314
3.082,1.51,13.9614,3.0406
3.272,1.48,14.5277,3.2209
2.9758,1.49,13.3018,3.0
2.9933,1.52,13.6495,2.9549
2.7335,1.51,12.3826,2.7124
3.0369,1.5,13.6659,3.0
3.276,1.5,14.7422,3.2078
0.0,0.0,0.0,0.0
2.87,1.53,13.1735,2.7629
3.1332,1.49,14.0056,3.0928
3.0172,1.52,13.7586,3.052
3.1373,1.51,14.2122,2.9917
1.9595,1.04,6.1137,1.9553
2.9286,1.52,13.3543,3.2806
3.1184,1.51,14.1264,3.1076
1.7238,0.92,4.7576,1.6943
3.0787,1.49,13.7619,3.0508
2.9853,1.51,13.5235,3.1644
3.1968,1.5,14.3855,3.2
0.0,0.0,0.0,0.0
3.1401,1.49,14.036,3.0206
2.9697,1.48,13.1856,2.9976
3.1401,1.51,14.2247,3.1
3.2284,1.51,14.6245,3.3827
2.9859,1.53,13.7053,2.9901
3.0944,1.52,14.1106,3.1088
0.5483,0.29,0.477,0.6078
3.0107,1.53,13.8193,3.0338
0.0,0.0,0.0,0.0
3.0567,1.53,14.0304,3.1995
3.1114,1.51,14.0948,3.0187
3.1337,1.5,14.1015,3.29
3.2641,1.44,14.1011,3.1156
3.108,1.48,13.7994,3.1
3.1117,1.48,13.8159,3.0703
3.1644,1.5,14.2396,3.049
3.0477,1.52,13.8975,2.8028
3.1621,1.45,13.755,3.1332
2.8551,1.5,12.8482,2.8
1.5867,0.86,4.0937,1.5125
0.132,0.07,0.0277,0.13
3.2014,1.49,14.3103,3.3852
3.0731,1.5,13.8287,3.0772
3.0256,1.51,13.7061,3.0
3.379,1.5,15.2053,3.1021
3.1256,1.48,13.8776,3.2265
3.0495,1.5,13.7229,2.9419
2.9232,1.49,13.0665,3.0409
3.0067,1.5,13.5302,2.8404
3.0491,1.47,13.4464,3.0
2.9155,1.55,13.557,3.0382
3.1784,1.48,14.1123,3.1
3.0152,1.5,13.5685,3.3302
3.0208,1.54,13.9562,3.1104
3.133,1.47,13.8167,3.062
3.1153,1.48,13.8319,3.0096
3.0691,1.46,13.4428,3.0685
3.0581,1.52,13.945,3.108
3.0957,1.5,13.9309,3.0182
2.9075,1.56,13.6071,2.891
3.0449,1.49,13.6108,3.1832
2.9409,1.51,13.3224,3.1082
3.0059,1.48,13.3462,3.036
2.9045,1.52,13.2444,2.8204
3.1558,1.46,13.8225,3.0
2.929,1.49,13.0926,3.0
3.0698,1.5,13.8141,2.9
3.0148,1.48,13.3857,2.972
3.0455,1.51,13.796,2.9
3.1726,1.5,14.2765,3.1993
3.0059,1.52,13.7069,3.0
2.6971,1.52,12.299,2.722
3.0875,1.51,13.9865,2.9549
2.9257,1.5,13.1655,3.1561
3.2019,1.5,14.4086,3.1112
3.1712,1.5,14.2704,3.0048
3.1164,1.53,14.3042,3.0461
0.0,0.0,0.0,0.0
2.6594,1.52,12.1269,2.4881
3.1318,1.51,14.1871,2.8988
3.0334,1.53,13.9234,3.085
3.2509,1.47,14.3363,3.2
3.1166,1.5,14.0247,3.1011
2.4483,1.17,8.5936,2.317
3.1528,1.5,14.1875,2.9864
2.9708,1.53,13.6359,2.8744
2.9272,1.43,12.5579,2.8672
3.0329,1.53,13.921,3.1
3.1235,1.48,13.8683,3.0095
2.9145,1.51,13.2026,2.9331
2.9549,1.49,13.2082,2.9
3.3242,1.49,14.8592,3.2578
3.1338,1.48,13.914,3.2452
1.1757,0.63,2.222,1.1884
3.0783,1.5,13.8522,3.0725
2.9715,1.5,13.3719,3.0156
2.8791,1.5,12.956,3.08
2.9868,1.48,13.2612,2.9535
2.9804,1.54,13.7696,3.0
3.143,1.49,14.0493,3.1802
3.0233,1.52,13.7863,3.4166
3.2659,1.46,14.3047,3.0482
3.0806,1.51,13.955,3.3
3.0839,1.47,13.5998,3.1982
2.978,1.49,13.3118,2.9
3.214,1.48,14.2701,3.0756
3.1611,1.51,14.3199,3.2832
3.0515,1.5,13.7319,3.0018
3.1505,1.49,14.0827,3.29
3.0453,1.52,13.8867,3.0319
3.1485,1.46,13.7906,3.162
2.5517,1.35,10.3343,2.6937
2.994,1.54,13.8323,2.9931
3.0952,1.5,13.9285,3.0163
2.923,1.52,13.329,2.9544
2.9355,1.54,13.5618,2.7474
2.9036,1.53,13.3277,2.8936
2.8236,1.52,12.8756,3.0049
2.9701,1.51,13.4547,2.8428
3.1494,1.51,14.2666,3.2376
0.74,0.38,0.8436,0.7678
3.0529,1.51,13.8299,3.0616
3.0349,1.48,13.4749,3.0693
3.1917,1.46,13.9797,3.2932
3.0489,1.52,13.9032,2.9
3.29,1.48,14.6074,3.1421
3.0309,1.52,13.8207,3.2
3.0053,1.49,13.4337,3.1027
2.8978,1.54,13.3879,2.9562
3.0762,1.51,13.9351,3.1092
3.0918,1.49,13.8202,3.3011
3.2371,1.49,14.4699,3.0
3.0516,1.47,13.4573,2.9903
0.0,0.0,0.0,0.0
3.2163,1.46,14.0874,2.993
0.3604,0.18,0.1946,0.3159
3.2191,1.49,14.3894,3.125
0.0,0.0,0.0,0.0
3.2229,1.5,14.5029,3.2147
2.5891,1.29,10.02,2.4196
3.0468,1.54,14.0763,2.9
3.0186,1.53,13.8555,2.9784
2.939,1.54,13.5783,2.8038
2.9769,1.52,13.5746,3.1699
2.996,1.54,13.8414,3.1796
3.038,1.47,13.3975,3.3
1.2702,0.66,2.515,1.1429
3.0346,1.5,13.6556,2.9379
3.0054,1.51,13.6146,3.1988
3.0241,1.5,13.6086,3.0183
3.1422,1.48,13.9512,3.0349
3.0735,1.47,13.554,2.9885
0.6852,0.36,0.7401,0.6973
2.9978,1.47,13.2201,2.9535
3.0399,1.48,13.4973,2.9995
3.0964,1.5,13.9339,2.9
3.0733,1.51,13.9219,2.9094
2.8381,1.52,12.9418,2.7702
2.5711,1.28,9.873,2.5282
3.0059,1.5,13.5264,3.1
3.1161,1.49,13.9292,3.1305
0.0,0.0,0.0,0.0
3.194,1.51,14.469,3.2038
3.2044,1.5,14.4199,3.1422
3.0616,1.53,14.0527,2.9722
3.2908,1.46,14.4139,3.4275
3.0355,1.5,13.6599,3.0088
3.0291,1.53,13.9037,3.1344
2.9406,1.5,13.2326,3.1604
3.1676,1.5,14.2544,3.2371
3.2097,1.49,14.3474,3.4246
3.1471,1.47,13.8786,3.1747
3.1426,1.47,13.859,3.0841
3.0245,1.46,13.2471,3.1009
3.1238,1.5,14.0571,3.3
3.0094,1.5,13.5424,2.9028
2.992,1.51,13.5539,3.0
3.0569,1.52,13.9393,3.2219
3.075,1.49,13.7455,3.2931
0.3452,0.17,0.176,0.3234
2.913,1.55,13.5453,2.976
3.0508,1.52,13.9116,3.1
3.061,1.51,13.8663,3.0
3.019,1.5,13.5857,3.1
3.0084,1.49,13.4476,3.0557
2.9344,1.51,13.2928,2.7663
0.0,0.0,0.0,0.0
2.3816,1.23,8.7881,2.3408
3.0579,1.48,13.5772,2.8013
3.1035,1.5,13.9656,2.9807
3.1961,1.51,14.4783,3.2001
3.3353,1.48,14.8087,3.0119
3.0853,1.49,13.7914,3.1939
3.1813,1.47,14.0296,3.3586
2.9384,1.53,13.4872,2.8613
3.2388,1.49,14.4773,2.629
3.1344,1.48,13.9169,2.9418
3.1362,1.51,14.2068,3.1
2.9953,1.52,13.6584,3.0457
2.7371,1.54,12.6453,2.5
3.0366,1.52,13.8468,3.2643
2.9625,1.54,13.6865,3.0936
3.3,1.48,14.6518,3.3
3.1788,1.5,14.3046,3.1387
3.1874,1.49,14.2479,2.992
3.0896,1.5,13.9034,2.9815
3.1116,1.52,14.1891,3.1787
3.0397,1.5,13.6788,3.0
3.246,1.49,14.5097,3.2637
2.9374,1.53,13.4827,2.6341
3.1923,1.48,14.174,3.1729
2.9204,1.52,13.3169,2.8141
3.08,1.46,13.4902,3.0848
3.0285,1.52,13.8098,3.0243
2.9914,1.46,13.1023,2.957
0.0,0.0,0.0,0.0
2.9591,1.49,13.2273,2.6147
0.7731,0.39,0.9045,0.727
3.0669,1.51,13.8932,2.98
3.183,1.45,13.846,3.0108
0.0,0.0,0.0,0.0
3.1386,1.48,13.9352,3.1371
0.0,0.0,0.0,0.0
0.0592,0.03,0.0053,0.0543
3.2201,1.46,14.1039,3.2109
2.8686,1.51,12.9947,2.8703
3.1855,1.48,14.1434,3.1739
2.968,1.5,13.356,2.9031
0.0,0.0,0.0,0.0
3.1496,1.46,13.7954,3.2
3.1667,1.46,13.8702,3.2004
3.1735,1.47,13.9949,3.0836
2.9593,1.49,13.2279,3.2832
3.0728,1.45,13.3667,2.865
3.2646,1.47,14.3969,3.4144
3.1964,1.5,14.3839,3.3011
3.2256,1.5,14.5152,3.2169
0.0,0.0,0.0,0.0
3.0426,1.5,13.6919,3.0742
3.224,1.49,14.4111,3.3587
3.1726,1.46,13.8962,3.2527
3.2841,1.48,14.5813,3.3123
3.1897,1.48,14.1623,3.3936
3.0374,1.5,13.6685,2.8972
3.1035,1.52,14.1519,3.0325
2.9888,1.48,13.2701,3.1086
3.1062,1.52,14.1644,3.0185
3.1296,1.5,14.0832,3.0
3.0416,1.5,13.6871,2.8356
3.1152,1.5,14.0186,3.3149
0.0,0.0,0.0,0.0
2.8642,1.5,12.8891,3.1249
3.077,1.51,13.9388,3.2339
3.0891,1.49,13.8081,2.8798
3.0209,1.53,13.8658,3.1
2.9929,1.51,13.5577,3.0219
3.286,1.49,14.6884,3.4676
3.1051,1.47,13.6936,3.2325
2.9976,1.46,13.1297,2.9389
3.1602,1.49,14.1261,3.1125
3.0663,1.51,13.8904,2.5807
2.9402,1.5,13.2307,2.9
3.2096,1.49,14.3467,3.289
0.0,0.0,0.0,0.0
0.0,0.0,0.0,0.0
3.1448,1.51,14.2459,3.1712
3.3447,1.48,14.8503,3.3587
3.0592,1.49,13.6745,2.9983
3.2385,1.48,14.3789,3.1141
3.1808,1.51,14.409,3.1834
3.4315,1.47,15.133,3.91
3.166,1.5,14.2472,3.1
3.1471,1.5,14.1621,3.1484
3.1792,1.47,14.0201,3.4153
3.1193,1.49,13.9432,3.116
3.1791,1.49,14.2107,3.0655
3.0476,1.53,13.9884,3.1634
3.0624,1.49,13.6888,3.0122
3.0556,1.51,13.8419,2.9416
0.1163,0.06,0.0209,0.1295
0.0,0.0,0.0,0.0
3.1276,1.5,14.0742,3.2688
3.0175,1.53,13.8502,2.9868
3.0269,1.51,13.7119,3.3
0.0,0.0,0.0,0.0
3.0013,1.51,13.596,3.238
3.1807,1.46,13.9313,3.2615
3.0517,1.46,13.3665,2.9436
3.2212,1.46,14.1087,3.2747
3.0412,1.51,13.7767,2.8385
3.1492,1.49,14.077,3.2481
3.1608,1.48,14.0339,2.8678
3.0925,1.53,14.1944,3.1
3.0415,1.52,13.8693,3.0104
3.0738,1.51,13.9244,3.0553
3.0424,1.49,13.5997,3.1423
3.1758,1.48,14.1007,3.191
3.1681,1.5,14.2564,3.2182
3.127,1.52,14.2589,3.1
3.0887,1.49,13.8067,3.0321
3.1234,1.5,14.0554,3.257
3.1124,1.5,14.0056,3.1917
2.9605,1.54,13.6777,3.1048
0.3402,0.19,0.1939,0.3741
3.077,1.51,13.9389,2.8867
3.1884,1.45,13.8696,3.1
3.0469,1.52,13.8938,2.8081
3.131,1.5,14.0893,3.0694
2.9957,1.53,13.7503,2.8847
2.3131,1.2,8.3271,2.4172
3.0031,1.54,13.8742,2.9867
3.0643,1.46,13.4216,3.1593
3.2192,1.5,14.4862,3.3
3.138,1.5,14.1209,3.1785
2.9048,1.53,13.3331,2.6731
2.9255,1.55,13.6035,3.0
2.884,1.48,12.8048,3.1
3.0959,1.51,14.0246,2.9082
2.7327,1.51,12.379,2.7101
3.2287,1.5,14.5292,3.1309
3.0694,1.51,13.9042,3.1686
3.1807,1.51,14.4084,3.1147
3.1747,1.48,14.0955,3.2027
2.99,1.54,13.8136,2.9063
3.0759,1.51,13.9336,3.0016
2.9387,1.51,13.3125,2.9239
2.9712,1.52,13.5485,2.799
3.2886,1.48,14.6014,3.4546
3.04,1.51,13.7713,3.0932
3.0928,1.47,13.6392,3.0246
3.1955,1.48,14.1879,3.474
2.8633,1.39,11.94,2.5414
3.0231,1.51,13.6946,3.1706
3.0878,1.49,13.8023,3.1892
3.0081,1.5,13.5363,3.1
3.2311,1.5,14.54,3.2
3.051,1.5,13.7293,3.1
3.1225,1.49,13.9577,3.1452
2.7952,1.52,12.7461,2.6005
2.9076,1.47,12.8225,3.0527
2.8725,1.55,13.3571,2.7191
3.0852,1.46,13.513,3.1522
2.8282,1.52,12.8967,2.9761
3.0225,1.48,13.4198,3.0787
3.0624,1.51,13.8729,3.0488
3.2184,1.49,14.3863,3.2575
0.0,0.0,0.0,0.0
3.0768,1.5,13.8458,2.9504
3.2479,1.47,14.3234,3.4
3.2123,1.49,14.3589,3.2
2.8995,1.49,12.9609,3.1
2.9971,1.55,13.9364,2.9
3.1201,1.5,14.0406,3.0
2.967,1.51,13.4406,2.919
3.0325,1.53,13.919,3.0989
3.16,1.46,13.841,3.5
2.9897,1.54,13.8123,3.0995
3.0959,1.48,13.7459,2.9284
2.6791,1.51,12.1364,2.4651
3.1354,1.51,14.2032,3.0045
2.9878,1.54,13.8036,3.0
1.7663,0.9,4.7689,1.8243
3.1973,1.49,14.2921,3.1247
3.1664,1.5,14.2488,2.9334
3.1644,1.49,14.1449,3.4
3.3671,1.48,14.95,3.6
3.0623,1.53,14.0558,2.9931
3.0321,1.54,14.0081,2.9
2.9676,1.52,13.5322,2.968
0.0931,0.05,0.014,0.0897
3.1777,1.49,14.2043,3.3718
0.0,0.0,0.0,0.0
3.0296,1.51,13.7241,3.0525
3.1534,1.5,14.1903,3.4053
2.8465,1.53,13.0655,2.5308
0.0,0.0,0.0,0.0
3.132,1.53,14.3757,3.2228
2.7411,1.52,12.4994,2.7243
0.0,0.0,0.0,0.0
2.6908,1.56,12.5929,2.7748
3.0624,1.48,13.5972,2.8565
0.0,0.0,0.0,0.0
3.0908,1.52,14.0942,3.1
2.7335,1.4,11.4808,2.7374
0.0,0.0,0.0,0.0
3.0191,1.53,13.8577,2.8899
3.0804,1.49,13.7694,2.9953
3.3363,1.47,14.7131,3.5335
3.4626,1.48,15.3738,3.5881
3.0532,1.52,13.9224,3.1
2.9755,1.52,13.5683,3.0661
3.0093,1.47,13.2712,2.9047
0.7324,0.35,0.769,0.572
0.2483,0.14,0.1043,0.2905
3.0448,1.53,13.9757,3.1084
3.2371,1.44,13.9841,3.4
3.1523,1.5,14.1854,3.4963
3.0347,1.53,13.9291,2.9877
2.9787,1.5,13.404,2.8866
2.9932,1.54,13.8287,2.9
3.0144,1.48,13.384,2.9533
3.128,1.46,13.7008,3.1697
3.1138,1.47,13.7318,3.292
2.9085,1.41,12.3031,3.1092
3.01,1.52,13.7256,3.0274
2.8794,1.55,13.3893,3.0092
3.0485,1.5,13.7183,2.8974
3.2162,1.47,14.1835,3.1958
0.0,0.0,0.0,0.0
2.9676,1.51,13.4434,3.1567
3.1828,1.44,13.7495,3.3279
3.0329,1.53,13.9212,3.0098
2.8255,1.52,12.8844,3.0129
0.7938,0.4,0.9526,0.7657
3.024,1.51,13.6988,2.8727
3.0564,1.51,13.8455,2.842
2.9036,1.55,13.5017,2.8423
3.2003,1.47,14.1131,2.806
3.01,1.52,13.7254,3.0696
3.253,1.48,14.4435,3.2035
3.1593,1.5,14.2167,3.3
0.0,0.0,0.0,0.0
3.2008,1.5,14.4036,3.121
3.1758,1.48,14.1006,3.549
3.2788,1.45,14.263,3.2401
3.1446,1.52,14.3393,3.0554
2.7497,1.51,12.4561,2.6486
1.4924,0.75,3.358,1.5015
3.1346,1.51,14.1995,3.2997
0.4455,0.23,0.3074,0.4869
2.5652,1.34,10.312,2.74
3.0206,1.5,13.5928,2.8514
3.1472,1.46,13.7847,3.2143
3.2185,1.49,14.3866,3.1925
3.2222,1.49,14.403,2.6081
3.0724,1.5,13.8256,2.981
3.0032,1.54,13.8747,3.393
3.0143,1.49,13.4738,2.8551
0.8693,0.45,1.1735,0.8623
2.9402,1.53,13.4957,3.0175
3.2776,1.47,14.4544,3.2828
2.9255,1.55,13.6034,2.7709
3.0762,1.5,13.8431,3.1321
3.0785,1.43,13.2069,2.9877
1.2383,0.57,2.1175,1.2461
3.0575,1.53,14.034,2.8528
2.145,1.09,7.0141,2.3943
3.1404,1.46,13.755,3.0636
3.167,1.52,14.4415,3.2402
2.9442,1.49,13.1607,3.0027
0.0187,0.01,0.0006,0.0168
3.0355,1.51,13.7509,3.0408
3.042,1.51,13.7802,2.9985
2.7238,1.52,12.4204,2.6007
3.1428,1.49,14.0483,3.3004
1.8867,1.05,5.943,1.9887
2.9944,1.54,13.834,3.1444
3.0087,1.49,13.4489,3.0882
2.9327,1.56,13.7253,2.8595
2.7419,1.51,12.4207,2.6631
3.2942,1.46,14.4285,3.2922
3.1354,1.46,13.7329,3.2069
3.2324,1.48,14.3517,3.0739
3.1055,1.47,13.6952,3.0581
3.1928,1.47,14.0802,3.179
2.973,1.47,13.111,3.0717
3.211,1.49,14.3532,3.2468
3.1344,1.51,14.1989,3.1
3.0152,1.51,13.659,2.9962
0.0,0.0,0.0,0.0
3.0867,1.48,13.7047,3.0
2.9652,1.51,13.4322,2.9979
2.1284,1.14,7.2791,1.9163
3.2046,1.47,14.1322,3.3
3.0513,1.52,13.914,2.9593
3.0307,1.53,13.9108,3.0
3.2219,1.47,14.2086,3.3
3.0926,1.51,14.0094,3.0
3.1459,1.48,13.968,3.2242
0.6034,0.29,0.5249,0.5265
3.2245,1.48,14.3166,3.2822
3.0383,1.51,13.7636,2.935
3.058,1.51,13.8529,2.68
2.7748,1.51,12.57,2.6018
3.1246,1.5,14.0607,3.1
3.226,1.49,14.4202,3.1925
3.216,1.48,14.2792,3.1447
3.2532,1.44,14.0537,3.2297
2.998,1.47,13.221,2.91
3.1372,1.5,14.1174,2.7784
3.0453,1.51,13.795,2.9932
3.0067,1.51,13.6204,3.0249
3.1123,1.5,14.0053,3.1345
3.2063,1.47,14.1398,3.116
3.1017,1.5,13.9575,3.2605
3.2564,1.49,14.5559,3.3045
3.155,1.48,14.0081,3.3
2.365,1.23,8.7268,2.2001
3.0387,1.47,13.4006,3.1854
2.8133,1.52,12.8286,2.8824
2.897,1.55,13.4711,2.8001
3.053,1.51,13.8299,3.0
3.0602,1.53,14.0461,3.0
3.1924,1.49,14.2702,3.2
3.2103,1.49,14.3499,3.0198
1.9413,0.99,5.7656,1.9655
3.0862,1.53,14.1658,3.0845
2.9453,1.49,13.1657,3.0151
2.6866,1.45,11.6867,2.7613
3.0612,1.49,13.6836,3.1387
3.082,1.51,13.9616,3.1277
1.2002,0.64,2.3044,1.2141
3.0455,1.53,13.9786,3.0436
3.0531,1.52,13.9223,3.0824
0.0,0.0,0.0,0.0
3.2234,1.47,14.2151,3.0894
3.137,1.5,14.1167,3.2245
3.2285,1.49,14.4314,3.4
3.0891,1.51,13.9935,2.8362
2.9195,1.55,13.5756,2.9
3.2348,1.49,14.4598,3.0482
3.3665,1.48,14.9473,3.2317
3.161,1.48,14.035,2.8998
3.1874,1.49,14.2476,3.2828
3.0552,1.52,13.9317,2.8215
2.9322,1.5,13.1951,3.0143
2.1527,1.24,8.0081,2.1905
3.0216,1.5,13.5971,3.0287
2.9424,1.5,13.241,3.0978
2.9503,1.51,13.365,2.8842
0.0,0.0,0.0,0.0
3.3061,1.46,14.4809,3.2158
3.0717,1.52,14.0072,3.0
1.4933,0.79,3.5392,1.4716
2.9403,1.52,13.4077,3.0
3.0262,1.52,13.7993,3.059
2.1056,1.09,6.8854,2.2735
3.1693,1.48,14.0716,3.0193
3.0349,1.52,13.8392,3.1505
3.1629,1.5,14.2332,3.0692
3.0393,1.51,13.768,2.822
3.3006,1.48,14.6545,3.4246
0.0416,0.02,0.0025,0.0406
2.8205,1.51,12.7768,2.6952
3.0009,1.52,13.6839,3.0234
3.0744,1.53,14.1115,2.9081
3.0125,1.53,13.8273,2.9522
3.187,1.46,13.9591,3.0484
2.9453,1.5,13.2541,3.0
3.0592,1.49,13.6747,3.586
3.1081,1.49,13.893,3.2
3.1203,1.5,14.0414,3.4414
3.1355,1.49,14.0156,3.1
2.9068,1.47,12.819,3.2463
2.9126,1.55,13.5435,3.0422
3.1206,1.51,14.1364,3.2
3.0243,1.52,13.7909,3.0
3.1127,1.5,14.0072,2.9692
1.8625,0.91,5.0847,1.774
3.075,1.51,13.9295,3.1
3.0545,1.51,13.8368,3.076
3.1961,1.48,14.1909,3.223
3.0748,1.53,14.1134,3.1124
3.0804,1.53,14.1392,3.1863
3.0037,1.49,13.4268,3.2063
2.6305,1.46,11.5218,2.6528
2.9569,1.49,13.2173,2.9067
3.2065,1.45,13.9482,3.1658
2.8883,1.48,12.8241,2.8434
3.1656,1.5,14.2451,3.1178
3.2761,1.48,14.5459,3.4156
2.984,1.58,14.1443,3.0347
2.9933,1.48,13.2904,2.9885
0.6511,0.34,0.6641,0.724
3.0364,1.53,13.9372,3.1059
3.0215,1.52,13.7783,3.0857
2.8424,1.54,13.1318,2.7178
2.9563,1.45,12.8599,2.9698
3.035,1.44,13.1112,2.8155
3.3439,1.45,14.546,4.0702
3.1443,1.48,13.9608,3.1
2.9942,1.52,13.6534,2.9892
3.1474,1.49,14.0689,3.0531
3.1485,1.49,14.0736,3.1207
3.0461,1.51,13.799,3.297
3.0349,1.49,13.566,2.9987
2.9086,1.48,12.9141,2.9005
3.0725,1.53,14.1029,2.9221
3.0159,1.53,13.8428,3.019
3.062,1.49,13.6872,3.1246
3.0575,1.51,13.8506,3.0
3.3014,1.47,14.5593,3.3897
2.739,1.51,12.4078,2.7649
2.9826,1.52,13.6007,3.0076
3.2097,1.49,14.3471,3.2
3.0089,1.54,13.9013,3.217
3.1487,1.49,14.0745,3.0684
3.1673,1.45,13.7776,2.9401
3.0449,1.51,13.7932,3.1417
3.0532,1.49,13.6476,3.1
3.0235,1.47,13.3336,3.0994
3.034,1.49,13.5619,3.164
3.0681,1.5,13.8065,3.2692
3.0025,1.53,13.7816,2.8999
3.1052,1.53,14.2531,3.1891
3.1361,1.49,14.0184,3.1619
3.2143,1.46,14.0788,3.2688
3.3569,1.49,15.0054,3.4278
0.3526,0.18,0.1904,0.3933
3.0098,1.51,13.6344,2.554
3.0875,1.5,13.8938,3.3332
3.1625,1.46,13.8515,3.4858
3.0717,1.53,14.0993,3.0861
3.0592,1.53,14.0416,3.0683
3.2824,1.48,14.5738,3.3
3.039,1.53,13.9492,3.074
3.0283,1.51,13.718,3.2994
3.1251,1.47,13.7819,2.5476
2.927,1.48,12.996,2.9174
3.0069,1.52,13.7115,3.0306
2.8848,1.5,12.9817,2.8942
2.7534,1.5,12.3902,2.7995
3.186,1.46,13.9549,3.2595
3.0559,1.5,13.7516,3.0978
3.0535,1.48,13.5577,3.057
3.0394,1.5,13.6773,3.0489
2.9898,1.55,13.9024,3.0941
3.239,1.47,14.284,3.3
3.1599,1.46,13.8403,3.0497
2.4351,1.23,8.9855,2.4807
3.0287,1.54,13.9927,3.0
3.2824,1.47,14.4755,3.3196
3.1221,1.49,13.9557,2.9822
3.1011,1.48,13.7688,2.9286
2.8571,1.5,12.8568,2.9316
3.0157,1.49,13.4803,2.9614
2.8797,1.48,12.7861,2.7485
2.9466,1.51,13.348,2.8483
2.9856,1.52,13.6145,2.8
3.1314,1.5,14.0913,3.0474
3.1352,1.49,14.0143,3.0037
2.7921,1.51,12.6484,2.6704
3.0403,1.5,13.6815,2.8708
3.1585,1.49,14.1184,2.8291
2.84,1.44,12.2686,2.4254
3.1856,1.46,13.9527,3.1008
3.0824,1.46,13.501,3.0129
3.136,1.46,13.7358,3.0439
3.0964,1.51,14.0268,3.1083
3.0031,1.51,13.6042,3.0
3.0792,1.51,13.9489,3.1418
3.0871,1.5,13.892,3.0558
3.07,1.53,14.0914,3.0263
3.1275,1.5,14.0737,3.0509
3.0011,1.5,13.5051,3.1601
2.7988,1.49,12.5105,2.9097
3.0648,1.51,13.8836,3.0
0.0,0.0,0.0,0.0
2.7864,1.53,12.7896,2.9013
3.0663,1.51,13.8903,3.0269
3.2291,1.48,14.3371,3.1186
3.1109,1.51,14.0924,3.3
3.137,1.51,14.2105,3.3677
0.7331,0.38,0.8357,0.7645
2.997,1.5,13.4867,2.9281
3.037,1.5,13.6664,3.0258
2.986,1.48,13.2577,3.0
3.0107,1.53,13.819,3.2835
1.1961,0.63,2.2606,1.2738
2.9599,1.54,13.6746,2.8469
3.1031,1.51,14.057,2.802
0.0,0.0,0.0,0.0
2.9325,1.54,13.548,2.9969
3.0861,1.52,14.0727,2.9084
3.0432,1.53,13.9683,3.1271
3.0272,1.54,13.9857,2.9357
0.2074,0.11,0.0684,0.1972
3.4758,1.47,15.3282,2.8953
3.297,1.48,14.6387,3.2781
2.9911,1.51,13.5497,2.9188
2.985,1.56,13.9699,3.0438
3.1046,1.5,13.9705,3.0799
1.7343,0.84,4.3705,1.7968
3.1582,1.49,14.1171,3.0721
3.1889,1.51,14.4457,3.2346
2.918,1.49,13.0433,2.8651
3.1062,1.52,14.1643,3.0337
3.0529,1.49,13.6463,3.059
0.0,0.0,0.0,0.0
2.9193,1.5,13.1368,2.8246
2.9951,1.52,13.6576,2.9498
0.1461,0.07,0.0307,0.1272
3.038,1.48,13.4887,3.075
3.0212,1.52,13.7768,3.2
3.1904,1.47,14.0699,3.1
3.2902,1.49,14.7071,3.7245
2.7118,1.37,11.1454,2.5148
0.2919,0.15,0.1314,0.2854
3.141,1.48,13.9462,3.099
3.131,1.53,14.3711,3.0065
3.0748,1.49,13.7445,3.0886
2.8755,1.51,13.0261,3.1486
3.1245,1.51,14.1541,3.2
3.1004,1.5,13.9518,3.1725
3.201,1.5,14.4043,3.2336
3.068,1.51,13.8979,2.9611
3.0622,1.49,13.6882,2.9858
3.0144,1.42,12.8412,3.254
3.1548,1.51,14.2912,3.1396
3.2545,1.48,14.4502,3.2561
1.6479,0.86,4.2516,1.676
3.168,1.49,14.1611,3.4
3.1092,1.52,14.1782,3.1709
3.0157,1.52,13.7517,3.0361
3.1649,1.51,14.3368,3.0056
2.9893,1.53,13.721,3.0697
3.1635,1.5,14.2357,3.1556
2.9989,1.53,13.765,3.0195
2.7878,1.52,12.7122,3.0
2.9458,1.55,13.6981,2.9249
1.4164,0.77,3.2719,1.3588
3.1782,1.49,14.2067,3.087
2.1359,1.11,7.1125,1.8704
2.9395,1.5,13.2275,3.1118
3.2693,1.49,14.6139,3.2
3.2878,1.48,14.5977,3.3151
3.0331,1.48,13.4669,2.9
3.04,1.54,14.0447,2.7801
3.0116,1.52,13.7329,3.1072
3.054,1.51,13.8345,3.0101
2.9323,1.47,12.9314,2.6422
3.0538,1.51,13.8336,3.1
2.8792,1.55,13.3883,2.7102
3.0237,1.53,13.8787,3.1492
3.1853,1.51,14.4294,2.9207
2.9383,1.54,13.5749,2.7978
3.0445,1.52,13.8829,3.027
3.0026,1.51,13.6017,3.0396
3.1855,1.48,14.1437,3.2968
2.906,1.52,13.2512,2.9121
2.9857,1.51,13.5252,3.0557
3.2777,1.48,14.5528,3.2223
3.1289,1.51,14.174,3.3
3.0077,1.51,13.625,3.2193
3.1662,1.46,13.868,2.9
3.1579,1.47,13.9263,3.1317
2.9782,1.51,13.4912,3.1658
3.1278,1.51,14.1691,3.1286
3.2151,1.52,14.661,3.1203
3.286,1.47,14.4911,3.219
3.0031,1.56,14.0543,3.0783
2.9743,1.52,13.563,2.9773
3.2138,1.5,14.4623,3.0
2.9237,1.5,13.1565,3.0
3.1427,1.51,14.2365,3.2345
2.9458,1.49,13.1678,2.907
3.1385,1.48,13.9351,2.9938
2.9239,1.48,12.9822,3.0
3.0311,1.52,13.8216,3.1
2.9968,1.51,13.5754,3.0001
3.2284,1.48,14.3341,3.4802
2.8336,1.52,12.9213,2.8938
2.7926,1.49,12.4831,2.8802
3.1125,1.47,13.7263,3.1494
3.0771,1.47,13.57,2.9937
2.7145,1.31,10.6681,2.6927
3.1063,1.53,14.2579,3.0726
3.0336,1.52,13.8332,2.9506
3.022,1.48,13.4176,2.7454
3.1112,1.51,14.0935,3.1983
3.2464,1.5,14.6089,3.2256
2.989,1.54,13.8091,3.0066
3.2254,1.49,14.4177,3.2012
3.1199,1.49,13.9458,3.2779
3.107,1.49,13.8884,3.1
3.0154,1.52,13.7503,3.0
3.2388,1.51,14.6716,3.1077
3.1369,1.48,13.928,3.0297
2.2959,1.09,7.5076,2.3728
3.0662,1.47,13.522,3.0775
3.2125,1.45,13.9744,3.2
3.042,1.51,13.7801,3.049
1.9934,1.04,6.2194,1.8275
3.1509,1.49,14.0847,3.2908
3.2412,1.49,14.4883,3.1995
3.0327,1.48,13.4652,3.0003
3.1838,1.48,14.136,2.9294
3.2764,1.51,14.8421,3.3676
3.2886,1.48,14.6014,3.4
3.0018,1.51,13.598,2.9303
3.2205,1.46,14.1056,3.2
2.8892,1.56,13.5214,2.9
0.3649,0.19,0.208,0.4164
2.9909,1.51,13.5489,2.9449
3.0854,1.5,13.8842,2.8091
3.2455,1.47,14.3128,3.2138
3.0298,1.49,13.5433,3.1011
3.0051,1.51,13.613,3.1
3.0039,1.5,13.5176,2.9486
3.0889,1.53,14.1781,3.0872
3.0904,1.48,13.7214,2.9025
3.1238,1.5,14.0573,3.089
3.0379,1.5,13.6705,3.0178
3.0875,1.51,13.9862,3.1304
3.1454,1.5,14.1543,3.2429
3.1461,1.51,14.2517,2.9982
3.0627,1.5,13.782,3.0
2.2032,1.09,7.2044,2.2621
3.0021,1.52,13.6895,3.0
2.6539,1.55,12.3408,2.7037
3.2448,1.48,14.4071,3.1947
3.0621,1.53,14.0551,3.0334
2.7606,1.5,12.4228,2.7055
3.2136,1.5,14.4611,3.2213
2.992,1.49,13.3743,3.0804
3.2893,1.48,14.6045,3.3305
3.2307,1.51,14.6352,3.3442
0.0,0.0,0.0,0.0
2.7672,1.52,12.6186,2.7652
3.1543,1.5,14.1944,3.138
2.8664,1.51,12.9846,2.6663
3.1779,1.48,14.11,3.3
3.1511,1.49,14.0854,3.2062
3.0764,1.5,13.8439,3.1845
3.1759,1.5,14.2916,3.1269
2.6751,1.51,12.1182,2.5942
3.1817,1.51,14.413,3.1647
3.0873,1.48,13.7076,3.0
3.0667,1.51,13.892,3.2487
3.1013,1.51,14.0488,2.9
3.1436,1.45,13.6747,3.1
3.0082,1.53,13.8077,3.1187
3.1882,1.47,14.06,3.1146
3.2321,1.5,14.5446,3.2691
0.0,0.0,0.0,0.0
2.9893,1.45,13.0034,3.0842
3.0532,1.51,13.8311,3.1
3.0512,1.53,14.0049,3.527
2.9758,1.52,13.5695,2.8
3.2687,1.45,14.219,3.2
2.639,1.3,10.292,2.4062
3.0627,1.5,13.7822,3.0806
3.0422,1.48,13.5073,3.0366
3.2017,1.51,14.5037,3.1899
3.0699,1.52,13.9989,3.0505
0.0,0.0,0.0,0.0
3.0232,1.5,13.6046,3.0
3.0391,1.51,13.7671,3.1874
3.0872,1.5,13.8924,3.0964
3.1658,1.51,14.3412,3.0912
3.0231,1.5,13.604,3.0
3.0758,1.54,14.21,2.9002
3.0357,1.54,14.0249,3.0995
2.9104,1.55,13.5333,3.1244
3.1472,1.5,14.1624,3.3
2.585,1.34,10.3915,2.4119
3.1253,1.49,13.9701,3.1001
3.1005,1.53,14.2314,3.051
3.1183,1.51,14.1261,3.2
2.9015,1.47,12.7956,2.9282
0.0,0.0,0.0,0.0
2.9654,1.48,13.1663,3.0779
3.0201,1.51,13.6809,2.8411
2.8612,1.51,12.9613,3.025
3.2454,1.51,14.7016,3.3183
3.0358,1.49,13.5702,3.0053
3.1621,1.49,14.1348,3.3037
3.0854,1.51,13.977,3.1573
3.1025,1.5,13.9613,3.0301
0.0,0.0,0.0,0.0
3.0508,1.52,13.9115,3.0335
3.0407,1.52,13.8656,3.3781
3.131,1.5,14.0896,3.1984
2.9339,1.5,13.2025,2.9538
3.0644,1.51,13.8816,3.2
3.1085,1.49,13.8952,3.2161
3.122,1.49,13.9551,3.0371
3.3164,1.49,14.8243,3.3597
0.8988,0.46,1.2404,0.8945
3.2934,1.47,14.5237,3.1134
2.9535,1.5,13.2908,2.9066
3.1474,1.5,14.1635,3.2
0.0,0.0,0.0,0.0
3.064,1.48,13.604,3.0
0.4917,0.3,0.4425,0.4841
3.215,1.47,14.1782,3.3332
2.9999,1.5,13.4994,3.1644
3.0964,1.52,14.1195,3.1114
3.1155,1.5,14.0196,3.0218
3.4946,1.48,15.5159,3.6086
3.0463,1.52,13.8913,2.7369
0.6081,0.29,0.5291,0.5739
1.47,0.85,3.7484,1.6812
2.8649,1.52,13.0638,3.1759
2.9292,1.54,13.533,2.7087
3.0564,1.53,14.029,2.97
3.0345,1.53,13.9286,3.185
3.0984,1.5,13.9427,2.7903
2.7829,1.49,12.4395,3.0781
3.2073,1.48,14.2405,3.2117
0.6983,0.36,0.7541,0.6973
3.2201,1.46,14.104,3.0729
3.0948,1.47,13.6482,3.0322
3.0479,1.46,13.3499,3.0103
3.0527,1.47,13.4624,2.9833
3.2963,1.49,14.7344,3.3
3.3207,1.51,15.0428,3.2929
3.2477,1.52,14.8094,3.3109
3.0753,1.49,13.7468,3.0
2.9805,1.52,13.5909,3.1225
3.0593,1.5,13.7668,3.1719
3.1419,1.5,14.1386,2.9905
3.1527,1.49,14.0924,3.1692
3.0365,1.48,13.4819,2.9965
3.074,1.5,13.8329,3.2201
3.0601,1.48,13.5869,3.2
3.0051,1.5,13.523,2.9365
0.3989,0.21,0.2513,0.4327
2.8408,1.41,12.0164,2.9389
2.9907,1.5,13.4582,2.6884
3.2111,1.48,14.2575,3.3845
2.92,1.47,12.8771,3.1018
3.0381,1.51,13.7628,2.8862
3.1319,1.45,13.6235,3.1762
3.0684,1.52,13.9918,3.0
3.2339,1.46,14.1643,3.0948
3.0588,1.48,13.5812,2.8844
2.8643,1.37,11.7721,3.0823
2.8232,1.43,12.1113,2.6267
3.3054,1.48,14.676,3.3
3.0405,1.5,13.6824,3.1042
2.9756,1.5,13.39,3.0357
2.7874,1.42,11.8742,2.7474
1.753,0.9,4.733,1.532
0.0,0.0,0.0,0.0
3.0114,1.48,13.3706,2.9969
3.3053,1.46,14.4772,3.1009
3.0286,1.53,13.9011,2.7685
3.0448,1.53,13.9756,2.9294
3.0856,1.52,14.0703,3.1
3.1081,1.54,14.3592,3.2029
2.9099,1.55,13.5312,3.0
3.0631,1.49,13.6919,3.3288
3.2663,1.5,14.6983,3.3008
3.0526,1.51,13.8281,3.025
3.1023,1.49,13.8673,2.9503
3.1581,1.5,14.2113,3.223
3.073,1.49,13.7365,3.0613
2.7244,1.35,11.034,2.8028
3.183,1.5,14.3234,3.2174
3.0812,1.52,14.0503,3.2
3.1239,1.5,14.0576,3.3914
3.0829,1.53,14.1506,2.9501
3.2544,1.47,14.3519,3.2834
0.0,0.0,0.0,0.0
3.0737,1.47,13.5552,3.0991
2.9422,1.52,13.4163,2.6912
3.2391,1.48,14.3817,3.1753
3.0905,1.48,13.7219,2.979
3.1292,1.5,14.0814,3.266
2.9,1.52,13.2238,2.8579
3.146,1.5,14.157,3.1201
3.2797,1.48,14.562,3.1525
3.2138,1.5,14.4621,3.3
2.8517,1.48,12.6618,2.7623
0.0,0.0,0.0,0.0
3.3207,1.44,14.3452,3.2738
3.0584,1.51,13.8544,3.0421
3.2229,1.5,14.5032,3.452
2.9173,1.51,13.2154,2.9578
3.3105,1.47,14.5993,3.3
3.1224,1.5,14.0506,3.3
3.0451,1.54,14.0684,3.0007
3.3045,1.46,14.4738,3.8725
2.9405,1.51,13.3206,2.9
3.0885,1.5,13.8984,3.0696
3.1164,1.46,13.6499,2.9829
1.8959,1.0,5.6876,1.7605
2.9121,1.53,13.3666,2.9
3.3119,1.49,14.8044,3.3847
0.0,0.0,0.0,0.0
3.2942,1.47,14.5273,3.2412
2.7657,1.5,12.4457,2.5597
2.8188,1.54,13.0231,2.8265
3.0409,1.51,13.7754,3.0864
2.9867,1.51,13.5298,3.0181
3.3587,1.5,15.114,3.4001
3.0724,1.47,13.5494,3.017
3.1936,1.49,14.2754,3.2661
3.1071,1.47,13.7023,3.1
3.0854,1.51,13.9768,3.1077
3.1766,1.47,14.009,3.4316
2.9964,1.52,13.6637,3.0267
2.9362,1.49,13.125,2.6
3.0781,1.51,13.9436,3.1834
2.9958,1.55,13.9305,2.9652
3.0478,1.48,13.5322,3.1826
3.0662,1.51,13.89,3.0
2.9553,1.52,13.4763,3.0497
3.0537,1.52,13.9251,2.9319
3.0578,1.48,13.5764,2.9962
3.235,1.5,14.5577,3.1
3.1259,1.45,13.5975,3.1
2.5761,1.3,10.0466,2.7826
3.1345,1.5,14.1051,3.3128
3.0413,1.49,13.5944,2.8599
3.1202,1.5,14.0409,3.309
3.2201,1.48,14.2972,3.3
3.2672,1.49,14.6044,3.3
3.1015,1.51,14.0496,2.9271
3.2042,1.51,14.5151,3.2238
3.2633,1.48,14.489,3.2056
3.1963,1.51,14.4791,3.3665
2.9884,1.51,13.5374,3.1121
2.6887,1.35,10.8891,2.853
3.0425,1.5,13.6914,3.2924
3.0469,1.47,13.437,3.0704
3.0371,1.45,13.2116,2.9631
3.0703,1.48,13.6321,2.9231
3.0652,1.52,13.9774,3.1
2.9493,1.51,13.3603,2.8123
3.0638,1.51,13.879,3.1597
2.9093,1.49,13.0048,2.8965
3.1482,1.49,14.0726,3.0215
3.2329,1.5,14.5479,3.1424
3.2725,1.44,14.1371,3.3222
3.0542,1.51,13.8354,2.8984
3.0636,1.48,13.6026,3.1
3.004,1.53,13.7886,2.7209
2.8937,1.5,13.0218,3.1
3.0212,1.51,13.686,2.9178
3.0682,1.49,13.715,3.3
3.0113,1.53,13.8219,3.1
3.1067,1.5,13.9799,3.0996
3.0623,1.5,13.7803,3.2074
2.9743,1.55,13.8304,2.9515
2.9511,1.5,13.2801,2.6305
2.8876,1.52,13.1673,2.7811
3.1116,1.47,13.7221,3.3
2.9635,1.51,13.4248,3.0
3.0833,1.5,13.8749,2.9468
3.0748,1.46,13.4675,2.9767
3.0336,1.52,13.8333,3.0512
3.0647,1.48,13.6074,3.0346
3.2015,1.47,14.1188,3.2796
2.977,1.47,13.1288,2.9504
3.0219,1.49,13.5079,3.1
3.0368,1.5,13.6656,2.9151
3.0012,1.52,13.6855,2.9519
3.1484,1.5,14.168,2.9
2.9987,1.54,13.8542,3.1955
2.928,1.45,12.737,2.7999
3.0646,1.49,13.6989,3.0
2.9989,1.51,13.585,3.3
3.203,1.47,14.1252,3.4418
2.9266,1.53,13.4332,2.7117
0.0,0.0,0.0,0.0
2.9724,1.49,13.2866,2.9
0.6234,0.31,0.5797,0.6066
3.1733,1.5,14.2797,3.2557
3.1495,1.5,14.1728,3.2479
2.9616,1.54,13.6826,2.8862
1.211,0.72,2.6157,1.2702
0.0,0.0,0.0,0.0
3.068,1.43,13.1618,2.5503
3.0885,1.5,13.8982,3.2621
3.0077,1.49,13.4444,2.8142
3.1178,1.5,14.03,3.1
3.0378,1.51,13.7612,3.0392
0.7764,0.39,0.9083,0.6719
1.963,0.95,5.5946,1.9584
3.0451,1.52,13.8858,3.0924
2.8962,1.53,13.2937,2.877
2.9256,1.47,12.9019,2.7708
3.1997,1.5,14.3986,3.2
3.1696,1.48,14.0729,3.1
3.0645,1.5,13.7901,3.1335
2.9823,1.5,13.4204,3.0319
3.0043,1.53,13.7897,3.0102
3.0631,1.52,13.9679,3.06
3.0373,1.46,13.3032,3.209
0.0,0.0,0.0,0.0
2.8272,1.51,12.8074,2.8979
3.1293,1.51,14.1756,3.1246
3.0514,1.53,14.006,3.1572
3.0255,1.51,13.7054,3.0157
3.2172,1.45,13.9948,3.2914
3.1999,1.46,14.0156,3.2763
2.8918,1.52,13.1868,2.6428
3.0287,1.51,13.7199,3.0461
3.1133,1.51,14.1031,3.051
3.011,1.52,13.7304,3.0
3.2379,1.48,14.3761,3.1499
3.1916,1.47,14.0751,3.3214
0.0,0.0,0.0,0.0
0.1674,0.09,0.0452,0.1746
3.0488,1.5,13.7194,3.0
3.273,1.48,14.5322,3.3453
3.154,1.5,14.1928,3.1976
2.9355,1.5,13.2099,2.958
3.0413,1.53,13.9596,3.1
3.2218,1.49,14.4015,3.1787
0.0,0.0,0.0,0.0
3.1984,1.49,14.297,3.2364
3.0882,1.52,14.082,3.2289
3.1562,1.49,14.1083,3.2024
3.3402,1.49,14.9308,3.0188
3.0892,1.5,13.9016,3.1451
3.0142,1.51,13.6541,3.2853
3.4393,1.47,15.1674,3.4291
3.074,1.49,13.7406,3.2412
3.069,1.53,14.0866,2.933
3.21,1.52,14.6377,3.0217
0.0,0.0,0.0,0.0
2.9936,1.5,13.471,3.098
3.1807,1.49,14.2178,3.1905
2.7348,1.52,12.4707,2.8206
3.3738,1.48,14.9797,3.2684
3.0464,1.51,13.8001,3.0005
3.1745,1.51,14.3803,3.3529
0.0,0.0,0.0,0.0
2.9914,1.49,13.3717,2.952
2.8879,1.49,12.9087,2.973
3.0894,1.47,13.6244,2.972
3.0625,1.48,13.5973,3.0174
3.2082,1.45,13.9555,3.3681
3.2663,1.49,14.6002,3.2989
2.9871,1.52,13.6213,2.9436
3.0632,1.52,13.968,3.1207
3.1429,1.49,14.049,3.1126
2.9158,1.51,13.2087,2.798
3.0151,1.52,13.7488,2.8733
3.1356,1.49,14.0163,3.2144
3.1493,1.49,14.0774,3.2485
3.1399,1.48,13.941,3.1754
3.0382,1.53,13.9456,3.1
2.2096,1.2,7.9546,2.2794
3.099,1.45,13.4807,3.1393
3.1961,1.5,14.3824,3.2
3.2497,1.48,14.4287,3.1292
0.0,0.0,0.0,0.0
3.1134,1.53,14.2904,3.1607
3.241,1.48,14.3899,3.3094
3.3988,1.5,15.2944,3.444
3.0645,1.52,13.9742,3.1
0.0,0.0,0.0,0.0
3.3736,1.48,14.9789,3.2388
0.0669,0.04,0.008,0.0594
2.9644,1.42,12.6285,3.1711
3.1112,1.47,13.7205,2.9476
3.0877,1.5,13.8947,3.0
3.242,1.48,14.3944,3.2
2.9872,1.51,13.532,3.0375
2.464,1.27,9.3877,2.7459
0.0,0.0,0.0,0.0
3.29,1.46,14.4104,3.229
3.1125,1.49,13.9128,3.3
2.9712,1.5,13.3705,3.0976
2.9629,1.52,13.5109,3.2993
3.1051,1.5,13.973,3.1662
3.0608,1.53,14.0492,2.8984
3.1348,1.51,14.2006,2.9076
3.0749,1.46,13.4682,3.1652
3.0222,1.52,13.7813,2.921
2.9696,1.52,13.5415,2.96
2.8895,1.4,12.1358,2.5057
2.9955,1.52,13.6595,3.2967
3.1008,1.49,13.8604,3.1082
3.0056,1.5,13.5251,3.0
2.8517,1.53,13.0894,2.8204
1.5943,0.83,3.9698,1.6943
1.4262,0.77,3.2945,1.6452
3.1343,1.5,14.1046,3.051
2.9655,1.55,13.7897,2.9747
2.1791,1.18,7.7139,2.4389
0.0,0.0,0.0,0.0
2.5869,1.29,10.0113,2.4836
3.2498,1.48,14.4289,3.3323
3.3287,1.47,14.6797,3.2031
3.1408,1.51,14.2278,3.2603
2.5626,1.3,9.9943,2.3648
3.1843,1.5,14.3296,3.3533
0.0,0.0,0.0,0.0
2.4308,1.22,8.8966,2.2906
3.0078,1.48,13.3549,3.0218
3.0709,1.47,13.5428,3.0947
3.1428,1.47,13.8596,3.1
3.2357,1.48,14.3665,3.1725
0.3733,0.2,0.224,0.3569
2.8519,1.51,12.9193,2.8474
3.1302,1.49,13.9918,3.0507
3.091,1.51,14.0021,3.1
3.3167,1.49,14.8257,3.1856
3.2077,1.46,14.0498,3.093
3.0526,1.5,13.7369,3.29
2.6979,1.37,11.0885,2.6418
3.079,1.51,13.9477,3.1
3.1135,1.47,13.7306,3.1746
3.0598,1.5,13.7691,3.2453
3.0508,1.51,13.8201,2.9
2.9261,1.57,13.782,3.1
2.9642,1.51,13.4277,3.0271
3.2353,1.48,14.3649,3.1625
3.1304,1.51,14.1806,3.3328
3.2035,1.49,14.3198,3.4075
1.5617,0.77,3.6075,1.3617
3.0959,1.5,13.9315,3.393
3.1679,1.51,14.3507,3.3
3.1902,1.48,14.1643,3.2955
3.2691,1.46,14.3187,3.3766
3.2476,1.49,14.5168,3.1546
3.1409,1.47,13.8513,3.2375
3.2171,1.47,14.1874,3.0544
3.0029,1.53,13.7831,2.9497
2.8365,1.52,12.9343,3.3953
3.1243,1.5,14.0595,3.1107
3.0291,1.51,13.7218,3.1
0.0,0.0,0.0,0.0
0.3477,0.18,0.1877,0.3038
0.0,0.0,0.0,0.0
2.9593,1.49,13.2281,3.0188
3.0945,1.49,13.8324,3.1
3.0183,1.46,13.2202,2.8967
3.1779,1.45,13.8238,3.183
3.1957,1.51,14.4764,3.1827
3.0529,1.52,13.9212,3.3839
0.4432,0.22,0.2925,0.4618
2.8115,1.49,12.5674,2.8957
2.9239,1.56,13.6837,2.8317
3.0678,1.51,13.8973,3.0357
3.1419,1.48,13.9502,3.2117
3.2433,1.49,14.4974,3.2605
2.9179,1.53,13.3932,2.8289
3.2794,1.51,14.8559,3.1438
2.9935,1.5,13.4707,2.8668
0.0,0.0,0.0,0.0
3.1043,1.5,13.9692,3.2
3.015,1.53,13.839,3.0009
3.0932,1.5,13.9192,2.976
2.3569,1.23,8.6968,2.5666
2.8963,1.51,13.1204,2.5187
3.1331,1.5,14.0989,2.9093
3.0616,1.51,13.8691,3.0207
2.983,1.51,13.5128,2.7813
3.134,1.49,14.0089,3.185
3.1646,1.48,14.0508,3.1734
3.0768,1.53,14.1225,3.1077
0.0,0.0,0.0,0.0
3.1543,1.5,14.1941,3.2
2.8612,1.55,13.3048,2.884
3.3084,1.46,14.4907,2.8553
3.1693,1.49,14.1668,3.1547
0.0,0.0,0.0,0.0
2.9211,1.51,13.2328,3.1028
3.189,1.49,14.2548,3.102
0.0,0.0,0.0,0.0
3.1333,1.5,14.0999,3.0481
3.0498,1.51,13.8155,2.8858
2.9064,1.53,13.3404,2.979
2.8894,1.48,12.8291,2.9743
2.852,1.51,12.9196,3.1292
3.0303,1.53,13.909,3.0
3.12,1.51,14.1337,3.173
3.1332,1.45,13.6296,3.1
2.8689,1.56,13.4267,2.8
2.8175,1.53,12.9322,2.8391
3.2174,1.46,14.0922,3.2394
3.0431,1.49,13.6025,3.1078
3.0959,1.52,14.1171,3.1343
3.0215,1.51,13.6872,3.1393
3.0436,1.49,13.6047,2.9012
3.1043,1.5,13.9694,3.0152
3.0552,1.5,13.7484,2.9998
3.0366,1.48,13.4824,3.0982
3.0892,1.51,13.9942,3.2
3.0097,1.51,13.6338,2.8654
3.007,1.51,13.6216,3.0409
0.0,0.0,0.0,0.0
2.9008,1.51,13.1407,2.864
3.0693,1.53,14.0881,3.0463
3.0678,1.5,13.805,3.0781
2.7211,1.56,12.7349,2.5204
3.0996,1.49,13.8553,3.0
0.8048,0.4,0.9657,0.7155
3.0267,1.51,13.711,3.0899
3.1755,1.5,14.2896,2.9
3.0884,1.5,13.898,2.8995
2.9886,1.52,13.6281,3.0084
3.3831,1.45,14.7166,3.8994
3.124,1.5,14.058,3.1
3.164,1.49,14.1432,3.2209
3.1151,1.53,14.2984,3.1605
3.0457,1.51,13.7971,3.1092
3.2352,1.45,14.0732,3.4975
3.2713,1.48,14.5245,3.2599
3.2071,1.48,14.2397,3.3
3.1137,1.52,14.1986,3.2761
3.1213,1.49,13.9521,3.1575
3.0822,1.51,13.9624,2.7822
3.0418,1.53,13.962,2.9544
3.0443,1.52,13.8822,3.0157
2.9916,1.5,13.4621,2.9
3.0339,1.48,13.4704,2.8373
3.0914,1.5,13.9114,2.9025
3.2174,1.48,14.2851,3.0
3.0267,1.51,13.7108,3.0229
0.0,0.0,0.0,0.0
3.1564,1.5,14.2036,2.5338
3.0187,1.51,13.6749,3.0052
0.0,0.0,0.0,0.0
3.3388,1.49,14.9243,3.1166
3.126,1.52,14.2546,3.2
3.0491,1.51,13.8122,3.059
2.9891,1.49,13.3614,2.9256
3.1203,1.47,13.7606,3.2
0.5559,0.28,0.467,0.5192
2.881,1.51,13.051,2.8
3.3484,1.48,14.8668,3.2524
3.059,1.52,13.9491,3.0
3.0389,1.49,13.5839,3.1454
2.9348,1.55,13.6468,2.9
2.0962,1.07,6.7289,2.2025
2.9896,1.51,13.5431,2.9734
3.0441,1.5,13.6985,2.9851
2.9393,1.53,13.4915,2.805
2.9108,1.47,12.8365,2.7021
3.0645,1.52,13.9741,3.2299
3.0602,1.48,13.5874,3.0903
2.7246,1.54,12.5877,2.7472
3.1261,1.48,13.8798,3.1998
3.0914,1.5,13.9115,3.1
0.0,0.0,0.0,0.0
3.1923,1.51,14.461,3.2
2.9705,1.49,13.2781,3.0938
2.8086,1.5,12.6388,2.9697
3.0052,1.5,13.5234,3.0755
3.1063,1.48,13.792,2.4868
3.0142,1.52,13.7448,2.9135
2.9956,1.54,13.8397,2.9
2.8845,1.54,13.3263,2.87
3.0967,1.5,13.935,2.8422
3.1935,1.48,14.1793,3.1103
3.0425,1.53,13.9652,3.2
3.0256,1.49,13.5244,3.0452
3.106,1.49,13.8838,3.0008
3.2495,1.46,14.2328,3.3709
3.2364,1.47,14.2724,3.0848
2.9667,1.5,13.3501,2.4189
3.0077,1.52,13.7151,2.9863
3.0467,1.51,13.8014,3.1
3.0375,1.51,13.7599,3.0007
0.0,0.0,0.0,0.0
3.1178,1.51,14.1237,3.297
3.1746,1.49,14.1906,3.0816
3.1673,1.48,14.0627,3.0
2.9818,1.51,13.5073,3.2282
1.827,0.89,4.8781,1.9462
2.6953,1.52,12.2905,3.1322
3.0439,1.5,13.6975,3.0292
1.8759,0.91,5.1213,1.7678
2.9663,1.5,13.3483,3.0
3.0761,1.5,13.8425,3.1195
1.4398,0.75,3.2396,1.5199
3.1618,1.45,13.754,3.2
3.1684,1.47,13.9727,3.2528
3.2467,1.5,14.61,3.2
2.9071,1.52,13.2563,2.7545
3.0889,1.53,14.178,3.1751
2.9753,1.51,13.4782,3.0285
3.3141,1.48,14.7147,3.2476
2.6662,1.51,12.0778,2.5
2.9805,1.52,13.5912,2.9195
2.9548,1.52,13.4738,2.8394
3.1203,1.49,13.9479,3.0702
2.7976,1.51,12.673,2.7809
3.0694,1.51,13.9044,2.9348
2.92,1.54,13.4903,2.7946
3.1207,1.49,13.9497,3.2979
3.1104,1.5,13.9967,3.0751
3.0564,1.5,13.754,3.041
1.1604,0.6,2.0887,1.1167
3.0308,1.5,13.6386,3.0905
2.9621,1.52,13.507,3.0
2.796,1.47,12.3304,2.906
3.1103,1.48,13.8099,3.1
3.0808,1.5,13.8636,3.1
2.9591,1.46,12.9609,3.0457
3.2283,1.47,14.2369,3.1444
3.1844,1.48,14.139,3.3281
3.1116,1.49,13.9089,2.9338
3.2449,1.49,14.5049,3.0728
3.2247,1.49,14.4142,3.3453
3.0431,1.49,13.6028,3.2664
3.0907,1.51,14.001,3.2
3.1823,1.47,14.0339,3.2
2.8215,1.51,12.7813,2.8614
3.1414,1.47,13.8537,3.2473
0.0,0.0,0.0,0.0
2.9787,1.48,13.2256,2.7144
2.0919,1.03,6.464,2.3893
3.0776,1.53,14.1261,3.2621
3.1095,1.52,14.1794,3.2
2.6955,1.52,12.2916,2.5739
3.1061,1.44,13.4182,3.0437
3.0247,1.51,13.7019,2.9483
0.4465,0.23,0.3081,0.4146
3.3356,1.48,14.8101,3.1626
2.8526,1.52,13.0077,2.7874
0.0168,0.01,0.0005,0.0152
3.221,1.47,14.2047,3.0709
3.169,1.54,14.6409,3.0641
3.2144,1.49,14.3683,3.3
3.0575,1.45,13.3002,3.0705
3.0853,1.51,13.9765,3.2104
3.1453,1.5,14.1538,3.2365
0.0,0.0,0.0,0.0
3.2208,1.49,14.397,3.3
3.2372,1.48,14.3732,3.4359
3.243,1.46,14.2044,2.9897
3.2571,1.51,14.7548,3.1641
3.103,1.49,13.8706,3.1071
3.0492,1.51,13.8127,2.8598
3.2358,1.48,14.3667,3.2866
3.1631,1.5,14.2339,3.2482
3.1927,1.48,14.1754,3.0545
3.1921,1.48,14.1731,3.207
3.1096,1.5,13.9934,3.2031
3.0299,1.54,13.9982,3.038
3.0101,1.52,13.7262,3.0552
3.0828,1.53,14.1502,3.1
3.1264,1.46,13.6936,2.9985
0.4772,0.25,0.3579,0.4577
3.1345,1.51,14.1992,3.1789
2.3262,1.28,8.9325,2.4224
3.0469,1.49,13.6195,3.1014
3.1497,1.49,14.0791,3.1156
2.8539,1.56,13.3562,2.8085
3.2459,1.5,14.6066,3.0394
2.9145,1.51,13.2028,2.8209
3.0547,1.46,13.3795,3.084
3.1619,1.5,14.2284,3.2
3.0357,1.52,13.8426,2.9671
3.1387,1.52,14.3126,3.291
3.0764,1.47,13.5669,3.2131
3.144,1.48,13.9594,3.3381
3.0052,1.49,13.4334,3.0892
2.9474,1.52,13.4399,2.7556
3.0932,1.51,14.0121,3.2
3.0455,1.53,13.9788,3.1
2.7168,1.4,11.4104,3.0327
2.9645,1.52,13.5181,3.1474
3.1065,1.51,14.0724,3.2074
2.6092,1.32,10.3325,2.0944
3.0738,1.48,13.6478,3.1
3.2561,1.49,14.5546,3.2799
3.1561,1.45,13.7289,3.2581
3.0219,1.51,13.6892,3.1001
1.4959,0.88,3.9493,1.5055
3.1843,1.47,14.0426,3.3753
3.0292,1.48,13.4498,3.1575
2.9516,1.49,13.1937,3.2994
2.6813,1.53,12.3073,2.6314
3.1518,1.49,14.0885,3.2334
0.5157,0.26,0.4022,0.5377
3.05,1.51,13.8167,3.1325
3.0642,1.5,13.7888,3.0008
3.233,1.48,14.3544,3.2764
2.9702,1.53,13.633,3.0
3.2242,1.5,14.5091,3.3
0.0,0.0,0.0,0.0
3.1576,1.51,14.3038,3.1
3.1906,1.51,14.4535,3.0826
2.8695,1.53,13.1709,2.7513
3.082,1.49,13.7768,3.3
3.0174,1.52,13.7594,3.0
3.2539,1.48,14.4475,3.4
3.2114,1.49,14.3547,3.1399
2.9766,1.47,13.1267,2.9018
3.1434,1.5,14.1453,3.1
3.0357,1.52,13.8428,3.106
3.1036,1.5,13.9662,3.128
3.1868,1.48,14.1494,3.0122
3.2246,1.48,14.3171,3.3026
3.0669,1.53,14.0771,3.1146
3.1038,1.49,13.8738,3.1
3.0276,1.54,13.9877,3.1585
1.5915,0.78,3.7241,1.6004
3.0043,1.49,13.4291,2.7321
3.1483,1.48,13.9785,3.0243
3.1099,1.52,14.1813,3.2
2.8114,1.52,12.8199,2.6
3.0776,1.49,13.757,2.9
3.0088,1.53,13.8106,3.075
3.1194,1.51,14.1307,2.9784
3.0327,1.52,13.829,3.1832
3.2968,1.48,14.6376,3.4
3.0616,1.52,13.9608,3.2823
3.0239,1.53,13.8798,3.0352
3.0667,1.5,13.8,2.9997
3.1975,1.5,14.3887,3.257
2.1405,1.12,7.1919,2.4379
3.0484,1.49,13.6264,3.0
3.0997,1.48,13.7627,3.1789
3.103,1.5,13.9634,3.2201
3.2369,1.47,14.2749,3.2
3.2128,1.5,14.4578,3.254
0.0,0.0,0.0,0.0
3.0219,1.51,13.6893,3.1
3.0533,1.47,13.4651,3.1
2.8478,1.45,12.388,2.7999
3.0692,1.52,13.9955,3.0027
3.0728,1.5,13.8274,2.7034
3.0711,1.51,13.9122,3.1503
3.0022,1.4,12.6093,2.3742
3.1449,1.49,14.0579,3.1665
2.9711,1.49,13.281,3.1532
3.1376,1.5,14.119,3.2
2.906,1.53,13.3386,2.9
0.4467,0.24,0.3217,0.3906
3.1352,1.47,13.8261,3.0
2.9567,1.56,13.8372,2.951
3.1101,1.47,13.7154,3.242
2.9053,1.43,12.4635,3.1538
3.0546,1.52,13.9289,3.099
3.1267,1.5,14.0703,3.0676
3.0425,1.51,13.7826,3.2058
3.2426,1.5,14.5918,3.0096
3.1172,1.5,14.0272,3.0596
3.12,1.5,14.0402,3.2275
3.1274,1.49,13.9793,3.4597
3.2132,1.49,14.3632,3.3
3.0334,1.49,13.5592,3.041
3.0882,1.5,13.8969,3.2978
3.2312,1.47,14.2497,3.3002
3.3353,1.48,14.8089,3.4864
3.2212,1.45,14.0122,3.1151
2.9637,1.53,13.6033,3.027
3.3515,1.49,14.9814,3.4669
3.08,1.47,13.5827,3.0
3.0182,1.5,13.582,2.88
3.3042,1.48,14.6707,3.5298
2.9549,1.51,13.3856,2.9848
0.0,0.0,0.0,0.0
3.0574,1.51,13.8501,2.975
0.0,0.0,0.0,0.0
1.2019,0.69,2.488,1.1727
2.9198,1.49,13.0516,2.8332
3.0482,1.53,13.9913,3.0059
3.2638,1.47,14.3932,3.4662
3.0373,1.5,13.6677,3.0584
3.0526,1.53,14.0115,3.1
0.0,0.0,0.0,0.0
2.9486,1.48,13.0917,2.8238
0.0,0.0,0.0,0.0
3.1817,1.49,14.2222,3.1749
3.0485,1.46,13.3522,3.1
3.0289,1.51,13.7209,2.874
3.1788,1.48,14.1137,2.9771
3.1263,1.49,13.9748,2.9094
3.0434,1.54,14.0607,3.0987
3.0438,1.5,13.6971,3.0015
2.7817,1.51,12.6011,2.946
3.2227,1.47,14.2122,3.1182
2.2566,1.16,7.8528,2.0066
3.0286,1.53,13.9015,2.6836
3.1843,1.48,14.1383,2.9244
3.124,1.5,14.0579,2.9
3.4121,1.47,15.0474,3.4066
3.1044,1.47,13.6906,2.9232
3.2251,1.46,14.1261,3.138
2.9718,1.52,13.5514,2.7071
3.046,1.49,13.6157,3.3336
3.0981,1.48,13.7557,2.7993
0.0943,0.05,0.0141,0.0911
3.0207,1.53,13.8648,2.9627
3.0716,1.51,13.9142,2.8818
2.825,1.56,13.221,2.774
3.152,1.47,13.9003,3.0
3.0643,1.52,13.973,3.0529
3.256,1.47,14.3591,3.6182
3.2895,1.48,14.6052,3.4854
2.9934,1.53,13.7398,3.0838
3.0843,1.48,13.6944,3.0737
2.9865,1.53,13.7079,3.0238
3.2286,1.45,14.0444,3.0998
3.1653,1.49,14.149,3.2573
3.1283,1.48,13.8896,3.1811
3.1018,1.53,14.2372,3.1334
2.9366,1.54,13.567,2.8431
3.1972,1.45,13.9076,3.1863
3.0778,1.53,14.1272,3.1237
2.8137,1.54,12.9994,2.7593
0.0,0.0,0.0,0.0
2.896,1.56,13.5534,2.9
2.9972,1.53,13.7571,2.9107
3.1299,1.51,14.1784,3.2331
3.1271,1.5,14.0718,3.1066
2.8672,1.55,13.3325,2.878
2.9957,1.54,13.8403,2.9705
3.003,1.51,13.6035,3.0
3.1762,1.45,13.8163,3.2885
3.105,1.5,13.9726,3.1853
3.0355,1.52,13.8417,3.1249
2.9623,1.5,13.3303,2.9603
2.9013,1.53,13.317,3.1
3.1505,1.46,13.7991,3.1
3.1938,1.48,14.1803,3.2712
3.1492,1.45,13.6991,3.3219
3.2149,1.46,14.0812,3.0891
3.0516,1.5,13.7323,3.1
0.4518,0.23,0.3117,0.4754
3.1656,1.51,14.3402,3.0923
3.0467,1.51,13.8016,3.0091
2.3088,1.19,8.2423,2.3513
3.0746,1.51,13.9279,3.2
3.1659,1.5,14.2463,3.2426
2.7149,1.53,12.4614,2.7643
3.0677,1.47,13.5284,3.1902
2.9515,1.46,12.9276,2.8024
2.8451,1.52,12.9734,2.6201
2.957,1.49,13.2177,2.9
3.0489,1.53,13.9947,3.0
3.0022,1.52,13.6898,2.9107
3.0721,1.51,13.9168,3.1203
2.9746,1.5,13.3858,2.9986
0.0,0.0,0.0,0.0
3.1173,1.53,14.3084,3.0974
2.9222,1.53,13.4131,2.7293
3.0373,1.53,13.9411,3.0627
3.1593,1.46,13.8377,3.1276
3.1825,1.46,13.9394,3.1253
3.0055,1.5,13.5248,2.9783
3.1144,1.52,14.2019,3.0583
3.0726,1.55,14.2877,2.9319
1.1493,0.56,1.9308,1.0529
2.4683,1.33,9.8484,2.2837
3.4526,1.48,15.3297,3.339
2.9546,1.53,13.5614,3.0486
1.9523,1.01,5.9154,1.831
3.1836,1.5,14.326,3.2
3.1674,1.49,14.1584,3.275
3.1072,1.46,13.6094,3.0136
3.0739,1.5,13.8325,2.9114
3.0464,1.5,13.7088,3.0849
3.2389,1.5,14.5752,3.2049
3.0254,1.48,13.4329,2.9981
2.8029,1.49,12.529,2.9
1.1307,0.56,1.8996,1.1372
3.2246,1.46,14.1239,3.0995
3.0098,1.52,13.7249,2.9463
2.8621,1.51,12.9654,2.7195
2.9807,1.55,13.8601,3.0
3.1498,1.49,14.0794,3.2527
2.8945,1.52,13.1991,2.8
3.0871,1.52,14.0771,3.1261
3.1307,1.49,13.9944,3.2059
3.1459,1.5,14.1565,2.9547
3.0309,1.48,13.457,3.0667
3.0838,1.51,13.9694,3.1382
3.016,1.48,13.3909,3.3641
3.2735,1.51,14.8291,3.2686
3.4173,1.48,15.1728,3.386
3.2097,1.48,14.2509,3.0855
0.7096,0.35,0.7451,0.6434
3.0212,1.48,13.4142,3.1
3.0481,1.5,13.7163,2.913
3.228,1.49,14.4294,2.8613
3.3467,1.47,14.759,3.4827
3.3343,1.49,14.9041,3.5402
2.897,1.49,12.9494,2.9855
3.111,1.48,13.813,2.9772
3.4171,1.48,15.1718,3.2
3.1161,1.51,14.1157,3.4496
3.0608,1.49,13.6816,2.9
0.0,0.0,0.0,0.0
3.0702,1.52,14.0003,3.1426
3.2352,1.45,14.0729,3.2661
2.9118,1.51,13.1903,2.9016
0.0,0.0,0.0,0.0
3.1,1.51,14.0431,2.9156
0.0,0.0,0.0,0.0
3.1504,1.51,14.2715,3.2371
3.3398,1.49,14.9291,3.2554
3.2475,1.47,14.3215,3.1671
3.0792,1.5,13.8565,2.4686
1.6292,0.8,3.9101,1.5865
3.1814,1.5,14.3161,3.3
3.1539,1.47,13.9086,2.9847
3.0321,1.49,13.5535,3.0984
0.0001,0.0,0.0,0.0
2.8725,1.55,13.357,2.9246
3.0017,1.49,13.4174,2.9018
2.8963,1.49,12.9463,2.8164
2.9581,1.47,13.0453,3.0
3.1471,1.51,14.2563,3.2861
2.9632,1.52,13.5121,3.0118
0.0,0.0,0.0,0.0
3.0243,1.52,13.791,3.1999
2.9489,1.52,13.4471,2.8413
3.0327,1.5,13.647,3.1177
3.29,1.48,14.6075,3.4
2.949,1.49,13.1819,3.0055
2.9036,1.55,13.5017,2.8901
2.9841,1.52,13.6075,2.7319
2.9477,1.49,13.1764,3.0
0.0,0.0,0.0,0.0
3.0272,1.49,13.5316,3.2232
3.0765,1.52,14.0287,3.1808
2.7396,1.36,11.1776,2.6377
3.125,1.48,13.8751,3.1443
3.0133,1.52,13.7407,3.1
3.2616,1.48,14.4814,3.3431
1.0123,0.55,1.6703,1.1564
3.0467,1.48,13.5275,2.9012
3.2607,1.49,14.5754,3.3847
3.0118,1.53,13.8244,3.07
3.1258,1.51,14.1599,3.0571
3.038,1.51,13.762,3.0639
3.0431,1.48,13.5115,2.8506
3.0083,1.52,13.7179,2.9139
3.1631,1.47,13.9493,3.2952
2.9698,1.5,13.364,3.6377
1.3938,0.72,3.0105,1.3076
3.1723,1.48,14.0852,3.2093
3.0102,1.52,13.7265,2.9067
3.2067,1.45,13.9493,3.1712
3.1729,1.48,14.0877,2.9
3.0298,1.48,13.4524,3.0
3.0331,1.53,13.9218,3.2215
2.9067,1.52,13.2543,3.369
3.0308,1.5,13.6387,2.813
3.13,1.5,14.0852,2.8925
3.0416,1.51,13.7787,2.9986
3.2314,1.5,14.5414,3.3
3.1574,1.51,14.3031,3.1981
3.0512,1.5,13.7302,3.1089
3.0132,1.5,13.5593,2.8912
2.963,1.44,12.8001,3.1167
3.1475,1.5,14.1639,3.0
3.0605,1.49,13.6805,3.0
3.0301,1.52,13.8173,2.9563
2.9782,1.49,13.3127,2.7769
2.9388,1.54,13.5772,2.9455
3.088,1.5,13.8962,2.9209
3.0688,1.55,14.2699,3.0829
3.3636,1.48,14.9342,3.2
3.1046,1.46,13.5983,3.1573
3.082,1.5,13.8689,3.0634
3.0664,1.51,13.8909,3.0889
2.705,1.49,12.0915,2.9487
0.0,0.0,0.0,0.0
2.9751,1.52,13.5666,2.6611
3.0647,1.52,13.9752,3.1324
3.1543,1.52,14.3836,3.3
3.0428,1.51,13.7837,3.1
3.0167,1.47,13.3035,3.0
3.0318,1.5,13.6432,3.1
3.2006,1.5,14.4025,3.0779
3.0451,1.51,13.7943,2.8986
3.0022,1.5,13.5098,3.0
3.0264,1.5,13.6189,3.0056
3.0763,1.53,14.1202,3.1058
2.9954,1.54,13.8389,3.028
3.1384,1.49,14.0285,3.0251
3.0392,1.49,13.5854,3.2
3.16,1.48,14.0303,3.1448
3.2017,1.49,14.3114,3.3187
2.7369,1.41,11.577,2.583
2.8724,1.52,13.0983,2.7461
2.9758,1.52,13.5699,2.4346
3.1589,1.46,13.8359,3.1112
2.925,1.53,13.4255,2.808
2.9628,1.4,12.4439,3.067
3.1296,1.47,13.8017,3.2577
3.142,1.49,14.0447,3.2
3.1928,1.48,14.1761,3.1644
3.0761,1.52,14.0269,2.9831
3.2976,1.48,14.6412,3.1948
2.9443,1.55,13.6912,2.8114
3.0915,1.52,14.0972,2.9941
2.9113,1.51,13.1884,3.0
3.1693,1.48,14.0715,3.161
2.9592,1.54,13.6716,2.8635
3.0669,1.5,13.801,3.0819
3.1401,1.51,14.2245,3.3374
3.0719,1.51,13.9157,2.8974
3.1091,1.51,14.084,3.0472
3.0611,1.53,14.0506,3.0739
3.0336,1.53,13.9243,3.2685
3.2222,1.51,14.5964,3.0922
3.3027,1.49,14.7633,3.0775
3.141,1.51,14.2286,3.0654
3.0052,1.54,13.8842,3.2
2.8144,1.49,12.5803,2.8368
3.1732,1.47,13.9936,3.1707
3.1939,1.48,14.1809,3.2225
3.0435,1.5,13.6955,3.0803
2.0472,1.0,6.1417,1.9835
3.0868,1.53,14.1684,2.9842
3.2721,1.48,14.5282,3.402
3.0135,1.52,13.7415,3.0739
2.9719,1.52,13.5518,2.918
3.1069,1.5,13.981,2.9458
3.1247,1.46,13.686,3.1771
3.1092,1.5,13.9912,3.1359
2.9193,1.49,13.0491,2.643
3.1641,1.46,13.8587,3.1937
0.0,0.0,0.0,0.0
2.9295,1.48,13.007,2.9151
2.2345,1.2,8.0443,2.1315
3.0661,1.5,13.7976,3.2308
0.0,0.0,0.0,0.0
3.2676,1.49,14.6062,3.5463
3.1656,1.5,14.2453,3.1
3.0809,1.52,14.0489,3.2416
3.1344,1.48,13.9169,3.0857
2.9732,1.49,13.2904,3.6017
2.0046,1.04,6.2544,2.0871
2.8821,1.51,13.0561,2.9885
2.9959,1.52,13.6612,3.0
2.993,1.48,13.2887,3.0613
3.136,1.5,14.1118,3.4107
3.08,1.47,13.5827,2.9771
2.8645,1.5,12.8902,2.6736
3.0417,1.53,13.9615,3.0968
3.0042,1.51,13.609,3.3369
3.0959,1.52,14.1173,2.9256
3.1152,1.48,13.8316,3.1
2.9414,1.54,13.5894,3.0813
3.2527,1.48,14.4419,3.4825
2.9005,1.55,13.4872,2.7623
3.1151,1.47,13.7377,3.0189
2.103,1.08,6.8137,2.2417
0.024,0.01,0.0007,0.0189
3.2582,1.47,14.3685,3.2346
3.0983,1.52,14.1281,3.2088
3.2775,1.48,14.552,3.3807
3.0693,1.51,13.904,3.0885
3.2152,1.5,14.4686,3.258
3.0434,1.52,13.8778,3.1774
3.1101,1.46,13.6222,2.995
3.0065,1.54,13.8899,2.9583
3.1449,1.51,14.2462,3.2
3.0598,1.49,13.6774,2.9139
3.348,1.48,14.8651,3.5
3.2031,1.46,14.0298,3.1939
3.0708,1.49,13.7263,3.1
3.076,1.5,13.8421,3.1086
3.2844,1.49,14.6811,3.2
3.0287,1.49,13.5382,3.0347
3.2118,1.47,14.1641,3.2195
2.7346,1.44,11.8134,2.5344
2.5976,1.51,11.7673,2.4866
3.2122,1.47,14.1657,3.1707
3.0821,1.5,13.8693,3.0556
3.1216,1.51,14.141,3.2938
2.9933,1.51,13.5598,3.041
2.986,1.47,13.1684,2.9
3.0473,1.51,13.804,3.3774
2.9787,1.52,13.5829,2.8
0.1977,0.1,0.0593,0.2082
3.1997,1.49,14.3028,3.2
2.943,1.5,13.2435,3.0772
2.9766,1.52,13.5733,3.045
2.9996,1.56,14.0382,2.8587
3.0198,1.5,13.5891,3.0
3.3008,1.5,14.8536,3.4173
2.9824,1.51,13.5101,2.9315
3.2008,1.47,14.1156,3.1544
2.9638,1.54,13.6926,2.8996
3.2726,1.48,14.5304,3.5398
2.9962,1.54,13.8426,2.9
3.0241,1.53,13.8808,3.0625
2.9878,1.47,13.1762,3.0642
3.0992,1.47,13.6674,3.1306
2.9456,1.49,13.1669,2.7601
2.8233,1.51,12.7895,2.8085
2.9891,1.5,13.4508,3.1231
3.0238,1.5,13.6071,3.0975
2.8352,1.51,12.8434,2.7628
3.1469,1.51,14.2553,3.1578
3.1073,1.54,14.3558,3.1016
2.8865,1.45,12.5563,2.8671
3.0447,1.51,13.7927,2.9377
3.223,1.47,14.2136,3.3802
2.9065,1.52,13.2536,2.5077
3.225,1.47,14.2224,3.2
2.8415,1.52,12.9573,3.0451
3.1364,1.49,14.0196,3.2702
3.0396,1.53,13.9517,2.9
0.0285,0.01,0.0009,0.0318
3.0737,1.5,13.8318,3.0656
2.8764,1.53,13.2026,2.5303
3.0776,1.52,14.0336,3.0335
3.2332,1.49,14.4523,3.2983
3.1892,1.5,14.3512,3.0495
3.0922,1.47,13.6365,3.2
3.2004,1.48,14.2098,3.2686
3.2432,1.48,14.3999,3.5944
3.0599,1.48,13.5859,3.1809
3.1817,1.49,14.2223,3.212
2.7658,1.51,12.5292,2.8893
3.2939,1.47,14.526,3.0773
3.0718,1.51,13.9152,3.6
2.9463,1.51,13.3467,2.4565
3.2278,1.5,14.5252,3.1012
2.9196,1.55,13.5759,2.9387
3.0116,1.49,13.4617,3.1
3.2197,1.48,14.2955,3.1872
2.9749,1.49,13.2976,3.0127
2.9998,1.5,13.4993,3.0
2.975,1.51,13.4768,3.1621
2.811,1.49,12.5654,2.9041
2.9911,1.5,13.4597,2.4491
1.7546,0.89,4.6847,1.8117
2.9832,1.5,13.4244,2.881
2.9233,1.51,13.2427,2.9
3.0291,1.53,13.9037,3.2834
3.1071,1.46,13.6091,3.1288
3.0622,1.53,14.0553,3.0474
3.1471,1.5,14.162,3.0501
3.2288,1.46,14.1421,3.2288
2.9032,1.52,13.2386,3.0868
2.9906,1.42,12.7398,3.0107
3.1177,1.46,13.6553,3.1
3.2385,1.48,14.379,3.2359
3.1281,1.51,14.1702,2.9682
3.0837,1.52,14.0617,2.9801
2.9088,1.4,12.2171,2.3698
2.304,1.14,7.8796,2.4536
2.9308,1.51,13.2767,2.9335
3.1783,1.51,14.3977,3.3078
3.0372,1.5,13.6675,2.9108
0.1137,0.06,0.0205,0.1224
3.1726,1.49,14.1815,3.2
3.1052,1.49,13.8802,3.1316
3.0686,1.51,13.9009,3.0613
3.0442,1.51,13.7904,3.1
3.0752,1.5,13.8382,3.1031
3.006,1.5,13.5268,3.0
2.8864,1.5,12.9887,3.0
2.9864,1.54,13.7971,3.062
3.0422,1.5,13.6899,3.0359
1.304,0.7,2.7384,1.2151
2.9765,1.53,13.6621,2.8336
3.0526,1.5,13.7369,3.0359
3.2563,1.47,14.3601,3.4948
3.0066,1.51,13.6201,2.9
2.65,1.3,10.3349,2.4274
3.124,1.53,14.3389,3.127
3.1265,1.49,13.9754,3.3319
3.0073,1.53,13.8037,2.9798
2.9453,1.51,13.3423,2.8953
2.3069,1.21,8.3739,2.1765
3.0521,1.52,13.9177,3.0996
3.0873,1.49,13.8004,3.2667
3.0199,1.52,13.7705,3.106
3.0162,1.49,13.4826,3.0986
3.156,1.48,14.0125,3.2916
2.9523,1.49,13.1968,3.1075
3.1842,1.5,14.3287,3.1797
3.0728,1.46,13.4591,3.139
3.1609,1.51,14.3191,3.241
3.0841,1.52,14.0633,3.2559
3.0487,1.49,13.6278,3.0065
3.1986,1.48,14.2016,3.2395
2.9804,1.51,13.5011,3.0366
3.1912,1.51,14.456,3.4676
2.9933,1.51,13.5595,3.085
3.1463,1.48,13.9695,2.8436
3.0199,1.48,13.4085,3.0234
3.0416,1.51,13.7783,2.9741
3.2988,1.47,14.5476,3.3537
2.9231,1.49,13.0662,2.8931
2.9966,1.51,13.5747,3.0091
3.1422,1.48,13.9514,3.2523
3.1113,1.49,13.9075,3.0323
2.9334,1.5,13.2004,2.8444
3.1731,1.5,14.2792,3.1541
3.0608,1.5,13.7737,3.3644
2.8952,1.49,12.9415,3.0387
2.296,1.14,7.8524,2.3043
2.9918,1.53,13.7323,2.979
3.0419,1.53,13.9622,3.1
1.5985,0.84,4.0282,1.5511
0.147,0.07,0.0309,0.1495
0.0,0.0,0.0,0.0
3.0706,1.49,13.7256,3.0983
3.0415,1.49,13.5954,3.0634
2.6837,1.33,10.7078,3.1044
2.047,1.03,6.3251,1.9603
2.4487,1.24,9.109,2.5619
3.0354,1.49,13.5683,3.0163
2.9991,1.52,13.6761,3.0296
3.1283,1.5,14.0775,3.2262
2.987,1.53,13.7105,2.9641
2.9845,1.51,13.5197,3.2889
3.0987,1.52,14.1299,3.0401
3.1107,1.5,13.998,2.9957
3.0105,1.54,13.9084,3.0102
2.8045,1.51,12.7045,3.5254
2.9817,1.49,13.3282,2.7906
3.0901,1.47,13.6273,3.1
2.9307,1.53,13.4521,2.9511
0.0,0.0,0.0,0.0
3.2433,1.46,14.2058,3.2
1.9814,0.99,5.8848,1.7715
3.0812,1.5,13.8655,3.0179
3.0002,1.53,13.771,2.8838
3.0845,1.5,13.8801,3.3254
2.9763,1.53,13.6612,3.1
3.152,1.49,14.0896,3.1085
2.9362,1.47,12.9487,2.9197
3.265,1.46,14.3006,2.9942
3.2889,1.47,14.5041,3.3883
3.1542,1.47,13.9099,2.7578
2.9231,1.53,13.417,3.0552
1.1677,0.6,2.1019,1.1508
3.083,1.49,13.781,3.2733
3.0278,1.51,13.7161,3.0178
2.9757,1.52,13.5692,2.9174
3.049,1.5,13.7204,3.0
3.0128,1.54,13.919,3.1641
1.7729,0.95,5.0529,1.6828
3.2546,1.51,14.7432,3.4984
3.2292,1.47,14.2408,3.1551
3.1166,1.51,14.1182,3.1
3.0445,1.46,13.3349,3.0214
2.9886,1.52,13.6279,3.0345
3.0792,1.53,14.1337,2.9726
3.3025,1.48,14.6632,3.5229
0.9804,0.56,1.647,1.0315
3.0257,1.48,13.4341,3.1086
3.0645,1.52,13.9739,3.1353
3.0596,1.52,13.9518,3.2355
2.8694,1.5,12.9125,2.9979
2.957,1.52,13.4838,2.7194
2.8579,1.5,12.8604,2.6959
2.8767,1.53,13.2041,2.6467
3.0017,1.48,13.3278,3.1261
3.0939,1.52,14.1084,3.1166
3.2067,1.51,14.5262,3.2346
3.0201,1.51,13.6812,2.9132
2.8996,1.49,12.961,3.2698
3.1457,1.49,14.0613,3.1
2.9354,1.52,13.3855,2.9107
1.5065,0.77,3.48,1.3607
3.0918,1.5,13.913,3.1639
2.9833,1.5,13.425,3.0
3.0941,1.51,14.0163,2.8098
3.1197,1.5,14.0387,3.1818
0.0,0.0,0.0,0.0
3.0531,1.5,13.739,3.0863
3.1074,1.51,14.0767,3.311
2.9946,1.51,13.5657,3.0845
2.981,1.44,12.8777,2.9284
3.0368,1.52,13.8477,3.0
3.0402,1.5,13.6811,3.2575
3.3376,1.49,14.919,3.2228
2.8455,1.52,12.9753,2.9875
3.0789,1.51,13.9476,3.0418
3.0494,1.53,13.9968,3.3257
3.0623,1.51,13.8722,3.0215
3.2033,1.47,14.1264,3.1949
3.1514,1.51,14.2758,3.0
3.1844,1.49,14.2343,3.1355
2.9955,1.52,13.6595,2.8954
3.0382,1.52,13.8541,3.0
0.9753,0.54,1.58,0.9732
3.2234,1.51,14.6021,3.1113
3.3629,1.49,15.0323,3.342
3.294,1.5,14.823,3.3893
3.2127,1.5,14.457,3.3025
3.0074,1.49,13.4429,3.2265
3.2128,1.49,14.3612,3.1483
0.0872,0.05,0.0131,0.0715
2.9795,1.53,13.676,2.7504
3.134,1.48,13.9152,3.0058
3.0218,1.51,13.689,2.9216
3.091,1.51,14.0021,3.0101
3.1288,1.48,13.8917,3.0508
3.2694,1.47,14.418,3.3508
3.1733,1.5,14.2799,3.0238
2.9904,1.5,13.457,3.0536
2.4082,1.23,8.8863,2.5199
3.1413,1.48,13.9474,2.9359
3.0996,1.5,13.948,3.0867
3.0385,1.5,13.6731,3.3736
3.2109,1.5,14.449,3.1082
3.0312,1.5,13.6406,3.1974
1.8512,0.94,5.2204,1.7396
3.0198,1.49,13.4987,3.0573
3.2601,1.48,14.4747,3.4952
1.1688,0.6,2.1038,1.16
3.0616,1.5,13.7773,3.3057
3.0592,1.52,13.9501,2.9
3.0983,1.49,13.8495,3.2
0.3943,0.2,0.2366,0.4098
3.187,1.48,14.1504,3.1134
2.9862,1.46,13.0797,3.2822
3.0514,1.51,13.823,3.0
3.2236,1.46,14.1192,3.2
3.1074,1.46,13.6105,3.109
3.1223,1.5,14.0502,3.1601
3.1404,1.46,13.755,3.1141
2.9604,1.49,13.233,2.7
2.9076,1.48,12.9099,3.0115
2.9755,1.47,13.1221,2.8
2.36,1.23,8.7085,2.4413
0.8441,0.41,1.0382,0.7691
3.0047,1.47,13.2508,3.0
3.124,1.49,13.9642,3.0827
2.9791,1.51,13.4954,2.9488
3.0515,1.5,13.7316,3.1906
3.1684,1.5,14.2578,3.2088
3.0611,1.52,13.9585,3.202
2.417,1.22,8.8461,2.634
3.008,1.52,13.7166,2.8865
3.1949,1.5,14.3771,3.1732
3.0637,1.51,13.8786,3.0066
3.0279,1.53,13.8982,3.1413
3.1411,1.52,14.3235,3.2894
3.0757,1.52,14.025,2.7895
2.9813,1.54,13.7737,2.9696
2.7973,1.51,12.6719,2.6414
3.1518,1.48,13.994,3.2471
2.9876,1.49,13.3546,2.97
2.6526,1.52,12.0959,2.6391
3.2677,1.49,14.6066,3.2029
1.0356,0.53,1.6465,0.9554
0.0,0.0,0.0,0.0
3.0094,1.5,13.5422,2.9282
3.0725,1.55,14.2871,3.1421
1.8353,0.98,5.3958,1.6716
3.0761,1.48,13.658,2.989
3.1728,1.48,14.0874,3.0994
2.914,1.51,13.2005,2.8734
3.1141,1.48,13.8266,3.0142
3.0414,1.49,13.5949,3.2106
3.3028,1.44,14.2682,3.2289
3.2104,1.51,14.5432,3.2929
3.3903,1.47,14.9514,3.4854
2.8484,1.52,12.9887,2.955
0.4279,0.22,0.2824,0.4625
2.9845,1.49,13.3408,3.0372
3.0316,1.47,13.3695,3.0008
2.9235,1.54,13.5066,3.1288
3.2898,1.44,14.2119,3.3
3.1418,1.49,14.0438,3.0975
3.0871,1.49,13.7994,3.2583
3.0661,1.49,13.7055,3.0512
2.9819,1.54,13.7763,3.0
3.0716,1.48,13.638,2.9815
3.128,1.53,14.3577,3.141
3.0651,1.51,13.885,3.0
3.016,1.52,13.7532,3.1722
3.2398,1.38,13.4126,3.2793
2.8169,1.52,12.8451,2.8371
3.2005,1.48,14.2104,3.2819
3.111,1.48,13.8129,3.1389
1.9941,1.02,6.102,2.0576
0.6604,0.35,0.6934,0.681
3.1626,1.5,14.2319,3.3256
3.2731,1.48,14.5326,3.3131
2.9618,1.5,13.3281,2.6737
1.7572,0.88,4.6391,1.9557
3.1175,1.52,14.2158,3.3142
3.2159,1.51,14.568,3.2698
3.2501,1.49,14.5278,3.3227
3.0391,1.5,13.676,2.8
2.9776,1.51,13.4888,2.8292
3.1191,1.52,14.2232,3.1059
3.2445,1.5,14.6002,3.3755
3.2108,1.49,14.3523,3.1035
3.1356,1.44,13.5457,3.3608
3.1713,1.49,14.1759,3.159
0.9961,0.58,1.7333,1.0123
3.1646,1.49,14.1459,3.3127
3.1694,1.5,14.2623,3.2335
2.9667,1.52,13.5281,2.9789
2.9124,1.55,13.5426,2.9867
0.0,0.0,0.0,0.0
2.9662,1.52,13.5258,2.946
2.9654,1.54,13.7001,2.8
3.2539,1.46,14.2522,3.1444
3.0969,1.51,14.0291,3.1411
3.2383,1.48,14.3782,3.0634
3.118,1.47,13.7502,3.2257
3.1294,1.48,13.8945,3.0942
3.0194,1.49,13.4966,2.9975
1.7249,0.87,4.502,1.9269
0.2318,0.12,0.0834,0.1979
3.0909,1.49,13.8165,3.3289
2.9439,1.54,13.601,2.9782
2.3115,1.19,8.2522,2.1458
3.0065,1.56,14.0703,3.1
3.2321,1.5,14.5447,3.1721
3.1525,1.47,13.9024,3.2045
2.9179,1.5,13.1305,2.6253
3.1032,1.52,14.1507,3.1863
3.1912,1.46,13.9773,3.2859
3.1812,1.46,13.9337,3.2
2.9549,1.52,13.4741,2.9645
3.0947,1.51,14.0189,2.9508
3.0887,1.48,13.7139,3.1921
3.0739,1.48,13.6481,2.9947
3.0141,1.48,13.3826,2.8081
3.106,1.5,13.9772,3.1
3.4118,1.48,15.1485,3.2587
3.069,1.5,13.8104,2.9952
3.0822,1.47,13.5925,3.1434
2.8674,1.55,13.3333,2.8
3.0556,1.46,13.3834,3.0
3.033,1.51,13.7395,2.7
3.1812,1.52,14.5064,3.0542
3.0303,1.47,13.3638,3.0
3.1314,1.45,13.6218,3.004
3.1094,1.52,14.179,3.0101
3.2333,1.48,14.3557,2.9374
3.0751,1.48,13.6533,3.0
3.2143,1.49,14.3678,3.3028
3.0452,1.52,13.8862,3.0367
3.0399,1.54,14.0442,2.9846
3.179,1.45,13.8285,3.1306
3.1894,1.48,14.1612,3.2166
3.28,1.48,14.5632,3.1071
2.9371,1.55,13.6576,3.0088
3.0572,1.5,13.7573,2.8704
3.0849,1.47,13.6042,3.1
3.1089,1.51,14.0834,3.0039
3.0977,1.51,14.0324,3.099
3.1361,1.5,14.1124,3.1794
3.1591,1.51,14.3107,3.2457
3.1226,1.49,13.9579,2.9829
3.0012,1.52,13.6856,2.9394
2.9797,1.52,13.5872,2.9281
3.0565,1.52,13.9375,3.0
0.0,0.0,0.0,0.0
2.1698,1.18,7.6811,2.5992
3.046,1.53,13.981,3.0
3.0287,1.5,13.6293,3.0419
2.1096,1.09,6.8985,2.3494
3.134,1.5,14.1032,3.3
3.1322,1.51,14.1887,3.1
3.0633,1.52,13.9685,3.1181
3.2321,1.49,14.4477,3.1654
3.3039,1.49,14.7686,3.1639
3.08,1.5,13.8601,2.7
3.0062,1.51,13.6179,3.0
0.2078,0.11,0.0686,0.1846
3.2994,1.49,14.7483,3.3497
3.2229,1.44,13.9231,3.3862
3.0641,1.51,13.8803,2.847
3.2354,1.47,14.2683,3.0637
2.1503,1.11,7.1605,2.1586
3.0296,1.54,13.997,3.295
2.8286,1.55,13.1529,2.905
3.0539,1.5,13.7426,3.0407
3.0879,1.52,14.0807,3.0873
3.0189,1.53,13.8567,3.0995
3.0645,1.52,13.9743,3.0324
3.1209,1.49,13.9503,2.8826
3.0816,1.5,13.8673,2.9159
2.8744,1.52,13.1073,2.7629
3.2669,1.49,14.6031,3.2449
2.974,1.51,13.4721,3.0
3.1348,1.5,14.1065,3.3549
2.9425,1.53,13.5059,2.8
3.0435,1.52,13.8784,2.9164
2.9854,1.5,13.4344,2.9664
0.0,0.0,0.0,0.0
2.9937,1.5,13.4717,2.9788
3.0884,1.47,13.62,3.0
2.7267,1.53,12.5157,3.0
3.0303,1.53,13.9089,2.9001
3.0446,1.52,13.8836,2.9891
3.1961,1.45,13.9029,3.1081
3.1014,1.48,13.7701,3.1269
3.1106,1.47,13.7177,3.1
2.9424,1.54,13.594,2.8548
2.9897,1.54,13.8124,2.936
3.0867,1.51,13.9829,3.3
3.0956,1.47,13.6516,3.1474
2.9687,1.51,13.4483,3.1436
2.8858,1.55,13.4188,2.8305
3.0331,1.49,13.5581,3.0228
3.0681,1.51,13.8983,2.9583
3.1121,1.46,13.6309,2.9109
3.1818,1.49,14.2228,3.2
3.018,1.53,13.8525,3.0535
2.98,1.47,13.1419,3.0465
3.2634,1.48,14.4896,3.1548
3.1896,1.46,13.9704,3.2
3.1506,1.48,13.9887,3.1008
3.04,1.5,13.6799,2.7555
3.1571,1.49,14.1123,3.2171
3.2267,1.46,14.133,3.2
2.9707,1.53,13.6357,3.0
3.0544,1.53,14.0198,3.0531
3.0137,1.49,13.4711,3.0161
3.0976,1.5,13.9394,3.153
3.1894,1.46,13.9696,3.2237
1.1176,0.56,1.8776,1.089
3.1636,1.51,14.3312,3.001
3.0604,1.48,13.588,3.1337
2.6312,1.34,10.5775,2.7411
3.0835,1.47,13.5983,3.1
0.0,0.0,0.0,0.0
3.053,1.52,13.9215,3.1686
2.8341,1.51,12.8383,3.0421
3.2627,1.49,14.5843,3.1769
3.0735,1.52,14.015,3.0817
3.0033,1.53,13.7849,2.8692
3.0711,1.51,13.9121,3.0543
3.1409,1.46,13.757,3.1
3.0262,1.51,13.7087,3.0978
2.9154,1.47,12.8571,2.9054
3.1159,1.51,14.1152,2.9344
3.1363,1.49,14.0194,2.96
2.9168,1.53,13.3883,2.806
3.1719,1.49,14.1782,3.2279
3.1453,1.51,14.2483,3.1711
3.004,1.49,13.4278,3.1914
3.2489,1.47,14.3275,3.2035
3.15,1.51,14.2697,3.1911
3.0906,1.52,14.093,3.277
3.0944,1.44,13.3677,2.9257
2.8695,1.53,13.1712,2.9989
3.1042,1.49,13.8756,3.0446
3.1177,1.52,14.2169,3.2749
3.0803,1.51,13.9537,2.9144
3.1902,1.49,14.2604,3.329
3.2018,1.48,14.2161,3.2726
2.997,1.51,13.5764,3.2563
2.9655,1.43,12.7219,2.8932
3.0881,1.49,13.8038,3.1468
3.051,1.46,13.3633,3.1
2.9173,1.52,13.3028,2.8067
3.2782,1.49,14.6535,3.1721
2.962,1.53,13.5956,3.0988
3.215,1.52,14.6603,3.0245
2.8472,1.53,13.0684,2.9
3.1197,1.49,13.9449,2.9043
3.1418,1.48,13.9496,3.0615
3.1533,1.5,14.1899,3.2
3.2939,1.5,14.8224,3.3762
3.2512,1.49,14.5327,3.4157
1.2347,0.65,2.4077,1.3017
3.2569,1.49,14.5583,3.2
2.6883,1.51,12.1782,2.5829
3.0982,1.51,14.0347,3.0609
3.0713,1.49,13.7288,3.0766
2.9908,1.52,13.638,2.9824
3.1322,1.5,14.0951,3.1422
3.1487,1.52,14.358,3.3
2.9478,1.55,13.7072,3.04
3.105,1.49,13.8795,3.0498
3.1558,1.5,14.2012,3.2791
2.9562,1.5,13.3031,3.0814
2.9517,1.48,13.1056,3.241
3.1205,1.51,14.1357,3.0644
3.1303,1.47,13.8045,3.2
3.0455,1.46,13.3391,3.0922
3.0583,1.49,13.6704,3.0909
3.0612,1.49,13.6838,2.8999
3.1021,1.5,13.9594,3.1
3.1637,1.5,14.2365,3.1648
3.1095,1.49,13.8993,3.0056
3.0304,1.48,13.4552,3.1683
2.9996,1.5,13.4981,2.7247
2.969,1.48,13.1826,3.0062
1.9101,0.94,5.3866,1.7483
3.0231,1.49,13.5135,3.2
3.1468,1.51,14.255,3.0579
2.9275,1.51,13.2615,3.0783
3.4208,1.47,15.0859,3.4982
3.1093,1.51,14.0853,2.926
3.0991,1.47,13.6668,3.2081
3.2043,1.49,14.3234,3.4222
3.2048,1.51,14.5178,3.2
3.1539,1.51,14.2872,3.3843
3.0825,1.53,14.1489,2.5566
3.0647,1.52,13.9748,3.0
2.9495,1.48,13.0956,3.0124
3.1692,1.49,14.1663,3.2
3.0428,1.53,13.9665,2.9526
2.9126,1.53,13.3686,3.2757
3.0425,1.53,13.9651,3.0277
3.076,1.51,13.9343,2.9157
3.07,1.5,13.8149,3.0424
3.0378,1.51,13.7614,3.0204
2.9898,1.47,13.1848,3.0854
3.0694,1.45,13.3517,2.7163
3.0617,1.5,13.7776,3.204
2.7524,1.51,12.4685,2.9185
3.1226,1.51,14.1453,3.006
3.1364,1.49,14.0196,3.0302
3.2337,1.49,14.4548,3.2474
3.049,1.51,13.8118,3.0
3.2698,1.46,14.3217,3.2017
3.1369,1.51,14.2103,3.257
3.0371,1.5,13.6669,2.9891
2.9981,1.51,13.5812,3.3995
3.0119,1.5,13.5535,3.1119
2.9522,1.51,13.3734,3.0606
0.174,0.09,0.047,0.1442
2.8634,1.53,13.1431,2.7925
3.0678,1.51,13.8973,3.1952
2.9763,1.47,13.1253,2.9362
2.1476,1.1,7.087,2.0635
2.9857,1.54,13.7938,2.8947
2.8929,1.54,13.3654,2.7578
3.1795,1.5,14.3076,2.8
3.0062,1.5,13.528,3.0334
3.1459,1.5,14.1566,2.9341
3.1618,1.49,14.1332,3.1669
3.0092,1.49,13.4511,2.7375
3.0597,1.5,13.7685,3.0
2.335,1.32,9.2466,2.4711
3.0161,1.53,13.844,3.0831
2.9467,1.43,12.6413,2.8521
3.1723,1.5,14.2752,3.1
2.9788,1.54,13.7623,2.9
3.0834,1.51,13.9679,2.8601
3.0042,1.5,13.5188,2.6896
2.9906,1.53,13.7269,3.1
3.1508,1.51,14.2731,3.1538
3.0976,1.53,14.218,3.1784
3.0312,1.53,13.9133,3.2
2.8681,1.55,13.3369,2.8513
2.9996,1.53,13.7684,2.9494
2.9299,1.55,13.6239,2.8045
3.0677,1.5,13.8049,3.1
3.0014,1.49,13.4164,2.8495
3.2655,1.47,14.4007,3.2537
3.2089,1.48,14.2476,3.1497
3.0557,1.51,13.8424,2.9891
3.3352,1.49,14.9081,3.274
3.1655,1.5,14.2449,3.1
3.3366,1.5,15.0145,3.3221
2.1887,1.14,7.4854,2.235
2.8529,1.51,12.9238,2.7
3.0383,1.53,13.9458,3.0869
0.2514,0.12,0.0905,0.2346
3.0552,1.54,14.115,2.9846
2.9573,1.52,13.4853,2.9708
0.0,0.0,0.0,0.0
3.0881,1.5,13.8965,3.096
3.0622,1.51,13.8717,2.9843
2.9453,1.52,13.4305,2.681
3.2713,1.48,14.5248,3.135
3.0588,1.51,13.8563,3.0457
3.0854,1.47,13.6067,3.136
3.1935,1.49,14.275,3.2917
3.0112,1.5,13.5502,3.2219
2.9434,1.53,13.5104,3.1
0.5401,0.29,0.4699,0.5693
3.0315,1.52,13.8237,3.1048
2.7368,1.36,11.1661,2.5182
3.1007,1.51,14.0461,3.0
3.0638,1.52,13.9711,2.9517
2.8547,1.52,13.0173,2.7827
1.7394,0.93,4.853,1.5919
3.1671,1.48,14.0621,3.0829
3.0809,1.47,13.5866,3.0955
3.1035,1.5,13.9659,3.1301
3.0912,1.49,13.8175,3.1
3.0922,1.48,13.7295,3.0453
3.2008,1.51,14.4998,3.2422
3.1471,1.48,13.9733,3.129
3.2103,1.5,14.4462,3.4421
3.178,1.48,14.1101,3.1816
0.4093,0.21,0.2578,0.411
3.0776,1.54,14.2186,3.163
3.0739,1.52,14.0168,3.3568
3.0614,1.52,13.9601,2.9274
3.1898,1.51,14.4497,3.2548
3.2311,1.47,14.2493,3.2872
3.1418,1.48,13.9496,3.3441
3.0098,1.51,13.6346,2.9037
3.2067,1.46,14.0452,3.1472
2.8897,1.52,13.177,2.8081
3.0342,1.54,14.0181,2.9145
3.123,1.45,13.5851,3.1994
3.1315,1.47,13.8099,3.0649
2.9418,1.51,13.3261,2.7
2.4397,1.27,9.2954,2.6061
3.0544,1.51,13.8367,3.0017
3.0863,1.53,14.1659,2.8902
2.9802,1.51,13.5003,3.1207
3.2665,1.48,14.5033,3.2001
3.1265,1.5,14.0691,3.2559
0.0,0.0,0.0,0.0
3.0604,1.49,13.68,3.1972
3.2784,1.49,14.6545,3.2735
3.0467,1.51,13.8014,3.1861
3.0715,1.49,13.7298,2.8234
3.098,1.48,13.755,3.2
3.0755,1.52,14.0241,3.0048
2.9212,1.49,13.0578,2.6655
2.8054,1.52,12.7925,3.0
1.218,0.64,2.3385,1.1128
3.0455,1.54,14.0703,3.0205
0.9329,0.5,1.3993,1.0041
2.9901,1.49,13.3659,3.0067
3.0707,1.53,14.0947,3.1
2.7451,1.55,12.7646,2.7
3.1544,1.47,13.911,3.3559
3.1054,1.49,13.8811,2.9062
2.9876,1.48,13.265,3.0079
2.7349,1.37,11.2405,2.7366
1.4801,0.82,3.6412,1.4878
3.1703,1.5,14.2663,3.1105
3.0427,1.5,13.692,3.1644
3.1288,1.48,13.892,3.239
3.0754,1.5,13.8392,2.9706
3.1317,1.51,14.1864,3.2079
2.8936,1.55,13.4551,2.9225
2.9763,1.54,13.7503,3.0
3.1704,1.49,14.1716,3.52
3.0258,1.49,13.5253,3.0489
3.1433,1.47,13.8617,3.3156
3.2638,1.48,14.4912,3.3006
3.0737,1.51,13.9238,2.913
3.1006,1.52,14.1386,3.0734
3.4375,1.47,15.1595,3.5
3.2316,1.47,14.2515,3.4
3.1256,1.5,14.0653,3.2618
0.0,0.0,0.0,0.0
2.9628,1.46,12.9772,2.5362
3.0738,1.52,14.0166,3.0576
3.1061,1.49,13.8841,3.147
3.0471,1.52,13.8949,3.0032
3.0583,1.53,14.0376,2.9362
3.0782,1.51,13.9442,3.0722
2.8519,1.48,12.6626,2.9604
3.2851,1.44,14.1915,3.2551
3.0453,1.5,13.7039,2.9
0.4329,0.23,0.2987,0.4599
3.1794,1.5,14.3072,3.4
3.3967,1.49,15.1833,3.1528
0.0,0.0,0.0,0.0
3.192,1.47,14.0766,3.2094
3.2416,1.51,14.6843,3.1
1.2321,0.65,2.4026,1.3436
3.049,1.48,13.5374,3.2295
3.0715,1.49,13.7295,2.926
2.9622,1.51,13.4188,3.1142
3.1708,1.48,14.0781,3.5803
3.2512,1.47,14.3376,3.3101
3.1387,1.5,14.1242,2.9612
2.8918,1.51,13.0999,3.2
3.2115,1.5,14.4517,3.0674
3.0102,1.53,13.8168,3.0
3.1471,1.51,14.2566,3.0919
2.9672,1.49,13.2635,2.9824
3.083,1.53,14.1508,3.1246
3.0489,1.48,13.5371,3.0
3.1314,1.52,14.279,3.1662
3.1078,1.5,13.9852,3.1
3.0697,1.5,13.8134,3.1103
3.03,1.53,13.9078,3.1
2.86,1.53,13.1274,3.0207
2.9415,1.43,12.6192,3.1
3.2801,1.46,14.3669,3.3378
3.1191,1.5,14.0361,3.3792
3.0493,1.49,13.6302,3.1052
3.0754,1.47,13.5625,3.1827
3.1855,1.49,14.239,2.8937
3.0775,1.51,13.9412,3.004
3.0282,1.52,13.8086,3.1625
3.1309,1.5,14.0889,3.2137
3.0673,1.5,13.8027,3.1
2.8534,1.49,12.7549,2.9513
2.9134,1.55,13.5473,2.8355
3.1237,1.5,14.0569,3.3961
3.0839,1.53,14.1551,3.2191
3.0774,1.5,13.8484,3.0611
3.0147,1.52,13.7469,3.0
1.2149,0.61,2.2233,1.1195
3.025,1.51,13.7033,2.9688
3.2188,1.5,14.4846,3.5028
3.1927,1.46,13.9839,3.1
2.9691,1.52,13.5389,2.9135
3.1159,1.5,14.0214,3.1282
3.158,1.48,14.0216,3.2
3.0002,1.48,13.3208,2.9665
1.9164,0.92,5.2893,1.7525
3.3095,1.48,14.694,3.4931
3.1162,1.5,14.0227,3.1493
3.0079,1.52,13.716,2.9
3.1047,1.49,13.8781,2.9905
3.0171,1.52,13.7579,3.111
2.9925,1.51,13.5558,3.0834
3.0631,1.51,13.8759,2.963
3.0293,1.54,13.9955,2.8394
3.2557,1.47,14.3576,3.0771
3.1193,1.45,13.5689,3.1342
3.2294,1.47,14.2416,3.2998
0.0,0.0,0.0,0.0
3.029,1.53,13.9032,3.08
3.2515,1.48,14.4369,3.3236
3.0122,1.52,13.7355,2.9692
3.1043,1.52,14.1555,3.2
3.085,1.48,13.6975,3.107
2.9814,1.54,13.7739,3.1508
2.9722,1.54,13.7317,3.169
2.9672,1.5,13.3525,2.9542
3.1729,1.51,14.373,3.0
2.1204,1.01,6.4248,2.3239
3.2097,1.52,14.6362,3.3
2.8424,1.54,13.1319,2.8228
3.1418,1.52,14.3264,3.0911
3.083,1.52,14.0583,3.1
3.0145,1.51,13.6559,2.9167
3.1317,1.52,14.2806,3.1381
3.2049,1.48,14.2298,3.1805
3.0155,1.53,13.8413,2.8961
2.8664,1.53,13.1567,2.8153
3.021,1.53,13.8664,3.2
3.2413,1.45,14.0997,3.2712
2.9237,1.49,13.0688,2.6511
1.9859,1.06,6.3153,1.9604
2.9821,1.46,13.0615,3.0541
3.2016,1.48,14.2151,3.2793
3.0065,1.54,13.89,2.9
3.142,1.5,14.1389,3.0471
3.1318,1.52,14.2811,2.9
0.0,0.0,0.0,0.0
3.0756,1.44,13.2867,3.212
3.0822,1.5,13.8698,3.1982
3.0396,1.54,14.0431,2.9688
2.8838,1.57,13.5828,2.9027
3.061,1.53,14.0501,3.0397
3.1782,1.48,14.1113,3.2201
0.0,0.0,0.0,0.0
3.1811,1.46,13.933,2.9078
3.0364,1.5,13.6636,3.0747
3.1013,1.45,13.4907,3.1896
3.2198,1.47,14.1995,3.2817
3.2337,1.47,14.2607,3.2
3.2139,1.49,14.3663,3.309
3.1781,1.46,13.92,3.1198
3.0323,1.52,13.8273,2.9813
3.0499,1.5,13.7246,2.7697
3.0598,1.53,14.0446,2.9747
3.1767,1.48,14.1046,3.1683
3.2134,1.45,13.9782,3.2
0.4731,0.25,0.3549,0.4377
0.3657,0.19,0.2085,0.3783
3.1932,1.51,14.4651,3.2618
3.0754,1.52,14.0238,3.1
3.1497,1.51,14.2681,3.3017
3.0395,1.54,14.0426,3.0375
2.888,1.5,12.9961,3.0729
3.1612,1.46,13.8462,3.2872
3.0596,1.5,13.7681,3.1535
3.1158,1.52,14.2082,2.9278
3.1817,1.49,14.2223,3.1941
3.0803,1.5,13.8615,2.9472
3.1223,1.48,13.863,3.3938
3.093,1.48,13.733,3.1664
3.0503,1.5,13.7265,2.9052
3.0687,1.54,14.1773,3.0855
3.0293,1.5,13.632,2.6411
3.2247,1.47,14.2211,3.1339
3.1375,1.48,13.9307,3.5721
3.0814,1.51,13.9588,3.0662
3.0418,1.51,13.7794,3.1
3.1486,1.5,14.1685,3.2
2.9956,1.49,13.3902,2.8317
3.2342,1.46,14.1658,3.1868
2.7441,1.54,12.6779,2.6607
3.203,1.47,14.1253,3.2798
3.022,1.48,13.4176,2.8013
3.0591,1.45,13.3072,3.2
3.2152,1.48,14.2756,3.8338
3.0917,1.49,13.82,3.2
3.1038,1.48,13.7809,3.2382
3.1915,1.49,14.266,3.2043
1.6199,0.81,3.9364,1.7158
2.9837,1.5,13.4265,2.8919
0.0,0.0,0.0,0.0
0.0,0.0,0.0,0.0
3.1216,1.49,13.9537,3.1591
3.0727,1.5,13.827,3.1
3.1538,1.46,13.8137,2.9409
3.0424,1.49,13.5994,3.0868
3.1296,1.5,14.0831,3.1493
2.9352,1.51,13.2966,2.6278
3.0796,1.46,13.4888,3.1139
3.2097,1.46,14.0583,2.9894
3.0939,1.49,13.8298,3.0302
2.3993,1.3,9.3572,2.477
3.2377,1.48,14.3755,3.2724
2.8289,1.51,12.8151,2.7367
3.0639,1.5,13.7873,3.1
2.9919,1.54,13.8224,2.7782
3.0852,1.51,13.9757,3.221
3.0568,1.5,13.7557,3.026
3.016,1.49,13.4813,3.2
2.0383,1.04,6.3595,2.1613
3.1158,1.48,13.8344,3.1433
3.0888,1.51,13.9923,2.7983
3.1021,1.48,13.7733,3.0839
3.0727,1.49,13.7349,2.973
3.0002,1.52,13.681,2.9792
3.0251,1.56,14.1576,2.8038
3.0595,1.52,13.9514,3.0
3.0695,1.51,13.9049,3.0826
3.2569,1.47,14.3629,3.3
2.7242,1.55,12.6676,2.5
1.686,0.86,4.3499,1.5904
0.0,0.0,0.0,0.0
3.1157,1.48,13.8339,3.0156
3.064,1.5,13.7882,3.0984
2.9304,1.55,13.6262,2.8539
3.0618,1.51,13.8701,3.1
3.1481,1.5,14.1665,3.2
3.0206,1.53,13.8643,3.1
3.0709,1.5,13.8192,3.2072
2.9992,1.51,13.5863,3.0
0.0,0.0,0.0,0.0
2.9969,1.49,13.3962,2.6037
3.025,1.51,13.703,3.0573
3.0359,1.48,13.4794,3.0061
2.8473,1.51,12.8982,2.6853
0.0,0.0,0.0,0.0
3.0617,1.53,14.053,3.0
3.0916,1.54,14.2831,2.9556
0.8076,0.39,0.9449,0.7857
3.1387,1.5,14.1243,3.1769
3.046,1.52,13.8895,2.9269
3.0928,1.52,14.1032,3.1091
3.123,1.47,13.7723,3.1808
3.1171,1.49,13.9336,3.2631
3.0603,1.46,13.4042,3.0692
2.4953,1.3,9.7316,2.7173
2.8601,1.56,13.3853,2.8811
2.5238,1.31,9.9184,2.5715
3.1984,1.46,14.0091,3.1242
2.3963,1.26,9.058,2.2607
3.0999,1.49,13.8565,3.1
3.2321,1.45,14.0595,3.1
0.6646,0.34,0.6779,0.6791
3.2334,1.49,14.4535,3.1335
1.2419,0.65,2.4217,1.2821
3.1468,1.47,13.8774,3.0125
3.1267,1.5,14.0699,3.1271
0.7106,0.34,0.7249,0.7134
3.1552,1.51,14.2931,3.3
2.9968,1.52,13.6656,3.0
3.4209,1.48,15.1886,3.2349
3.0495,1.51,13.8143,3.0506
2.7735,1.5,12.4806,2.8502
3.169,1.51,14.3554,3.1353
3.041,1.49,13.5931,3.3771
3.0909,1.5,13.9092,3.2061
3.2807,1.48,14.5661,3.3282
0.4593,0.24,0.3307,0.4375
3.1017,1.49,13.8648,3.1797
2.2756,1.16,7.9191,2.4391
0.0,0.0,0.0,0.0
3.1166,1.51,14.1181,3.0771
1.0962,0.59,1.9403,1.0527
3.0193,1.48,13.4057,3.1
2.8832,1.55,13.4069,2.7678
3.1045,1.48,13.7841,3.0862
2.9477,1.48,13.0877,3.1769
3.0102,1.54,13.9069,3.0872
3.0548,1.51,13.8383,3.042
3.1187,1.51,14.1278,2.6117
3.0498,1.53,13.9985,3.0045
3.1259,1.45,13.5976,3.1
3.0614,1.52,13.9602,3.0829
3.2759,1.47,14.4466,3.2113
2.6339,1.35,10.6674,2.4554
2.5636,1.3,9.9982,2.5801
3.1072,1.49,13.8891,3.2368
3.1286,1.48,13.891,3.1444
3.0453,1.52,13.8868,2.9451
2.8877,1.56,13.5142,2.9
3.2205,1.45,14.0093,3.2
3.0211,1.5,13.5951,3.0193
3.0485,1.51,13.8098,3.1346
3.0058,1.52,13.7067,2.9883
2.9174,1.5,13.1283,2.9
2.8701,1.48,12.7432,2.8451
3.2195,1.46,14.1013,3.3505
3.0747,1.49,13.7439,3.133
3.2753,1.45,14.2476,3.1749
2.944,1.52,13.4246,3.0805
3.1287,1.44,13.5159,3.1229
2.7976,1.5,12.5891,2.9581
3.103,1.53,14.243,2.9458
2.9984,1.5,13.4926,2.9805
3.0375,1.49,13.5775,3.4621
3.0703,1.52,14.0004,3.0
3.0838,1.51,13.9695,2.9003
3.0624,1.52,13.9646,3.0869
3.2808,1.44,14.1732,3.2806
3.0249,1.52,13.7937,3.0566
3.1532,1.51,14.2841,3.2137
3.0282,1.52,13.8088,3.1464
2.6721,1.34,10.7417,2.5022
3.0501,1.48,13.5423,3.0909
2.8905,1.5,13.0073,2.8552
3.1833,1.5,14.325,3.0438
3.1919,1.5,14.3635,2.8
3.1708,1.46,13.8881,3.1508
2.681,1.51,12.1451,2.5599
3.1104,1.51,14.09,3.0345
3.1304,1.5,14.087,2.8766
3.0583,1.5,13.7622,3.0
3.1769,1.47,14.0103,3.2875
3.0101,1.52,13.726,2.9343
3.2159,1.49,14.3753,3.2
2.8882,1.55,13.4303,2.8738
3.1575,1.46,13.8297,3.0741
3.0036,1.44,12.9756,2.8127
3.198,1.5,14.3911,3.3038
0.0,0.0,0.0,0.0
3.0485,1.52,13.9012,3.2
3.1946,1.51,14.4715,3.1689
3.08,1.49,13.7675,3.0133
3.0348,1.51,13.7474,3.0
3.0011,1.51,13.5949,3.0999
0.8249,0.42,1.0393,0.7586
3.0641,1.53,14.064,3.2497
3.0781,1.52,14.0363,3.1919
2.12,1.1,6.996,2.4198
3.1604,1.49,14.1269,3.2292
3.0842,1.51,13.9716,3.3011
3.2511,1.46,14.2399,3.3978
2.943,1.49,13.1554,3.2
3.1267,1.5,14.07,2.9779
3.2008,1.45,13.9233,3.1109
2.9505,1.55,13.7199,3.1
3.0199,1.52,13.7709,2.8359
2.9884,1.51,13.5377,3.1213
0.0,0.0,0.0,0.0
3.0717,1.48,13.6382,2.9565
3.0132,1.51,13.6497,3.0733
2.9722,1.5,13.3748,2.8987
2.9509,1.49,13.1903,2.9004
3.1469,1.49,14.0668,3.1
2.9168,1.52,13.3006,2.9827
3.2986,1.47,14.5469,3.3
3.0574,1.51,13.8499,3.0017
3.2453,1.51,14.7012,3.1017
3.0669,1.53,14.0773,3.2867
2.7723,1.49,12.3921,2.7953
2.7976,1.53,12.8409,2.8898
0.9174,0.45,1.2385,0.8957
3.0761,1.46,13.4733,3.0833
3.1049,1.5,13.9722,2.8536
3.0014,1.53,13.7762,3.0242
3.1706,1.5,14.2676,3.0815
0.8603,0.46,1.1872,0.8766
3.116,1.5,14.022,3.2972
3.0876,1.52,14.0796,3.1
3.3868,1.47,14.9359,3.4554
2.926,1.51,13.2549,3.2465
2.9375,1.48,13.0427,2.9823
3.0053,1.49,13.4335,2.9
3.1194,1.49,13.9437,3.2876
2.9864,1.52,13.618,2.9427
3.0062,1.49,13.4377,2.902
3.1072,1.5,13.9823,3.2557
0.0,0.0,0.0,0.0
2.9788,1.52,13.5832,2.9818
3.2086,1.49,14.3423,3.3
3.0233,1.52,13.7864,2.9143
2.9593,1.48,13.1395,2.9
3.0518,1.51,13.8248,3.1295
3.0425,1.47,13.4175,3.304
3.059,1.51,13.8572,3.0343
3.0832,1.52,14.0595,3.062
3.1284,1.52,14.2657,3.1
3.2805,1.49,14.6637,3.1984
2.8719,1.53,13.182,3.0812
2.9577,1.54,13.6646,2.9442
3.0275,1.51,13.7145,2.9505
2.7924,1.53,12.8173,2.9515
2.8789,1.56,13.4732,2.8416
2.9239,1.53,13.4208,2.9828
