Predicted_SOC,BD,BGC_tC_ha,True_SOC
22.9838,1.14,78.6046,24.1334
30.1009,1.54,139.0662,32.0
30.3069,1.55,140.9269,30.1211
30.1196,1.53,138.2492,31.0
28.7734,1.53,132.0697,27.0
29.8843,1.49,133.5828,30.9565
30.6292,1.51,138.7501,30.0672
30.3488,1.52,138.3907,30.3362
31.3006,1.5,140.8529,29.3972
30.7778,1.5,138.5001,30.8742
30.4527,1.52,138.8643,29.498
29.9063,1.49,133.6813,30.9592
32.3676,1.49,144.683,32.0
0.0,0.0,0.0,0.0
30.2723,1.45,131.6843,29.0
29.7608,1.55,138.3879,30.0
30.2459,1.52,137.9211,29.1359
29.6395,1.51,134.267,29.554
31.6488,1.51,143.3691,32.0
31.6016,1.51,143.1551,31.896
0.0,0.0,0.0,0.0
30.3191,1.53,139.1646,30.0
32.4502,1.48,144.079,30.0226
28.6203,1.54,132.2258,28.3595
29.9798,1.47,132.2109,33.1523
29.2953,1.53,134.4656,31.586
32.6156,1.48,144.8134,34.8594
30.2644,1.49,135.2819,32.9911
31.043,1.47,136.8998,31.0
30.4006,1.5,136.8025,30.8969
30.1065,1.52,137.2856,30.7287
31.8098,1.51,144.0983,29.0506
31.81,1.49,142.1905,33.0
30.4142,1.44,131.3891,30.0
29.1505,1.5,131.1774,27.8553
30.66,1.48,136.1303,30.9349
31.3151,1.46,137.1602,32.3438
30.7369,1.51,139.2383,29.0
33.3815,1.49,149.2152,33.4629
30.7188,1.52,140.0779,29.889
31.5229,1.51,142.7986,31.4982
27.522,1.54,127.1516,27.0
31.2323,1.48,138.6712,33.3747
29.7947,1.5,134.0761,31.5374
30.6752,1.5,138.0382,32.3277
32.3009,1.48,143.4162,31.4197
32.6353,1.47,143.9215,31.9976
30.0353,1.54,138.7633,30.0
30.5248,1.49,136.4457,31.5988
31.8504,1.5,143.3267,32.6371
30.0859,1.49,134.4838,29.7492
28.4273,1.55,132.1871,27.4577
30.4435,1.48,135.1691,29.0393
30.6533,1.46,134.2615,31.0568
30.9702,1.52,141.2239,32.5318
31.842,1.5,143.2891,29.9025
28.2374,1.36,115.2087,27.586
31.6946,1.49,141.6749,30.2165
31.431,1.51,142.3826,31.5948
34.2617,1.47,151.0941,36.6429
30.5657,1.5,137.5456,31.0
0.0,0.0,0.0,0.0
29.8019,1.51,135.0028,32.3606
31.5179,1.5,141.8304,32.0551
30.3955,1.47,134.0443,30.7954
29.7607,1.52,135.7089,30.8859
30.7035,1.5,138.1656,30.0961
30.4002,1.49,135.889,29.6982
32.3335,1.46,141.6207,31.1251
32.6392,1.49,145.897,32.5486
30.8039,1.48,136.7692,32.058
30.4504,1.52,138.854,30.1997
30.5748,1.49,136.6695,31.7708
30.329,1.49,135.5705,29.2904
31.6948,1.45,137.8722,31.6174
32.0403,1.5,144.1814,31.8817
29.9714,1.5,134.8714,31.6026
29.3664,1.5,132.1486,28.0326
30.0099,1.52,136.8451,31.0512
31.0304,1.53,142.4293,30.0
29.4381,1.52,134.2376,29.9242
29.4454,1.5,132.5044,30.5734
31.2187,1.46,136.7381,31.1196
32.5759,1.5,146.5916,33.4878
21.4267,1.16,74.565,21.5033
30.6679,1.46,134.3252,29.0027
31.6065,1.49,141.2813,31.4869
30.5141,1.46,133.6519,28.0164
29.9425,1.47,132.0466,31.0385
0.0,0.0,0.0,0.0
31.0192,1.52,141.4476,32.0
31.8763,1.45,138.6619,32.0613
32.8211,1.5,147.6951,31.9659
30.6596,1.52,139.8078,31.021
30.4935,1.44,131.7318,31.9969
28.5384,1.5,128.4228,27.5967
30.6279,1.48,135.988,30.4392
28.596,1.5,128.6821,28.0
31.0729,1.45,135.1669,32.0
30.2823,1.51,137.1786,29.6248
23.1805,1.2,83.45,24.9127
29.6297,1.49,132.4448,30.9036
30.4639,1.5,137.0876,32.0013
19.0818,1.03,58.9626,17.9256
31.3039,1.51,141.8069,30.5139
29.8806,1.53,137.1518,28.2527
31.1731,1.47,137.4735,30.1931
29.5486,1.54,136.5146,29.0
30.7038,1.51,139.0884,29.3509
30.5443,1.53,140.1984,31.4027
28.6766,1.53,131.6258,30.7051
16.8468,0.83,41.9484,18.6214
30.7295,1.51,139.2046,31.0041
30.4379,1.51,137.8839,30.0771
32.575,1.46,142.6785,33.0387
32.3073,1.47,142.4751,32.0
11.9234,0.59,21.1044,11.9492
30.3176,1.51,137.3386,32.6712
31.4367,1.5,141.465,32.6918
28.646,1.51,129.7663,30.6831
25.8938,1.51,117.299,25.0
30.2874,1.51,137.2019,29.6307
30.168,1.53,138.471,30.8994
31.2516,1.51,141.5695,30.9191
31.5568,1.49,141.059,33.3044
30.1601,1.52,137.5301,30.8761
31.238,1.52,142.4452,31.6773
2.7863,0.15,1.2538,3.1591
31.658,1.49,141.5112,32.598
31.1227,1.48,138.1848,33.6865
0.0,0.0,0.0,0.0
30.8448,1.48,136.951,31.1003
30.9225,1.5,139.1513,31.0
31.027,1.48,137.7601,30.4834
31.7957,1.47,140.2189,30.5374
30.8456,1.51,139.7307,29.9131
29.3084,1.54,135.4048,31.0742
31.3681,1.46,137.3925,31.0
30.9854,1.51,140.364,31.0
13.2054,0.69,27.3351,14.7989
30.7284,1.5,138.278,29.0529
29.4195,1.53,135.0356,32.0742
30.2063,1.51,136.8344,29.1313
30.7283,1.52,140.1209,28.0
30.9846,1.5,139.4307,30.5661
28.79,1.36,117.4633,30.7753
30.1338,1.49,134.698,30.3116
31.6185,1.49,141.3345,33.855
31.7741,1.47,140.1237,32.1251
29.6759,1.5,133.5415,28.5293
30.6016,1.5,137.7073,29.9973
29.8823,1.52,136.2634,28.0785
30.4473,1.53,139.7531,31.508
32.8968,1.49,147.0485,33.2601
30.9543,1.46,135.5798,32.0
31.1752,1.5,140.2883,30.9721
30.5727,1.49,136.66,30.2527
29.0195,1.48,128.8464,27.357
29.1993,1.52,133.149,29.3553
30.3436,1.53,139.277,31.0
31.0686,1.46,136.0807,34.0
2.435,0.13,0.9497,2.734
33.499,1.49,149.7403,34.5791
29.6363,1.5,133.3635,30.945
30.2293,1.52,137.8454,29.6372
30.2949,1.53,139.0537,29.0
31.3973,1.5,141.2879,32.1408
30.4141,1.51,137.7757,31.0
0.0,0.0,0.0,0.0
30.6737,1.49,137.1115,31.4724
30.8363,1.52,140.6137,32.6373
31.7577,1.5,142.9096,31.0
30.525,1.49,136.4466,33.7785
30.3188,1.5,136.4348,31.4992
29.3905,1.49,131.3754,31.1838
30.6378,1.49,136.951,30.4472
17.8064,0.88,47.0089,18.6459
30.8955,1.51,139.9565,31.8613
31.6305,1.47,139.4904,29.0624
30.2321,1.53,138.7653,32.308
32.8283,1.49,146.7427,35.2952
30.9161,1.49,138.1949,31.6494
32.1127,1.46,140.6538,36.1245
30.8457,1.47,136.0296,31.0
32.2483,1.47,142.215,32.0294
30.119,1.52,137.3425,30.0
29.822,1.45,129.7256,27.8258
31.623,1.51,143.2521,31.5327
29.5222,1.51,133.7357,28.0
30.2903,1.49,135.3976,31.8301
0.0,0.0,0.0,0.0
30.0022,1.52,136.81,29.7053
30.7387,1.5,138.3241,30.4736
30.1837,1.51,136.7324,31.6571
31.2939,1.5,140.8228,31.0529
29.8772,1.48,132.655,31.3469
29.6782,1.51,134.4421,30.1981
31.5632,1.49,141.0876,27.6824
32.3145,1.48,143.4764,33.1846
30.9707,1.47,136.5806,32.0179
31.9677,1.48,141.9367,30.882
30.4507,1.51,137.9417,31.2841
29.4548,1.51,133.4302,29.7427
30.8332,1.53,141.5242,31.0561
31.1777,1.49,139.3644,32.0
30.406,1.52,138.6515,31.0198
29.634,1.47,130.6861,30.0475
30.4415,1.49,136.0735,32.0
29.4464,1.5,132.509,28.1804
30.8763,1.48,137.0906,31.7242
31.1357,1.53,142.9129,29.2957
31.3431,1.5,141.0441,31.6732
32.014,1.48,142.1419,33.3983
30.9651,1.5,139.343,30.0975
30.6822,1.53,140.8314,31.0
30.6331,1.47,135.0919,30.5882
31.2003,1.49,139.4652,32.2086
32.013,1.49,143.0979,30.6344
28.9958,1.51,131.351,29.9841
29.9868,1.48,133.1414,31.2262
29.7881,1.52,135.8337,30.3757
25.6269,1.34,103.0201,25.5654
30.1467,1.5,135.6601,29.868
29.9287,1.48,132.8835,29.0884
30.7537,1.5,138.3915,32.7786
30.0128,1.52,136.8582,30.9803
30.9661,1.51,140.2765,29.5264
32.9998,1.49,147.5093,34.1307
31.6548,1.46,138.6479,32.0
30.7453,1.53,141.1207,30.8071
31.6055,1.44,136.5359,30.6564
32.4065,1.5,145.8294,34.0
30.3497,1.51,137.4839,30.4063
28.3706,1.51,128.5186,24.6344
30.0343,1.54,138.7583,30.0
30.5112,1.52,139.1313,30.4293
29.584,1.53,135.7905,29.7556
30.4421,1.5,136.9895,29.1754
30.7414,1.51,139.2584,29.1344
31.3511,1.49,140.1393,32.3784
32.6227,1.49,145.8237,33.6441
32.2314,1.48,143.1074,32.1146
0.0483,0.0,0.0,0.0526
30.2851,1.53,139.0085,30.0
0.0,0.0,0.0,0.0
32.344,1.46,141.6669,33.0
31.6545,1.51,143.3949,32.0
29.9822,1.52,136.7189,31.0
9.4143,0.5,14.1214,9.3315
29.6607,1.5,133.4733,29.038
32.0779,1.48,142.4257,31.1644
32.4325,1.46,142.0544,32.9595
30.5438,1.5,137.4472,33.9864
30.249,1.52,137.9355,31.1963
32.1316,1.51,145.5561,32.0
23.1272,1.26,87.4208,22.3127
31.4108,1.48,139.4639,33.4173
31.8096,1.5,143.143,32.4969
29.7316,1.49,132.9003,34.773
30.5609,1.51,138.441,30.2864
30.7241,1.47,135.4932,32.5532
32.4803,1.46,142.2638,32.0
30.9897,1.48,137.5945,30.8862
30.8103,1.51,139.5708,30.3457
31.5753,1.5,142.089,30.0665
16.3135,0.84,41.1101,16.1783
0.0,0.0,0.0,0.0
30.7097,1.49,137.2722,31.5706
30.3287,1.5,136.4793,32.5065
0.0,0.0,0.0,0.0
30.3312,1.49,135.5802,28.2526
30.7758,1.49,137.5679,31.4539
30.0424,1.48,133.3885,29.2966
33.0503,1.44,142.7774,31.3662
31.3613,1.46,137.3626,31.7314
29.0363,1.5,130.6634,24.3141
32.0741,1.45,139.5222,32.4033
30.0043,1.49,134.1191,28.2071
29.1464,1.5,131.1587,29.1829
33.0259,1.48,146.6349,33.021
29.4819,1.49,131.784,31.1216
31.3329,1.47,138.1781,30.0
30.9294,1.53,141.966,31.7568
32.2212,1.49,144.0288,34.901
32.2044,1.49,143.9538,32.9306
0.0,0.0,0.0,0.0
31.9491,1.47,140.8956,31.4948
29.8745,1.54,138.0204,29.3752
23.4621,1.14,80.2404,23.8492
29.8261,1.49,133.3228,31.8347
27.4383,1.5,123.4725,30.0552
30.3036,1.54,140.0025,31.0
30.9371,1.52,141.0734,29.4302
30.7144,1.5,138.2148,29.2382
33.2009,1.45,144.4238,31.5718
30.4585,1.52,138.8908,31.5509
32.0799,1.48,142.4349,33.7529
30.779,1.49,137.582,30.7562
20.2191,1.05,63.6902,19.844
30.3223,1.5,136.4504,30.0
12.7775,0.65,24.9162,13.9703
30.9012,1.52,140.9095,30.201
31.034,1.47,136.8599,33.1644
32.2786,1.48,143.3169,30.8231
32.0095,1.48,142.1222,29.6847
4.688,0.24,3.3753,4.8707
32.7554,1.5,147.3991,29.751
30.3595,1.52,138.4395,29.3381
30.2234,1.51,136.9119,31.0
33.1263,1.48,147.0808,33.0
31.6734,1.49,141.5801,30.7646
30.7991,1.54,142.2919,30.0
29.1571,1.51,132.0814,32.9786
29.2457,1.52,133.3604,29.0325
31.5544,1.51,142.9413,32.0505
30.5616,1.54,141.1946,31.0
29.6521,1.53,136.1033,29.0
31.3685,1.49,140.2172,31.1479
32.1749,1.51,145.7524,33.5939
24.2304,1.24,90.137,24.618
12.1821,0.62,22.6588,11.381
30.9658,1.51,140.2751,31.0
31.2745,1.5,140.7352,30.1557
30.9625,1.53,142.1179,30.1945
30.552,1.52,139.317,29.199
30.9205,1.51,140.0697,28.8628
28.8881,1.51,130.8633,28.4079
30.4703,1.49,136.2022,31.0009
30.4011,1.5,136.805,30.7751
30.1099,1.52,137.301,31.8316
0.0,0.0,0.0,0.0
30.5034,1.49,136.3501,27.3169
30.3296,1.52,138.3031,29.719
28.1501,1.52,128.3642,27.6744
32.1374,1.46,140.7616,32.2577
29.2071,1.5,131.432,27.1386
33.7752,1.48,149.9619,36.7167
30.821,1.51,139.619,30.1342
31.6204,1.45,137.5489,31.6676
30.2852,1.48,134.4662,29.0
30.6853,1.51,139.0042,30.6995
32.5117,1.47,143.3764,32.0354
31.138,1.51,141.055,30.1584
28.9849,1.48,128.6931,29.0
30.9026,1.51,139.9887,30.1935
29.5024,1.53,135.416,29.2392
29.5733,1.49,132.1928,28.5021
30.8632,1.53,141.6623,31.1553
31.2837,1.48,138.8997,30.059
31.678,1.5,142.5508,32.4578
30.5056,1.53,140.0205,31.8375
30.48,1.53,139.903,31.7264
31.2755,1.5,140.7396,30.1669
31.642,1.47,139.5411,31.0
32.9003,1.48,146.0774,31.1604
30.5508,1.5,137.4787,31.0396
32.3604,1.46,141.7385,32.2972
29.9874,1.54,138.5417,29.5125
30.4386,1.51,137.887,30.0
0.0,0.0,0.0,0.0
32.7921,1.47,144.613,31.5623
28.2586,1.52,128.8592,26.9951
28.9617,1.55,134.6719,29.347
32.401,1.5,145.8045,31.4421
29.269,1.52,133.4668,31.0
34.9935,1.47,154.3214,39.2477
30.1587,1.47,132.9999,30.9816
31.0987,1.51,140.877,33.2511
31.1049,1.51,140.9054,31.0417
32.2185,1.51,145.95,32.0067
32.1971,1.47,141.989,32.0
29.9504,1.53,137.4724,30.4792
30.2721,1.52,138.0409,29.6646
3.3807,0.17,1.7242,3.3291
30.5284,1.51,138.2937,29.647
32.4177,1.45,141.0171,31.2821
9.328,0.5,13.9921,9.6776
31.7638,1.49,141.9844,32.9313
30.2184,1.46,132.3565,30.9912
29.9175,1.49,133.7314,29.0
31.1073,1.47,137.1832,30.2711
30.5937,1.49,136.7536,31.3125
30.5757,1.51,138.508,30.6819
30.4411,1.51,137.8983,30.1995
30.6135,1.51,138.679,30.4219
30.8646,1.5,138.8908,30.0666
10.0551,0.51,15.3843,9.7121
30.7332,1.49,137.3773,30.9623
27.7231,1.49,123.9223,28.0
0.0,0.0,0.0,0.0
31.3898,1.48,139.3706,31.6785
30.6487,1.51,138.8386,29.6716
29.4092,1.54,135.8705,25.9979
0.0,0.0,0.0,0.0
33.3088,1.49,148.8904,29.8761
29.076,1.52,132.5868,31.8326
0.0,0.0,0.0,0.0
32.5778,1.47,143.6681,38.4886
29.9615,1.52,136.6243,27.0255
29.8277,1.53,136.909,29.0
29.802,1.54,137.6852,30.0
31.504,1.51,142.713,30.714
14.6115,0.73,31.9992,14.9537
29.4232,1.49,131.5216,25.0132
29.8987,1.46,130.9561,30.8303
30.1104,1.51,136.4002,25.0
31.2332,1.51,141.4864,32.9706
29.8054,1.53,136.8069,29.4355
30.7474,1.5,138.3632,30.4352
3.9006,0.2,2.3404,4.2858
30.1113,1.55,140.0174,30.016
30.7785,1.5,138.5034,30.5191
31.9143,1.47,140.7418,31.7908
13.1791,0.67,26.49,12.7417
29.4361,1.54,135.9949,28.2685
30.1592,1.5,135.7166,30.3781
11.5744,0.59,20.4867,10.5188
26.6037,1.33,106.1488,29.3387
21.6049,1.11,71.9443,23.642
30.4747,1.49,136.222,26.0
32.2501,1.46,141.2556,31.7473
31.6739,1.49,141.5821,34.0
26.2981,1.37,108.0852,29.8016
31.0589,1.55,144.4238,30.0
32.2003,1.48,142.9694,29.0
27.7356,1.52,126.4746,27.0
29.5316,1.49,132.0064,28.3881
30.4793,1.52,138.9854,30.5779
33.7156,1.48,149.6971,35.0
30.611,1.47,134.9945,30.8881
30.1636,1.53,138.4508,33.53
32.69,1.49,146.1243,32.3642
30.8009,1.53,141.3761,30.2714
30.9666,1.5,139.3495,29.5449
29.6385,1.52,135.1515,29.0
29.2258,1.48,129.7624,28.9891
32.1923,1.5,144.8651,31.47
16.2418,0.84,40.9293,16.1035
29.8389,1.52,136.0652,28.7255
31.7632,1.48,141.0287,32.0614
32.0024,1.45,139.2105,30.0
30.5732,1.5,137.5794,32.3375
29.1565,1.48,129.4549,28.652
30.8804,1.51,139.8882,29.0822
30.7839,1.49,137.6042,29.4021
31.3558,1.49,140.1606,33.0
30.8089,1.55,143.2614,26.5705
33.1836,1.51,150.3219,32.0
30.5978,1.54,141.3618,30.0
32.0323,1.46,140.3013,31.6835
31.657,1.49,141.5067,31.8518
29.0048,1.49,129.6517,29.8422
29.792,1.53,136.7452,30.843
29.7875,1.51,134.9376,30.9848
30.9921,1.52,141.3242,29.2798
30.9075,1.48,137.2292,31.9544
29.7523,1.48,132.1,31.0
0.0,0.0,0.0,0.0
29.5449,1.48,131.1793,30.0089
29.0616,1.51,131.6493,29.9891
32.5032,1.48,144.3141,32.7944
0.0,0.0,0.0,0.0
28.6267,1.52,130.5378,28.2956
30.1295,1.53,138.2946,29.8314
29.8584,1.52,136.1544,29.8478
30.1112,1.5,135.5003,31.8486
30.3314,1.51,137.4012,30.0087
33.4942,1.49,149.7191,32.1249
32.346,1.47,142.6461,33.0
31.0884,1.5,139.8976,30.1656
23.0266,1.27,87.7312,24.6666
28.8924,1.52,131.7492,26.0
9.4926,0.5,14.239,9.8868
30.1509,1.48,133.8702,33.1769
30.2299,1.53,138.7553,29.0048
30.7833,1.57,144.9893,30.0
30.8861,1.51,139.9142,32.5729
30.9316,1.48,137.3362,31.0
30.8796,1.5,138.9581,31.7042
29.2193,1.47,128.857,29.3053
32.7977,1.48,145.622,35.4628
31.3841,1.49,140.2867,31.2798
31.4288,1.51,142.3727,29.9786
31.7827,1.51,143.9756,31.8969
29.2182,1.49,130.6054,28.4945
31.2638,1.5,140.687,31.3525
30.2616,1.52,137.9927,29.2323
27.6751,1.52,126.1982,31.2216
31.0664,1.49,138.8667,33.7223
30.2566,1.53,138.8777,32.0
3.6019,0.19,2.0531,3.669
29.3903,1.5,132.2564,28.0
29.2663,1.52,133.4543,28.9624
31.5895,1.52,144.0482,30.1251
29.9779,1.54,138.498,29.3055
31.8746,1.5,143.4359,33.0
19.9175,1.12,66.9228,18.9036
29.4846,1.51,133.5651,30.0
31.8454,1.49,142.3487,30.9466
29.9875,1.5,134.9436,28.0
30.6482,1.52,139.7559,32.6879
0.5353,0.03,0.0482,0.4785
31.2951,1.46,137.0725,31.8582
29.9805,1.54,138.5098,30.0
30.6433,1.52,139.7336,31.8006
31.0289,1.47,136.8375,32.0
29.5824,1.51,134.0083,30.8665
30.0215,1.54,138.6991,30.0049
30.9054,1.5,139.0744,31.6929
30.7871,1.52,140.3891,31.7549
31.5569,1.47,139.1658,33.2529
29.7184,1.49,132.8412,27.0
5.0036,0.29,4.3532,5.511
30.5171,1.51,138.2426,29.3622
31.5586,1.49,141.067,31.8375
29.0872,1.5,130.8924,28.0
31.9528,1.5,143.7875,31.3494
30.2388,1.51,136.9816,32.3279
30.1754,1.51,136.6947,29.5734
30.2698,1.54,139.8465,30.106
32.0411,1.47,141.3013,31.6835
29.7269,1.53,136.4463,31.3791
26.8349,1.31,105.461,29.3318
28.797,1.56,134.7697,28.6925
32.2973,1.48,143.4,34.0
33.0046,1.49,147.5306,33.7962
30.9007,1.46,135.3449,32.0346
16.9982,0.83,42.3256,18.1002
31.2512,1.51,141.5678,30.4705
31.1335,1.51,141.0347,31.0804
30.5725,1.49,136.6591,26.9592
31.1735,1.52,142.1512,31.0
30.2104,1.52,137.7594,29.0454
30.318,1.51,137.3406,28.5722
31.5429,1.51,142.8893,32.9985
30.5535,1.53,140.2408,29.0
29.6784,1.52,135.3337,28.231
0.0,0.0,0.0,0.0
33.0641,1.47,145.8126,30.3144
30.9964,1.46,135.7643,31.7247
30.3783,1.51,137.6136,29.465
30.1239,1.54,139.1725,30.7461
31.0326,1.5,139.6468,32.5374
31.2978,1.5,140.8402,28.2053
30.308,1.49,135.4769,32.8416
32.5315,1.49,145.416,31.5484
30.5136,1.5,137.3112,31.6178
32.1551,1.5,144.698,31.8368
34.1465,1.47,150.5859,34.1261
30.3392,1.52,138.3468,31.3458
30.6624,1.5,137.9809,31.4896
22.7819,1.17,79.9643,20.6868
31.4625,1.5,141.5812,31.3495
32.815,1.49,146.683,31.8012
30.8469,1.52,140.6618,31.8894
31.8297,1.48,141.3239,31.1544
28.4252,1.53,130.4717,29.8766
5.9824,0.29,5.2047,5.4057
0.0,0.0,0.0,0.0
30.7155,1.48,136.3768,31.6982
31.0496,1.5,139.7231,30.0184
0.0,0.0,0.0,0.0
33.9508,1.48,150.7415,31.7036
31.9389,1.48,141.8085,30.7848
30.321,1.51,137.3543,30.0
29.779,1.54,137.5791,29.0
30.1816,1.51,136.7228,29.9128
4.7227,0.24,3.4003,4.9881
29.673,1.48,131.7482,28.1649
30.3457,1.52,138.3764,29.932
30.5728,1.5,137.5777,29.9178
21.1777,1.08,68.6157,23.3367
30.4406,1.52,138.8092,28.7914
16.0614,0.83,39.993,16.418
32.1145,1.48,142.5883,33.7906
11.6735,0.54,18.911,10.9166
30.3599,1.51,137.5303,29.8908
30.3656,1.49,135.734,32.4638
32.4913,1.5,146.2107,35.2074
31.6968,1.47,139.7829,32.0
31.8928,1.49,142.561,34.009
31.1756,1.51,141.2254,32.4884
30.6276,1.53,140.5807,32.3674
30.5795,1.49,136.6902,29.0
31.8949,1.5,143.5269,31.3808
30.5161,1.51,138.2379,28.8305
30.4377,1.52,138.796,31.1117
28.9376,1.53,132.8235,28.2117
0.0,0.0,0.0,0.0
26.2014,1.34,105.3296,25.4864
31.2952,1.51,141.767,32.3447
31.8901,1.49,142.5485,33.0
31.095,1.5,139.9276,29.8401
30.2026,1.54,139.536,30.3534
30.0169,1.54,138.6781,30.0
30.511,1.52,139.1301,31.5432
29.5878,1.53,135.808,30.9976
30.7666,1.53,141.2189,29.3791
30.3379,1.49,135.6106,29.4297
30.3742,1.53,139.4174,30.1743
31.3636,1.51,142.0773,33.4644
32.0321,1.47,141.2614,32.9511
30.6284,1.5,137.8279,26.3045
30.0281,1.5,135.1263,31.4471
32.3578,1.5,145.6102,32.0004
31.9308,1.5,143.6884,30.3457
30.9362,1.47,136.4287,32.8917
30.6299,1.51,138.7532,29.6532
32.0405,1.49,143.2211,30.9483
30.9225,1.5,139.1511,29.8433
29.9837,1.5,134.9268,30.397
30.3377,1.51,137.4296,31.0
0.0,0.0,0.0,0.0
31.0033,1.45,134.8642,35.0655
5.8706,0.28,4.9313,5.8476
29.0137,1.52,132.3023,29.5648
32.13,1.49,143.6212,31.5232
28.8801,1.51,130.827,29.3953
30.8623,1.51,139.8063,29.2748
30.7112,1.46,134.5152,32.5288
31.8986,1.51,144.5007,31.7418
28.2373,1.51,127.9149,27.0674
28.77,1.55,133.7805,29.59
33.5765,1.48,149.0795,32.5584
30.305,1.5,136.3726,29.0323
30.1759,1.52,137.602,31.1073
30.309,1.49,135.4812,29.4427
27.3805,1.48,121.5696,26.3669
29.8463,1.48,132.5174,29.9499
30.3957,1.5,136.7808,30.7802
10.7789,0.63,20.3721,11.2348
32.0033,1.48,142.0947,29.7324
30.7031,1.51,139.0851,31.6895
32.2899,1.5,145.3045,33.0
0.0,0.0,0.0,0.0
32.398,1.48,143.8471,33.4176
30.3707,1.5,136.668,33.3823
29.6602,1.5,133.4709,29.5885
30.6696,1.48,136.1732,30.0
31.202,1.45,135.7286,32.4333
8.642,0.45,11.6667,8.3403
31.1293,1.5,140.0818,31.3376
0.0,0.0,0.0,0.0
28.7265,1.48,127.5455,28.2934
32.7902,1.47,144.6047,34.1717
30.1804,1.55,140.3391,27.1206
29.2119,1.47,128.8245,28.0
31.0899,1.51,140.8371,30.5803
0.0,0.0,0.0,0.0
24.1042,1.26,91.114,27.2409
30.016,1.51,135.9724,28.4879
28.8199,1.52,131.4186,27.0665
30.348,1.52,138.387,29.7515
30.4117,1.49,135.9405,32.4515
32.4846,1.52,148.1299,32.4057
31.0666,1.51,140.7319,33.0578
32.1089,1.52,146.4164,31.6208
29.9833,1.54,138.5227,30.1628
29.66,1.51,134.3598,28.49
30.8242,1.53,141.4831,30.8926
29.3883,1.55,136.6556,29.7762
31.3533,1.49,140.1494,32.5719
29.4335,1.49,131.5679,31.4838
32.4925,1.48,144.2667,32.0
31.214,1.48,138.5902,31.0
29.5191,1.53,135.4925,28.1847
29.3434,1.53,134.6863,30.3304
31.5131,1.46,138.0275,30.2319
31.0864,1.52,141.7539,30.0
30.3085,1.51,137.2974,30.3028
33.6278,1.47,148.2987,33.2817
31.1522,1.48,138.316,30.953
30.5241,1.49,136.4426,30.1091
31.2968,1.48,138.9579,28.8947
33.2989,1.47,146.8482,35.7834
29.7532,1.54,137.4598,30.0
32.0205,1.49,143.1316,31.8284
31.1752,1.49,139.3532,32.7159
29.9581,1.52,136.609,29.9973
28.2324,1.51,127.8929,27.7826
30.236,1.54,139.6903,26.7033
29.0653,1.55,135.1534,29.0
32.4284,1.49,144.9548,33.1761
26.5131,1.33,105.7872,26.4543
30.6569,1.49,137.0365,30.075
30.7941,1.5,138.5733,31.5299
32.6095,1.49,145.7643,31.8542
23.7144,1.14,81.1033,23.7504
29.7371,1.52,135.6013,30.0405
32.15,1.47,141.7816,31.4688
32.7935,1.51,148.5547,33.2957
30.1478,1.52,137.4741,29.0
31.0666,1.49,138.8677,32.2459
30.3235,1.49,135.546,28.403
30.2688,1.46,132.5772,29.9505
30.736,1.5,138.312,29.0
30.9794,1.51,140.3368,30.0
32.5989,1.49,145.7169,30.2229
32.6272,1.49,145.8437,33.1012
30.7375,1.52,140.163,29.5825
31.8234,1.5,143.2052,33.0
32.1756,1.46,140.9291,33.7207
32.739,1.49,146.3432,32.0
30.4368,1.51,137.8787,29.5852
29.7818,1.47,131.3376,28.0393
31.4524,1.51,142.4793,31.4712
30.1257,1.51,136.4692,30.9694
30.5135,1.5,137.311,29.1664
31.0129,1.51,140.4883,30.4032
30.7003,1.51,139.0723,31.5057
29.0153,1.53,133.1804,27.8399
30.2877,1.5,136.2948,31.2344
31.0924,1.5,139.9158,31.029
12.7479,0.65,24.8585,14.159
0.0001,0.0,0.0,0.0
0.0,0.0,0.0,0.0
15.5393,0.78,36.3619,16.8836
30.8539,1.5,138.8425,30.693
0.0,0.0,0.0,0.0
32.1303,1.5,144.5863,30.9516
32.2978,1.49,144.371,31.887
32.6267,1.49,145.8412,32.6344
31.833,1.49,142.2936,33.0227
31.3875,1.48,139.3606,31.3106
32.5908,1.49,145.6809,32.2074
30.3985,1.54,140.4408,31.6502
30.252,1.52,137.9491,29.6773
30.9242,1.49,138.2312,29.2975
30.4298,1.53,139.673,31.0289
23.3813,1.27,89.0827,22.4252
29.9333,1.51,135.5978,29.8194
29.3465,1.5,132.0594,30.0
28.2726,1.55,131.4675,26.7736
30.329,1.52,138.3001,28.007
31.6638,1.5,142.4873,33.2002
32.7352,1.45,142.398,31.9001
31.2593,1.51,141.6048,32.7926
30.9329,1.47,136.4139,31.2878
29.4255,1.52,134.1804,29.3902
28.4783,1.55,132.4239,29.975
30.7416,1.49,137.4149,33.9399
30.5558,1.51,138.4178,29.6436
31.3697,1.51,142.1047,31.0
30.3844,1.5,136.7298,28.2389
31.3302,1.5,140.9861,32.0
32.6654,1.47,144.0543,31.3161
31.7373,1.51,143.7698,32.8854
29.3126,1.55,136.3035,29.9462
29.0455,1.49,129.8334,27.1791
30.4065,1.48,135.0051,30.3141
30.6438,1.52,139.7358,29.0
30.5947,1.53,140.4294,30.8926
30.9927,1.51,140.3971,30.1927
31.4448,1.47,138.6714,31.0689
29.1305,1.55,135.4566,30.0
30.3413,1.5,136.5358,31.712
32.536,1.48,144.46,34.0
30.7042,1.48,136.3269,29.8289
28.5897,1.51,129.5112,29.3713
31.8488,1.49,142.364,32.3105
30.0126,1.52,136.8573,30.4098
31.0329,1.53,142.4408,31.0117
19.6607,1.02,60.1618,21.187
32.4012,1.47,142.8891,31.6441
31.4509,1.49,140.5854,30.1558
30.6503,1.53,140.6849,30.6204
30.1338,1.47,132.8899,28.0107
30.5928,1.53,140.4209,30.4678
31.8064,1.49,142.1745,27.9387
30.4488,1.47,134.2794,29.5417
32.4094,1.47,142.9255,32.2523
32.0075,1.5,144.0336,31.0715
0.0,0.0,0.0,0.0
30.5321,1.51,138.3106,29.0
29.9739,1.51,135.7816,30.4469
31.5202,1.48,139.9498,30.3449
32.2859,1.48,143.3494,34.6536
31.2241,1.5,140.5083,30.0
30.5324,1.46,133.7321,30.2098
30.3062,1.54,140.0147,29.1433
31.4152,1.46,137.5985,30.2931
30.9334,1.53,141.9844,30.9816
29.8445,1.5,134.3,32.0
30.1382,1.51,136.5259,29.8167
29.887,1.51,135.3883,29.3123
30.1394,1.53,138.34,31.0896
31.4802,1.49,140.7167,29.9983
32.4036,1.48,143.8722,32.9609
30.5002,1.49,136.3359,32.0515
29.9724,1.5,134.8758,28.9297
29.1424,1.39,121.5238,29.8028
31.4213,1.5,141.396,29.025
30.545,1.51,138.369,30.5473
30.6488,1.5,137.9195,30.8522
33.9746,1.49,151.8663,33.0303
0.0,0.0,0.0,0.0
31.2933,1.52,142.6973,30.8466
30.5818,1.5,137.6181,31.8878
27.6809,1.53,127.0553,25.7575
32.178,1.44,139.0092,34.3054
30.4549,1.48,135.2198,29.0
29.5317,1.52,134.6645,27.714
30.6449,1.51,138.8214,30.6344
31.7223,1.46,138.9438,31.1914
31.8605,1.49,142.4163,32.0911
30.1957,1.5,135.8808,29.0
31.1779,1.49,139.3651,30.0934
27.9082,1.53,128.0988,27.4559
31.9422,1.48,141.8234,30.0
31.7715,1.5,142.9716,33.0
29.1032,1.54,134.4566,28.1168
31.4693,1.47,138.7795,31.9618
30.983,1.5,139.4236,31.286
30.4562,1.5,137.053,31.0
32.2944,1.47,142.4185,32.2106
31.206,1.47,137.6187,29.2382
24.5829,1.23,90.7108,27.4934
29.4694,1.52,134.3805,26.2432
30.456,1.49,136.1383,31.175
29.0344,1.52,132.3967,27.7288
27.0823,1.38,112.1205,27.0034
31.4371,1.52,143.3531,33.038
0.0,0.0,0.0,0.0
31.306,1.49,139.9378,31.0436
31.0864,1.52,141.7542,30.2526
30.7634,1.52,140.2812,30.0101
31.4572,1.51,142.5011,30.9031
9.7429,0.56,16.3681,9.8001
28.6812,1.55,133.3674,29.9201
30.6615,1.48,136.1369,31.4744
21.136,1.12,71.017,21.2238
31.9061,1.5,143.5773,31.8009
32.238,1.48,143.1366,30.8488
30.425,1.53,139.6506,30.7399
31.5588,1.45,137.2808,31.7681
30.1165,1.52,137.3312,29.0799
31.5613,1.47,139.1853,30.8857
28.3343,1.52,129.2045,28.4
29.8242,1.49,133.314,30.0
30.0771,1.5,135.347,28.6631
31.1774,1.51,141.2338,32.0
33.1979,1.49,148.3944,33.3182
31.9691,1.5,143.8609,36.0488
30.0953,1.52,137.2345,28.9348
31.052,1.48,137.8708,31.5276
31.0602,1.53,142.5663,31.0727
30.5229,1.5,137.3529,32.0
29.6419,1.51,134.2779,28.7803
31.9818,1.5,143.9179,32.4836
12.042,0.56,20.2305,11.3419
32.5387,1.49,145.448,30.5977
30.3534,1.51,137.5009,30.0
32.476,1.49,145.1678,32.4672
32.5516,1.45,141.5993,32.2086
28.9912,1.5,130.4604,30.3092
29.7305,1.53,136.4628,29.9066
30.3515,1.51,137.4923,29.4667
31.5481,1.49,141.0198,31.8485
30.1215,1.52,137.3542,30.9079
31.1065,1.46,136.2466,31.1623
26.9963,1.53,123.9132,26.0
29.867,1.48,132.6097,30.3565
30.7947,1.49,137.6525,30.7252
30.4397,1.51,137.8918,29.485
32.5869,1.48,144.6857,29.2181
29.5871,1.49,132.2544,27.3187
30.2331,1.54,139.677,28.4405
32.383,1.48,143.7807,29.6552
30.3465,1.53,139.2906,30.007
32.9617,1.49,147.3388,33.0414
30.0916,1.55,139.9259,29.9902
30.2449,1.5,136.1021,28.5141
30.9101,1.5,139.0953,31.1794
31.9358,1.45,138.9207,31.3324
30.935,1.5,139.2073,30.9202
31.3324,1.5,140.9956,32.9534
31.3045,1.47,138.0527,33.1858
32.7062,1.49,146.1967,34.1088
30.7939,1.51,139.4965,31.9624
31.0631,1.49,138.8523,29.9001
30.4527,1.53,139.7779,31.0
31.7495,1.49,141.9204,29.4362
33.3109,1.49,148.8998,34.3456
29.8915,1.52,136.3052,29.4573
29.6259,1.51,134.2055,31.6242
31.5099,1.47,138.9588,30.2075
30.4909,1.52,139.0384,30.0
0.0,0.0,0.0,0.0
31.9327,1.47,140.8231,31.2821
31.1653,1.5,140.2437,31.6832
30.4403,1.47,134.2419,31.6211
30.8247,1.48,136.8617,30.0547
18.5036,0.99,54.9558,17.5083
30.5952,1.52,139.5143,31.5874
15.7609,0.78,36.8806,16.5292
31.875,1.5,143.4374,27.9565
28.66,1.44,123.8111,25.7372
30.4437,1.48,135.1702,30.5986
32.2227,1.45,140.1689,31.0
28.2448,1.55,131.3381,29.2764
29.5396,1.52,134.7005,28.7705
28.4282,1.5,127.9271,27.9242
29.7315,1.49,132.8998,30.3366
30.0579,1.48,133.4569,31.4542
28.8122,1.52,131.3837,30.1116
32.9162,1.48,146.1478,31.9279
32.093,1.48,142.493,30.9781
30.0468,1.54,138.8162,28.4616
31.3367,1.5,141.0154,32.9985
29.7986,1.48,132.3059,27.5165
0.0,0.0,0.0,0.0
33.0406,1.46,144.7179,32.0
30.3089,1.51,137.2993,30.894
30.4901,1.47,134.4614,31.6174
30.808,1.5,138.6359,28.0
0.0,0.0,0.0,0.0
22.7627,1.23,83.9945,24.7731
30.1762,1.49,134.8875,29.9109
28.4056,1.5,127.8253,28.7047
29.8982,1.53,137.2328,30.6578
30.083,1.47,132.6661,30.9034
31.1253,1.48,138.1962,29.2067
31.763,1.51,143.8863,32.4388
0.0,0.0,0.0,0.0
30.92,1.46,135.4298,31.2678
33.1043,1.48,146.9832,34.784
29.9687,1.54,138.4552,27.4802
14.9008,0.75,33.5268,14.4731
11.0297,0.55,18.199,10.8333
0.0,0.0,0.0,0.0
31.6698,1.47,139.6639,31.8408
31.0719,1.5,139.8235,30.0063
31.2123,1.49,139.5189,29.6
31.0694,1.51,140.7444,30.7761
30.3978,1.52,138.6141,29.2501
32.0147,1.48,142.1451,32.0097
6.3403,0.31,5.8965,6.6572
18.8289,0.93,52.5326,19.7633
28.5776,1.53,131.1714,30.1865
30.4303,1.53,139.6751,29.8004
32.2157,1.51,145.9372,35.0454
31.1409,1.5,140.134,30.1305
30.3861,1.52,138.5608,29.3669
29.5603,1.44,127.7006,29.1506
29.5978,1.53,135.854,29.8738
30.659,1.53,140.7247,29.1412
4.8195,0.24,3.47,4.6646
30.6135,1.51,138.6791,28.4888
0.0,0.0,0.0,0.0
32.168,1.49,143.7908,29.5336
30.9113,1.5,139.1008,31.5448
31.4241,1.49,140.4657,30.9352
28.6873,1.52,130.8141,29.956
18.3176,0.91,50.0071,19.9469
30.702,1.49,137.238,29.7466
28.8312,1.51,130.6055,29.1614
29.2314,1.49,130.6642,30.4664
33.5666,1.5,151.0496,34.1227
32.3089,1.47,142.4822,34.0
30.2753,1.52,138.0552,26.8531
30.0719,1.52,137.1277,31.6156
28.8854,1.5,129.9843,26.8433
30.9755,1.47,136.6019,29.438
30.315,1.53,139.1457,27.7621
31.0083,1.52,141.398,32.0
30.6948,1.52,139.9682,30.066
32.1454,1.48,142.7256,32.9978
31.3091,1.46,137.134,31.4047
31.552,1.49,141.0374,30.0408
30.4167,1.53,139.6126,29.6417
31.3195,1.49,139.9983,31.0
29.1388,1.46,127.628,30.8541
33.637,1.5,151.3665,35.4169
31.1084,1.51,140.9209,31.1668
30.6775,1.51,138.969,31.9742
31.3897,1.48,139.3704,32.7117
28.8696,1.52,131.6455,28.535
31.7046,1.5,142.6706,34.0368
27.4866,1.47,121.2157,28.6213
30.7161,1.53,140.9869,30.6818
31.9095,1.48,141.6781,30.2471
31.2921,1.47,137.9981,29.925
0.0,0.0,0.0,0.0
31.6284,1.52,144.2257,33.0517
31.3996,1.5,141.2981,33.1943
31.0356,1.48,137.7979,31.0
30.1532,1.51,136.594,29.0
31.1662,1.51,141.1827,30.0
29.8578,1.52,136.1516,29.9216
28.2504,1.54,130.5168,25.1064
32.6593,1.45,142.0679,32.5002
31.0003,1.47,136.7112,31.1745
0.0,0.0,0.0,0.0
29.6912,1.54,137.1734,28.2712
0.0,0.0,0.0,0.0
29.1638,1.53,133.8621,28.6123
31.7968,1.49,142.1317,32.0
29.926,1.49,133.7693,29.4541
28.0922,1.52,128.1002,27.0021
30.9252,1.51,140.091,29.0143
30.0683,1.5,135.3072,29.4697
30.5034,1.52,139.0954,30.1318
32.0978,1.46,140.5886,32.0
31.0637,1.49,138.8546,38.9434
29.6235,1.5,133.3058,31.1761
33.0632,1.49,147.7923,26.4378
30.4239,1.52,138.7328,31.2091
30.4112,1.52,138.6753,29.58
30.9708,1.48,137.5104,32.9713
31.7438,1.49,141.895,32.0
31.8118,1.49,142.1987,31.2935
31.2954,1.49,139.8903,28.9853
32.3606,1.47,142.71,32.5237
32.234,1.49,144.0859,31.2392
21.4268,1.12,71.9939,20.755
31.5293,1.51,142.8279,33.0
32.8518,1.47,144.8765,31.3872
30.2754,1.52,138.0558,30.0
29.9516,1.54,138.3763,30.0004
31.7494,1.5,142.8722,31.2992
32.1997,1.46,141.0348,32.962
30.9616,1.45,134.6827,30.0
15.7119,0.82,38.6513,16.1093
31.0138,1.49,138.6315,28.9972
32.0358,1.5,144.1611,30.9618
31.6911,1.47,139.7576,33.0
28.3489,1.5,127.5699,26.4614
31.7077,1.49,141.7335,33.4429
32.9737,1.45,143.4357,32.1573
29.9909,1.46,131.36,30.9485
30.7196,1.51,139.1597,31.0
30.0685,1.52,137.1124,30.0
31.7454,1.48,140.9496,32.4835
30.0127,1.53,137.7581,25.0475
31.7767,1.47,140.1352,31.6999
30.5577,1.49,136.5929,32.0
29.5551,1.52,134.7714,31.2711
29.3137,1.51,132.791,26.9674
31.3485,1.5,141.0683,32.8222
0.0,0.0,0.0,0.0
31.4004,1.51,142.2439,32.5173
30.9562,1.49,138.3741,30.4846
31.1022,1.48,138.0936,31.0
27.855,1.53,127.8544,27.9746
33.776,1.49,150.9786,35.0192
30.412,1.51,137.7662,29.3398
28.7662,1.52,131.1739,31.2802
30.2497,1.51,137.031,33.4919
30.7251,1.52,140.1064,30.0226
30.4486,1.53,139.7591,31.0
32.7531,1.47,144.4413,32.8322
29.953,1.49,133.8898,30.0
30.7278,1.48,136.4314,30.2241
32.3498,1.47,142.6625,32.3869
29.8357,1.54,137.8408,31.9333
30.6113,1.46,134.0773,30.031
30.9515,1.53,142.0675,30.0
32.4154,1.49,144.897,30.1373
30.9875,1.5,139.4439,28.551
30.8578,1.49,137.9345,30.2739
31.6607,1.45,137.7242,33.3033
30.4854,1.49,136.2697,30.7527
27.9246,1.5,125.6608,27.3335
15.5871,0.8,37.409,14.7732
32.7965,1.5,147.5842,34.018
27.6866,1.52,126.251,28.7462
30.0454,1.5,135.2042,28.6617
33.1034,1.48,146.9792,32.3957
30.8541,1.51,139.7692,32.0
30.5528,1.5,137.4875,30.0927
30.3469,1.51,137.4715,30.7361
30.1435,1.52,137.4544,29.5288
31.4338,1.5,141.4519,31.0
31.0679,1.5,139.8054,30.0
31.9702,1.48,141.9476,34.038
30.5819,1.54,141.2885,27.3764
31.2837,1.51,141.715,32.083
31.5679,1.48,140.1616,32.2565
31.5785,1.51,143.0505,27.1691
30.108,1.53,138.1957,30.8356
31.2829,1.53,143.5884,29.8531
30.0696,1.51,136.2155,33.7091
32.4588,1.47,143.1435,32.9743
19.6484,1.01,59.5348,19.6803
29.9052,1.53,137.2648,29.3151
6.6642,0.34,6.7975,6.7686
30.203,1.51,136.8197,30.2503
14.0857,0.7,29.5799,15.1691
30.9721,1.52,141.2329,32.6685
7.6409,0.38,8.7106,6.1768
32.2715,1.52,147.1578,33.3612
32.6487,1.47,143.9809,30.3824
31.0306,1.49,138.7069,30.2135
29.8312,1.52,136.0303,25.4166
30.4124,1.52,138.6804,30.4311
31.1921,1.5,140.3644,31.0
31.4968,1.47,138.9009,31.0
30.3938,1.51,137.6837,31.0529
32.1774,1.45,139.9718,32.0187
32.5764,1.48,144.639,34.0
31.1186,1.5,140.0339,31.9199
31.2732,1.5,140.7295,31.9158
30.6485,1.46,134.2405,29.0388
32.2175,1.45,140.1462,32.5767
26.7219,1.33,106.6203,26.1627
0.0,0.0,0.0,0.0
30.1572,1.52,137.5168,29.9136
0.0,0.0,0.0,0.0
30.8822,1.48,137.1168,30.5739
29.5001,1.47,130.0956,28.0158
30.5335,1.51,138.3167,30.0
31.4089,1.49,140.3977,31.9838
0.0,0.0,0.0,0.0
29.878,1.52,136.2435,32.3141
30.8512,1.51,139.7557,30.4057
32.7612,1.48,145.4598,32.2093
29.7679,1.49,133.0626,30.0
29.9308,1.52,136.4844,29.5495
27.3612,1.51,123.946,27.1239
30.367,1.5,136.6517,30.0
32.7605,1.5,147.4223,32.0782
0.0,0.0,0.0,0.0
28.7094,1.53,131.7761,27.6292
31.3115,1.49,139.9625,30.9278
30.1541,1.52,137.5027,30.5202
31.3549,1.51,142.0375,29.9173
19.5968,1.04,61.1419,19.5525
29.282,1.52,133.5259,32.8057
31.1879,1.51,141.281,31.0757
17.2393,0.92,47.5806,16.9427
30.7885,1.49,137.6247,30.508
29.8023,1.51,135.0044,31.6441
31.9853,1.5,143.934,32.0
0.0,0.0,0.0,0.0
31.3972,1.49,140.3455,30.2062
29.6905,1.48,131.826,29.9765
31.3663,1.51,142.0895,31.0
32.2965,1.51,146.3031,33.8269
29.8564,1.53,137.0408,29.9005
30.9474,1.52,141.1203,31.0884
5.4819,0.29,4.7693,6.0783
30.0962,1.53,138.1414,30.3375
0.0,0.0,0.0,0.0
30.5684,1.53,140.3089,31.9951
31.0986,1.51,140.8768,30.1865
31.326,1.5,140.9671,32.9003
32.6341,1.44,140.9795,31.156
31.0813,1.48,138.001,31.0
31.1192,1.48,138.1694,30.7029
31.6231,1.5,142.3041,30.4903
30.4717,1.52,138.9509,28.0282
31.619,1.45,137.5426,31.3324
28.5523,1.5,128.4853,28.0
15.8584,0.86,40.9147,15.1252
1.3209,0.07,0.2774,1.3001
32.0055,1.49,143.0645,33.8516
30.7504,1.5,138.3769,30.7718
30.2478,1.51,137.0227,30.0
33.7991,1.5,152.096,31.0211
31.2618,1.48,138.8022,32.2652
30.4545,1.5,137.0453,29.4188
29.2567,1.49,130.7775,30.4094
30.0773,1.5,135.3479,28.4035
30.4911,1.47,134.4658,30.0
29.1585,1.55,135.5872,30.3817
31.7897,1.48,141.1461,31.0
30.1534,1.5,135.6901,33.3019
30.2174,1.54,139.6045,31.1045
31.3313,1.47,138.1712,30.62
31.1576,1.48,138.3396,30.0956
30.6828,1.46,134.3909,30.6849
30.581,1.52,139.4495,31.0804
30.9598,1.5,139.3191,30.182
29.0729,1.56,136.0612,28.9104
30.4381,1.49,136.0583,31.832
29.4064,1.51,133.2108,31.0817
30.0565,1.48,133.4509,30.3604
29.0896,1.52,132.6484,28.2039
31.5583,1.46,138.2254,30.0
29.3121,1.49,131.0251,30.0
30.6849,1.5,138.0818,29.0
30.1707,1.48,133.9581,29.7202
30.4738,1.51,138.0461,29.0
31.7407,1.5,142.8332,31.9932
30.0462,1.52,137.0108,30.0
26.9925,1.52,123.086,27.2204
30.8536,1.51,139.7666,29.5489
29.2554,1.5,131.6495,31.5607
32.013,1.5,144.0587,31.1116
31.7081,1.5,142.6866,30.0477
31.1689,1.53,143.0654,30.4613
0.0,0.0,0.0,0.0
26.5894,1.52,121.2475,24.8809
31.2847,1.51,141.7199,28.9878
30.3376,1.53,139.2495,30.8504
32.5021,1.47,143.3344,32.0
31.1579,1.5,140.2108,31.0105
24.4793,1.17,85.9224,23.1697
31.5178,1.5,141.8299,29.8637
29.696,1.53,136.3045,28.7441
29.2757,1.43,125.5929,28.6716
30.3376,1.53,139.2494,31.0
31.2299,1.48,138.6608,30.0953
29.1596,1.51,132.0929,29.3308
29.5476,1.49,132.0778,29.0
33.2327,1.49,148.55,32.5777
31.3374,1.48,139.1381,32.4517
11.7492,0.63,22.206,11.884
30.8044,1.5,138.6197,30.7252
29.721,1.5,133.7445,30.1561
28.7973,1.5,129.5876,30.8004
29.8685,1.48,132.6163,29.5355
29.8143,1.54,137.7423,30.0
31.4333,1.49,140.507,31.8018
30.2289,1.52,137.8438,34.1657
32.6771,1.46,143.1256,30.4822
30.8242,1.51,139.6335,33.0
30.8702,1.47,136.1374,31.9823
29.7744,1.49,133.0917,29.0
32.1455,1.48,142.7262,30.7563
31.6188,1.51,143.233,32.8325
30.5109,1.5,137.299,30.0184
31.5114,1.49,140.8561,32.9005
30.4558,1.52,138.8785,30.3187
31.484,1.46,137.8999,31.6203
25.5182,1.35,103.3489,26.9371
29.9068,1.54,138.1695,29.9313
30.9462,1.5,139.258,30.1632
29.2352,1.52,133.3127,29.5437
29.3589,1.54,135.638,27.4741
29.0292,1.53,133.2441,28.9357
28.2211,1.52,128.6881,30.0489
29.6836,1.51,134.4666,28.4281
31.4704,1.51,142.561,32.3764
7.4057,0.38,8.4425,7.678
30.5009,1.51,138.1692,30.6156
30.377,1.48,134.8741,30.6933
31.9089,1.46,139.7611,32.932
30.4883,1.52,139.0264,29.0
32.8942,1.48,146.0504,31.4205
30.3159,1.52,138.2406,32.0
30.047,1.49,134.3103,31.0266
28.9876,1.54,133.9226,29.5619
30.779,1.51,139.4287,31.0916
30.9367,1.49,138.2871,33.0111
32.3964,1.49,144.812,30.0
30.5091,1.47,134.545,29.903
0.0,0.0,0.0,0.0
32.2093,1.46,141.0766,29.9299
3.6004,0.18,1.9442,3.1591
32.224,1.49,144.0411,31.2497
0.0,0.0,0.0,0.0
32.2201,1.5,144.9902,32.1469
25.8913,1.29,100.1995,24.196
30.4617,1.54,140.7329,29.0
30.1861,1.53,138.5543,29.784
29.4485,1.54,136.0521,28.0383
29.771,1.52,135.7558,31.6994
29.9662,1.54,138.4437,31.7963
30.3942,1.47,134.0384,33.0
12.7043,0.66,25.1545,11.4289
30.3541,1.5,136.5937,29.3791
30.0418,1.51,136.0893,31.9881
30.2491,1.5,136.1211,30.1828
31.4536,1.48,139.654,30.3487
30.736,1.47,135.5458,29.885
6.8538,0.36,7.4021,6.9733
29.9709,1.47,132.1718,29.5351
30.403,1.48,134.9891,29.9954
30.9863,1.5,139.4384,29.0
30.7122,1.51,139.1261,29.0945
28.3759,1.52,129.3941,27.702
25.6955,1.28,98.6706,25.2822
30.0857,1.5,135.3857,31.0
31.1493,1.49,139.2372,31.3051
0.0,0.0,0.0,0.0
31.929,1.51,144.6384,32.038
32.0556,1.5,144.2502,31.4225
30.6268,1.53,140.5768,29.7225
32.9226,1.46,144.2008,34.2747
30.338,1.5,136.521,30.0878
30.2811,1.53,138.99,31.3444
29.3836,1.5,132.226,31.6041
31.6791,1.5,142.5558,32.3713
32.0985,1.49,143.4805,34.2464
31.4598,1.47,138.7378,31.7473
31.4328,1.47,138.6186,30.8414
30.2455,1.46,132.4753,31.0094
31.2296,1.5,140.5333,33.0
30.0683,1.5,135.3074,29.0277
29.93,1.51,135.5828,30.0
30.5642,1.52,139.3726,32.2187
30.7255,1.49,137.3428,32.9313
3.4504,0.17,1.7597,3.2341
29.1444,1.55,135.5215,29.7596
30.5238,1.52,139.1886,31.0
30.6143,1.51,138.6827,30.0
30.1904,1.5,135.8566,31.0
30.0433,1.49,134.2936,30.5571
29.3583,1.51,132.9931,27.6632
0.0,0.0,0.0,0.0
23.8182,1.23,87.8892,23.4084
30.5602,1.48,135.6875,28.0129
31.0461,1.5,139.7076,29.8071
31.9707,1.51,144.8273,32.0014
33.3505,1.48,148.0763,30.1192
30.8669,1.49,137.975,31.9387
31.8262,1.47,140.3533,33.5864
29.3854,1.53,134.879,28.6127
32.4045,1.49,144.8481,26.2901
31.3458,1.48,139.1756,29.4177
31.387,1.51,142.1831,31.0
29.9581,1.52,136.6089,30.4568
27.3586,1.54,126.3966,25.0
30.3469,1.52,138.3819,32.6432
29.6387,1.54,136.9306,30.9358
32.9867,1.48,146.4609,33.0
31.7794,1.5,143.0074,31.3873
31.8744,1.49,142.4785,29.9196
30.9232,1.5,139.1543,29.8154
31.0895,1.52,141.7679,31.7866
30.4094,1.5,136.8424,30.0
32.4626,1.49,145.1077,32.6369
29.3603,1.53,134.764,26.341
31.9728,1.48,141.9594,31.7288
29.1861,1.52,133.0884,28.1408
30.7904,1.46,134.862,30.8481
30.2917,1.52,138.1303,30.2434
29.933,1.46,131.1066,29.5699
0.0,0.0,0.0,0.0
29.6192,1.49,132.3977,26.1469
7.7354,0.39,9.0504,7.2701
30.6846,1.51,139.0014,29.7999
31.8174,1.45,138.4058,30.1084
0.0,0.0,0.0,0.0
31.39,1.48,139.3715,31.3708
0.0,0.0,0.0,0.0
0.5932,0.03,0.0534,0.5427
32.1998,1.46,141.035,32.1094
28.6879,1.51,129.956,28.7028
31.8696,1.48,141.5011,31.7387
29.687,1.5,133.5917,29.031
0.0,0.0,0.0,0.0
31.4839,1.46,137.8995,32.0
31.6761,1.46,138.7414,32.0039
31.7368,1.47,139.9593,30.8356
29.5887,1.49,132.2614,32.8319
30.7263,1.45,133.6594,28.6503
32.6239,1.47,143.8712,34.1443
31.9636,1.5,143.8363,33.0106
32.2535,1.5,145.1405,32.1691
0.0,0.0,0.0,0.0
30.4218,1.5,136.8979,30.7423
32.2503,1.49,144.1588,33.5874
31.7099,1.46,138.8893,32.527
32.8249,1.48,145.7426,33.1226
31.9261,1.48,141.7521,33.9358
30.3819,1.5,136.7188,28.9717
31.0223,1.52,141.4616,30.3251
29.8974,1.48,132.7446,31.0857
31.0592,1.52,141.6298,30.1847
31.3006,1.5,140.8525,30.0
30.4182,1.5,136.882,28.3559
31.1536,1.5,140.1913,33.1494
0.0,0.0,0.0,0.0
28.6388,1.5,128.8745,31.2491
30.7653,1.51,139.3669,32.3388
30.8964,1.49,138.1071,28.7976
30.2178,1.53,138.6997,31.0
29.928,1.51,135.5739,30.2191
32.8482,1.49,146.8315,34.6763
31.0592,1.47,136.9713,32.3248
29.9696,1.46,131.2667,29.3894
31.612,1.49,141.3058,31.1251
30.6386,1.51,138.7927,25.8069
29.3883,1.5,132.2472,29.0
32.1003,1.49,143.4885,32.8902
0.0,0.0,0.0,0.0
0.0,0.0,0.0,0.0
31.4324,1.51,142.3887,31.7116
33.4514,1.48,148.5244,33.5865
30.5937,1.49,136.754,29.983
32.3981,1.48,143.8477,31.1406
31.8088,1.51,144.0937,31.8341
34.3644,1.47,151.5469,39.1005
31.668,1.5,142.5061,31.0
31.4415,1.5,141.4867,31.4843
31.7752,1.47,140.1287,34.1534
31.1938,1.49,139.4364,31.16
31.7975,1.49,142.1347,30.6552
30.4618,1.53,139.8198,31.6344
30.6952,1.49,137.2077,30.122
30.5592,1.51,138.433,29.4165
1.1627,0.06,0.2093,1.2955
0.0,0.0,0.0,0.0
31.2706,1.5,140.7176,32.6883
30.1915,1.53,138.5791,29.868
30.2861,1.51,137.1962,33.0
0.0,0.0,0.0,0.0
30.048,1.51,136.1174,32.3796
31.798,1.46,139.2753,32.6146
30.5504,1.46,133.8109,29.4359
32.2177,1.46,141.1134,32.7473
30.4156,1.51,137.7826,28.3845
31.4968,1.49,140.7907,32.4809
31.6018,1.48,140.312,28.6781
30.9358,1.53,141.9954,31.0
30.4013,1.52,138.6297,30.1041
30.719,1.51,139.1569,30.5529
30.4019,1.49,135.8963,31.4227
31.7563,1.48,140.9978,31.9105
31.6861,1.5,142.5875,32.1825
31.258,1.52,142.5365,31.0
30.8983,1.49,138.1155,30.3215
31.2076,1.5,140.4341,32.5702
31.1378,1.5,140.1199,31.9169
29.5922,1.54,136.7161,31.0482
3.4008,0.19,1.9385,3.7413
30.7527,1.51,139.3098,28.8675
31.8794,1.45,138.6755,31.0
30.4441,1.52,138.8253,28.0809
31.3343,1.5,141.0041,30.6941
29.9624,1.53,137.5274,28.8466
23.1461,1.2,83.3259,24.1723
29.9957,1.54,138.5803,29.8675
30.633,1.46,134.1725,31.5926
32.2001,1.5,144.9003,33.0
31.3737,1.5,141.1815,31.7846
29.0769,1.53,133.4632,26.7313
29.2451,1.55,135.9897,30.0
28.7983,1.48,127.8645,31.0
30.9502,1.51,140.2045,29.0822
27.3326,1.51,123.8167,27.1007
32.2939,1.5,145.3227,31.3094
30.6638,1.51,138.9072,31.6857
31.7949,1.51,144.0307,31.1466
31.7525,1.48,140.9809,32.0268
29.9037,1.54,138.1549,29.0631
30.7723,1.51,139.3984,30.016
29.3903,1.51,133.138,29.2393
29.692,1.52,135.3957,27.9904
32.9098,1.48,146.1194,34.5461
30.4226,1.51,137.8142,30.932
30.9263,1.47,136.385,30.2463
31.9233,1.48,141.7397,34.7399
28.6368,1.39,119.4155,25.4136
30.2329,1.51,136.955,31.7064
30.864,1.49,137.9619,31.8917
30.0842,1.5,135.3788,31.0
32.2998,1.5,145.3491,32.0
30.5039,1.5,137.2676,31.0
31.2175,1.49,139.5421,31.4518
27.9745,1.52,127.5635,26.0052
29.0869,1.47,128.2734,30.527
28.7202,1.55,133.5491,27.1906
30.8532,1.46,135.137,31.5219
28.2954,1.52,129.027,29.7606
30.2232,1.48,134.1911,30.7868
30.6096,1.51,138.6617,30.4882
32.1774,1.49,143.8329,32.5754
0.0,0.0,0.0,0.0
30.7334,1.5,138.3005,29.5036
32.4872,1.47,143.2686,34.0
32.1213,1.49,143.582,32.0
29.0032,1.49,129.6442,31.0
29.9683,1.55,139.3525,29.0
31.2209,1.5,140.4942,30.0
29.6788,1.51,134.4451,29.1901
30.3159,1.53,139.1501,30.9894
31.594,1.46,138.3819,35.0
29.8998,1.54,138.1372,30.9951
30.9587,1.48,137.4566,29.284
26.8069,1.51,121.4353,24.6507
31.3389,1.51,141.965,30.0454
29.8914,1.54,138.0984,30.0
17.6606,0.9,47.6837,18.2434
31.9906,1.49,142.9981,31.247
31.663,1.5,142.4833,29.3341
31.6502,1.49,141.4766,34.0
33.6531,1.48,149.4196,36.0
30.6116,1.53,140.5071,29.9313
30.3145,1.54,140.0532,29.0
29.6579,1.52,135.2401,29.6802
0.9322,0.05,0.1398,0.8967
31.7667,1.49,141.9972,33.718
0.0,0.0,0.0,0.0
30.2677,1.51,137.1129,30.5251
31.5314,1.5,141.8913,34.0525
28.4896,1.53,130.7673,25.3084
0.0,0.0,0.0,0.0
31.3304,1.53,143.8064,32.2277
27.4001,1.52,124.9445,27.2426
0.0,0.0,0.0,0.0
26.9271,1.56,126.0187,27.7476
30.5987,1.48,135.8584,28.5651
0.0,0.0,0.0,0.0
30.9195,1.52,140.9927,31.0
27.3428,1.4,114.8397,27.3744
0.0,0.0,0.0,0.0
30.1612,1.53,138.4398,28.8994
30.8036,1.49,137.6919,29.9534
33.3765,1.47,147.1902,35.3354
34.6841,1.48,153.9973,35.8813
30.5087,1.52,139.1195,31.0
29.7603,1.52,135.7068,30.6614
30.0975,1.47,132.7299,29.0473
7.319,0.35,7.685,5.7202
2.4847,0.14,1.0436,2.9048
30.4575,1.53,139.7998,31.0836
32.3725,1.44,139.8491,34.0
31.5349,1.5,141.9069,34.9632
30.3494,1.53,139.3039,29.8773
29.7975,1.5,134.0888,28.8663
29.9447,1.54,138.3445,29.0
30.1247,1.48,133.7537,29.5328
31.277,1.46,136.9931,31.6968
31.1645,1.47,137.4353,32.9198
29.078,1.41,122.9999,31.0918
30.0887,1.52,137.2046,30.2737
28.7943,1.55,133.8936,30.0921
30.545,1.5,137.4525,28.9742
32.1429,1.47,141.7503,31.958
0.0,0.0,0.0,0.0
29.678,1.51,134.4414,31.5674
31.8261,1.44,137.4886,33.2786
30.3277,1.53,139.204,30.0976
28.2656,1.52,128.8912,30.1287
7.9387,0.4,9.5264,7.6568
30.2395,1.51,136.9848,28.7273
30.5582,1.51,138.4286,28.4197
29.0368,1.55,135.0212,28.4233
32.0413,1.47,141.302,28.0605
30.1109,1.52,137.3056,30.6957
32.5633,1.48,144.5811,32.0353
31.5601,1.5,142.0205,33.0
0.0,0.0,0.0,0.0
32.01,1.5,144.0449,31.2098
31.7841,1.48,141.1216,35.49
32.7831,1.45,142.6065,32.401
31.4501,1.52,143.4127,30.5539
27.4774,1.51,124.4725,26.4859
14.9119,0.75,33.5519,15.015
31.3739,1.51,142.1238,32.9968
4.4509,0.23,3.0711,4.8689
25.6365,1.34,103.0586,27.3999
30.1885,1.5,135.8481,28.5141
31.4846,1.46,137.9025,32.1428
32.1813,1.49,143.8504,31.9252
32.2322,1.49,144.078,26.0813
30.7193,1.5,138.237,29.8097
30.0544,1.54,138.8515,33.9303
30.1391,1.49,134.7217,28.5505
8.7024,0.45,11.7483,8.6232
29.406,1.53,134.9735,30.1754
32.7728,1.47,144.5281,32.828
29.235,1.55,135.9429,27.7091
30.7533,1.5,138.39,31.3215
30.7998,1.43,132.131,29.877
12.3835,0.57,21.1758,12.4613
30.5911,1.53,140.4133,28.5275
21.4507,1.09,70.1438,23.9431
31.4116,1.46,137.5827,30.6356
31.6892,1.52,144.5028,32.4023
29.457,1.49,131.673,30.0267
0.1865,0.01,0.0056,0.1676
30.3582,1.51,137.5227,30.4083
30.4278,1.51,137.8377,29.9853
27.2183,1.52,124.1152,26.0066
31.4301,1.49,140.4927,33.0037
18.8755,1.05,59.4577,19.8867
29.9473,1.54,138.3564,31.4442
30.0956,1.49,134.5273,30.8822
29.3202,1.56,137.2183,28.5947
27.4094,1.51,124.1644,26.6305
32.9497,1.46,144.3198,32.9217
31.343,1.46,137.2823,32.0694
32.3317,1.48,143.5525,30.7387
31.0461,1.47,136.9131,30.5807
31.9441,1.47,140.8734,31.7902
29.7549,1.47,131.2192,30.7167
32.1387,1.49,143.6599,32.4683
31.3487,1.51,142.0098,31.0
30.1504,1.51,136.5811,29.962
0.0,0.0,0.0,0.0
30.8544,1.48,136.9935,30.0
29.6575,1.51,134.3485,29.9788
21.2864,1.14,72.7996,19.1631
32.0292,1.47,141.2486,33.0
30.5258,1.52,139.1979,29.5928
30.2972,1.53,139.0644,30.0
32.2347,1.47,142.1548,33.0
30.9286,1.51,140.1065,30.0
31.446,1.48,139.6201,32.2417
6.037,0.29,5.2522,5.2649
32.2337,1.48,143.1175,32.8218
30.3786,1.51,137.6148,29.3499
30.578,1.51,138.5182,26.7996
27.7656,1.51,125.778,26.0179
31.2489,1.5,140.6201,31.0
32.2797,1.49,144.2903,31.9252
32.1691,1.48,142.8307,31.4472
32.5314,1.44,140.5357,32.2975
30.0017,1.47,132.3077,29.1001
31.3792,1.5,141.2066,27.7838
30.4489,1.51,137.9336,29.9317
30.0677,1.51,136.2067,30.2489
31.1244,1.5,140.0596,31.3448
32.058,1.47,141.376,31.1595
31.0087,1.5,139.5394,32.605
32.6006,1.49,145.7248,33.0454
31.5433,1.48,140.0521,33.0
23.6649,1.23,87.3236,22.0015
30.3842,1.47,133.9944,31.854
28.1087,1.52,128.1757,28.8243
28.9581,1.55,134.6552,28.0006
30.5068,1.51,138.1957,30.0
30.6176,1.53,140.535,30.0
31.9379,1.49,142.7622,32.0
32.0776,1.49,143.387,30.198
19.4261,0.99,57.6956,19.6551
30.874,1.53,141.7116,30.8454
29.4778,1.49,131.7659,30.1513
26.8701,1.45,116.8851,27.6128
30.6031,1.49,136.7959,31.3873
30.7894,1.51,139.4758,31.2775
12.0032,0.64,23.0462,12.141
30.459,1.53,139.8066,30.4362
30.518,1.52,139.162,30.8235
0.0,0.0,0.0,0.0
32.2466,1.47,142.2077,30.8943
31.3632,1.5,141.1344,32.2447
32.2511,1.49,144.1624,34.0
30.8858,1.51,139.9126,28.3623
29.1963,1.55,135.7628,29.0
32.3673,1.49,144.6817,30.4822
33.6784,1.48,149.532,32.3167
31.6192,1.48,140.3892,28.9978
31.8575,1.49,142.4028,32.8277
30.5578,1.52,139.3435,28.2147
29.3003,1.5,131.8515,30.1428
21.5355,1.24,80.112,21.9053
30.2213,1.5,135.9957,30.2873
29.4062,1.5,132.328,30.9781
29.5258,1.51,133.7519,28.8416
0.0,0.0,0.0,0.0
33.0424,1.46,144.7257,32.1575
30.7188,1.52,140.0779,30.0
14.9307,0.79,35.3859,14.7162
29.4069,1.52,134.0957,30.0
30.2487,1.52,137.9339,30.59
21.0498,1.09,68.833,22.7348
31.7263,1.48,140.8649,30.1928
30.3512,1.52,138.4014,31.5046
31.621,1.5,142.2945,30.6921
30.4014,1.51,137.7182,28.2201
33.0457,1.48,146.7228,34.2456
0.4157,0.02,0.0249,0.4065
28.2318,1.51,127.89,26.9522
29.9983,1.52,136.7924,30.2337
30.7443,1.53,141.1162,29.0814
30.1456,1.53,138.3682,29.5219
31.879,1.46,139.6301,30.4841
29.4436,1.5,132.4962,30.0
30.5971,1.49,136.7691,35.8595
31.0853,1.49,138.9511,32.0
31.2077,1.5,140.4347,34.4136
31.3732,1.49,140.2384,31.0
29.069,1.47,128.1944,32.4626
29.1135,1.55,135.3778,30.4224
31.2097,1.51,141.3798,32.0
30.2528,1.52,137.953,30.0
31.131,1.5,140.0893,29.6918
18.6355,0.91,50.8748,17.7398
30.7598,1.51,139.3418,31.0
30.544,1.51,138.3643,30.76
31.9567,1.48,141.8877,32.2302
30.7462,1.53,141.1251,31.1239
30.8064,1.53,141.4014,31.8627
30.0342,1.49,134.2528,32.063
26.2982,1.46,115.1861,26.5277
29.5656,1.49,132.1584,29.0669
32.0864,1.45,139.576,31.6576
28.8984,1.48,128.3089,28.4337
31.6499,1.5,142.4245,31.1783
32.7685,1.48,145.492,34.156
29.8388,1.58,141.4358,30.3473
29.9072,1.48,132.7878,29.8846
6.5033,0.34,6.6333,7.2403
30.3607,1.53,139.3558,31.0594
30.2132,1.52,137.7722,30.8569
28.3914,1.54,131.1681,27.1775
29.541,1.45,128.5036,29.6982
30.3468,1.44,131.0982,28.1552
33.3648,1.45,145.1371,40.7025
31.4587,1.48,139.6766,31.0
29.9351,1.52,136.5043,29.8919
31.4757,1.49,140.6963,30.5313
31.4837,1.49,140.7319,31.2074
30.4861,1.51,138.1019,32.9701
30.3588,1.49,135.704,29.9869
29.1101,1.48,129.2487,29.0049
30.7122,1.53,140.9688,29.2209
30.1475,1.53,138.3772,30.1901
30.6295,1.49,136.9137,31.2464
30.5833,1.51,138.5422,30.0
32.9936,1.47,145.5018,33.8968
27.4169,1.51,124.1984,27.6487
29.8221,1.52,135.9889,30.0764
32.0938,1.49,143.4592,32.0
30.0751,1.54,138.9472,32.1697
31.4893,1.49,140.7574,30.6837
31.7146,1.45,137.9585,29.401
30.467,1.51,138.0155,31.4167
30.5411,1.49,136.5187,31.0
30.2485,1.47,133.396,30.9942
30.3436,1.49,135.6361,31.6401
30.6875,1.5,138.0936,32.692
30.037,1.53,137.8698,28.9986
31.0439,1.53,142.4916,31.8908
31.3421,1.49,140.0992,31.6193
32.1803,1.46,140.9496,32.6884
33.583,1.49,150.1162,34.2784
3.5246,0.18,1.9033,3.9335
30.1407,1.51,136.5374,25.5397
30.8824,1.5,138.9709,33.3319
31.5977,1.46,138.3979,34.8584
30.7205,1.53,141.0072,30.8614
30.6107,1.53,140.5032,30.6835
32.8124,1.48,145.6873,33.0
30.4133,1.53,139.5969,30.7399
30.2831,1.51,137.1822,32.9939
31.2779,1.47,137.9355,25.4763
29.2556,1.48,129.8947,29.174
30.0955,1.52,137.2356,30.3062
28.8534,1.5,129.8402,28.9423
27.5271,1.5,123.8721,27.9951
31.853,1.46,139.516,32.5945
30.5338,1.5,137.402,30.9784
30.5422,1.48,135.6073,30.5701
30.3872,1.5,136.7425,30.4888
29.8938,1.55,139.0064,30.9411
32.3857,1.47,142.8209,33.0
31.5532,1.46,138.2029,30.4966
24.349,1.23,89.8479,24.8073
30.3143,1.54,140.0519,30.0
32.8064,1.47,144.6763,33.1957
31.2308,1.49,139.6017,29.8216
31.0184,1.48,137.7215,29.2863
28.5669,1.5,128.5508,29.3156
30.1565,1.49,134.7995,29.6143
28.7817,1.48,127.7907,27.4853
29.449,1.51,133.4038,28.4835
29.8912,1.52,136.3039,28.0
31.3129,1.5,140.9081,30.4739
31.3526,1.49,140.1463,30.0368
27.9521,1.51,126.6231,26.7036
30.4017,1.5,136.8074,28.7079
31.5628,1.49,141.0857,28.291
28.3687,1.44,122.5527,24.2539
31.8521,1.46,139.5121,31.0079
30.8211,1.46,134.9964,30.1291
31.3648,1.46,137.378,30.4395
30.9733,1.51,140.3092,31.0827
30.0281,1.51,136.0275,30.0
30.7991,1.51,139.52,31.418
30.863,1.5,138.8834,30.5582
30.7074,1.53,140.9469,30.2634
31.2901,1.5,140.8054,30.5089
29.9999,1.5,134.9997,31.6012
27.9988,1.49,125.1544,29.0969
30.6089,1.51,138.6585,30.0
0.0,0.0,0.0,0.0
27.8799,1.53,127.969,29.0129
30.6761,1.51,138.9628,30.2693
32.2896,1.48,143.3658,31.1856
31.1109,1.51,140.9322,33.0
31.3694,1.51,142.1033,33.6774
7.3343,0.38,8.3611,7.6447
29.963,1.5,134.8335,29.281
30.375,1.5,136.6876,30.258
29.8825,1.48,132.6785,30.0
30.0854,1.53,138.0919,32.8352
11.9622,0.63,22.6087,12.738
29.6016,1.54,136.7596,28.4694
31.0188,1.51,140.5152,28.0199
0.0,0.0,0.0,0.0
29.3202,1.54,135.4595,29.969
30.8609,1.52,140.7259,29.0837
30.4448,1.53,139.7416,31.2711
30.2737,1.54,139.8646,29.3571
2.0721,0.11,0.6838,1.9724
34.7721,1.47,153.3449,28.9528
32.9647,1.48,146.3634,32.7812
29.9304,1.51,135.5846,29.1875
29.8451,1.56,139.6751,30.4382
31.0713,1.5,139.8211,30.7995
17.3421,0.84,43.7021,17.968
31.5993,1.49,141.249,30.7214
31.8861,1.51,144.4438,32.346
29.1998,1.49,130.5233,28.651
31.0497,1.52,141.5866,30.3374
30.5504,1.49,136.5605,30.5902
0.0,0.0,0.0,0.0
29.1935,1.5,131.3709,28.2458
29.9357,1.52,136.5067,29.4985
1.458,0.07,0.3062,1.2721
30.3808,1.48,134.8907,30.7504
30.188,1.52,137.6574,32.0
31.8973,1.47,140.6669,31.0
32.9222,1.49,147.162,37.2452
27.1295,1.37,111.5024,25.1482
2.9177,0.15,1.3129,2.8539
31.4051,1.48,139.4385,30.9896
31.3075,1.53,143.7014,30.0652
30.7553,1.49,137.4763,30.8859
28.745,1.51,130.2151,31.4856
31.2441,1.51,141.5358,32.0
30.9782,1.5,139.4018,31.7252
32.0207,1.5,144.093,32.3362
30.6715,1.51,138.9418,29.6113
30.6383,1.49,136.9533,29.8584
30.1388,1.42,128.3913,32.5404
31.5438,1.51,142.8936,31.3957
32.5552,1.48,144.5453,32.561
16.4753,0.86,42.5063,16.7597
31.6704,1.49,141.5668,34.0
31.0791,1.52,141.7205,31.7095
30.1403,1.52,137.4396,30.3615
31.6463,1.51,143.3578,30.0556
29.8813,1.53,137.1552,30.697
31.6306,1.5,142.3375,31.5558
29.9896,1.53,137.6521,30.195
27.8561,1.52,127.024,30.0
29.4723,1.55,137.0463,29.2486
14.1681,0.77,32.7283,13.5885
31.7908,1.49,142.1048,30.8701
21.38,1.11,71.1955,18.7043
29.3924,1.5,132.2657,31.1182
32.6897,1.49,146.1229,32.0
32.8715,1.48,145.9495,33.1513
30.3282,1.48,134.6572,29.0
30.3929,1.54,140.4153,27.8009
30.1355,1.52,137.418,31.0717
30.5525,1.51,138.4026,30.1012
29.3449,1.47,129.4111,26.422
30.5341,1.51,138.3192,31.0
28.7756,1.55,133.8065,27.1018
30.2518,1.53,138.8557,31.492
31.8422,1.51,144.245,29.2065
29.3862,1.54,135.764,27.9782
30.4439,1.52,138.824,30.2703
30.0174,1.51,135.979,30.3965
31.8526,1.48,141.4257,32.9678
29.0815,1.52,132.6118,29.1209
29.835,1.51,135.1523,30.5571
32.7713,1.48,145.5044,32.2232
31.2633,1.51,141.6229,33.0
30.0751,1.51,136.2402,32.1932
31.6921,1.46,138.8112,29.0
31.5705,1.47,139.2257,31.3173
29.7878,1.51,134.939,31.6579
31.3032,1.51,141.8035,31.2863
32.1594,1.52,146.6468,31.2026
32.8744,1.47,144.9759,32.1903
30.0208,1.56,140.4972,30.7828
29.7262,1.52,135.5515,29.7725
32.1103,1.5,144.4965,30.0
29.2101,1.5,131.4457,30.0
31.3881,1.51,142.1881,32.3447
29.455,1.49,131.664,29.07
31.3938,1.48,139.3884,29.9384
29.2571,1.48,129.9017,30.0
30.3062,1.52,138.1962,31.0
29.969,1.51,135.7597,30.0013
32.2779,1.48,143.3138,34.8018
28.3108,1.52,129.0974,28.9376
27.9265,1.49,124.8312,28.8016
31.1283,1.47,137.2756,31.4941
30.7563,1.47,135.6355,29.9369
27.1223,1.31,106.5907,26.9272
31.0643,1.53,142.5849,30.7262
30.4112,1.52,138.6751,29.5055
30.2333,1.48,134.2358,27.4538
31.1027,1.51,140.8954,31.9828
32.4592,1.5,146.0666,32.2559
29.8783,1.54,138.0379,30.0663
32.2695,1.49,144.2447,32.0121
31.2041,1.49,139.4824,32.7788
31.0768,1.49,138.9134,31.0
30.1547,1.52,137.5056,30.0
32.4062,1.51,146.8,31.0769
31.3626,1.48,139.2499,30.2974
22.9422,1.09,75.0211,23.7279
30.6907,1.47,135.3458,30.7747
32.1212,1.45,139.7271,32.0
30.3681,1.51,137.5675,30.4902
19.9207,1.04,62.1526,18.2746
31.5169,1.49,140.8803,32.9082
32.4075,1.49,144.8616,31.9951
30.3335,1.48,134.6806,30.0029
31.8215,1.48,141.2874,29.2945
32.7372,1.51,148.2997,33.6764
32.8863,1.48,146.0152,34.0
30.0135,1.51,135.9612,29.303
32.2167,1.46,141.109,32.0
28.9019,1.56,135.2609,29.0
3.6476,0.19,2.0791,4.1638
29.8711,1.51,135.3161,29.4486
30.865,1.5,138.8926,28.0912
32.4618,1.47,143.1566,32.1385
30.2947,1.49,135.4174,31.0108
30.0393,1.51,136.0779,31.0
30.0285,1.5,135.1283,29.4861
30.8822,1.53,141.7495,30.8724
30.928,1.48,137.3204,29.0246
31.236,1.5,140.5619,30.8897
30.3748,1.5,136.6867,30.1783
30.8814,1.51,139.8928,31.3043
31.4839,1.5,141.6774,32.4291
31.4772,1.51,142.5915,29.9823
30.6253,1.5,137.8139,30.0
22.0306,1.09,72.04,22.6205
30.0215,1.52,136.8983,30.0
26.5641,1.55,123.5232,27.0373
32.4084,1.48,143.8931,31.9472
30.6274,1.53,140.5799,30.3336
27.6003,1.5,124.2014,27.0552
32.1271,1.5,144.5718,32.2129
29.9082,1.49,133.6897,30.8036
32.9052,1.48,146.0989,33.305
32.3003,1.51,146.3203,33.4417
0.0,0.0,0.0,0.0
27.6882,1.52,126.2581,27.6518
31.5332,1.5,141.8995,31.3804
28.668,1.51,129.8659,26.6629
31.7737,1.48,141.0753,33.0
31.5059,1.49,140.8314,32.0616
30.7711,1.5,138.47,31.8453
31.7714,1.5,142.9713,31.2687
26.7205,1.51,121.0438,25.9423
31.8104,1.51,144.1012,31.6469
30.8698,1.48,137.062,30.0
30.6522,1.51,138.8547,32.4867
31.0245,1.51,140.5411,29.0
31.4211,1.45,136.6817,31.0
30.0729,1.53,138.0347,31.1868
31.8659,1.47,140.5288,31.1463
32.3232,1.5,145.4544,32.6909
0.0,0.0,0.0,0.0
29.8834,1.45,129.9929,30.8418
30.5455,1.51,138.3711,31.0
30.5379,1.53,140.1692,35.27
29.7592,1.52,135.702,28.0
32.6895,1.45,142.1991,32.0
26.4046,1.3,102.9778,24.0616
30.6206,1.5,137.7926,30.8059
30.4185,1.48,135.0582,30.3661
32.0144,1.51,145.0253,31.8991
30.7021,1.52,140.0018,30.5046
0.0,0.0,0.0,0.0
30.2267,1.5,136.0202,30.0
30.3936,1.51,137.6828,31.8743
30.8817,1.5,138.9674,30.9642
31.6768,1.51,143.4958,30.9119
30.2195,1.5,135.9876,30.0
30.7457,1.54,142.045,29.0019
30.3523,1.54,140.2278,30.9951
29.1045,1.55,135.3359,31.2441
31.4699,1.5,141.6144,33.0
25.838,1.34,103.8689,24.1194
31.2699,1.49,139.7763,31.0013
31.007,1.53,142.3222,30.51
31.1831,1.51,141.2594,32.0
29.0365,1.47,128.0511,29.2822
0.0,0.0,0.0,0.0
29.6465,1.48,131.6305,30.7793
30.1879,1.51,136.7511,28.4111
28.6124,1.51,129.6144,30.2499
32.4493,1.51,146.9955,33.1828
30.3528,1.49,135.677,30.0527
31.6187,1.49,141.3358,33.0372
30.8472,1.51,139.738,31.5731
31.0075,1.5,139.5336,30.3006
0.0,0.0,0.0,0.0
30.4858,1.52,139.0151,30.3349
30.4394,1.52,138.8036,33.7806
31.2927,1.5,140.817,31.9843
29.3559,1.5,132.1017,29.538
30.6658,1.51,138.9161,32.0
31.0927,1.49,138.9842,32.1612
31.2468,1.49,139.6731,30.3705
33.1448,1.49,148.1574,33.5969
8.9889,0.46,12.4047,8.9452
32.9197,1.47,145.176,31.1342
29.5269,1.5,132.8711,29.0655
31.4818,1.5,141.6681,32.0
0.0,0.0,0.0,0.0
30.6328,1.48,136.0094,30.0
4.9144,0.3,4.4229,4.8414
32.1488,1.47,141.7761,33.3315
29.9948,1.5,134.9767,31.6436
30.962,1.52,141.1865,31.1145
31.1462,1.5,140.1579,30.2184
34.9546,1.48,155.1984,36.0859
30.4389,1.52,138.8012,27.3689
6.0814,0.29,5.2908,5.7386
14.7018,0.85,37.4897,16.812
28.6166,1.52,130.4915,31.7588
29.281,1.54,135.2784,27.0865
30.5741,1.53,140.3352,29.7001
30.3547,1.53,139.3279,31.8499
30.9773,1.5,139.3979,27.9029
27.8237,1.49,124.3721,30.7806
32.0888,1.48,142.4744,32.1168
6.9859,0.36,7.5448,6.9733
32.2017,1.46,141.0437,30.7289
30.9757,1.47,136.6027,30.3225
30.4529,1.46,133.3838,30.1028
30.5402,1.47,134.6825,29.8328
32.9588,1.49,147.3258,33.0
33.2086,1.51,150.4348,32.929
32.4799,1.52,148.1084,33.1085
30.7769,1.49,137.5729,30.0
29.7987,1.52,135.8821,31.2246
30.5943,1.5,137.6744,31.719
31.3955,1.5,141.2797,29.9047
31.5285,1.49,140.9322,31.6923
30.3712,1.48,134.8481,29.9646
30.7212,1.5,138.2454,32.2008
30.6015,1.48,135.8705,32.0
30.0389,1.5,135.1748,29.365
3.9888,0.21,2.513,4.3268
28.4001,1.41,120.1325,29.3894
29.9108,1.5,134.5985,26.8836
32.1203,1.48,142.6141,33.8455
29.2095,1.47,128.8139,31.0184
30.3852,1.51,137.6449,28.8621
31.3042,1.45,136.1732,31.7618
30.6863,1.52,139.9297,30.0
32.3449,1.46,141.6706,30.9485
30.596,1.48,135.8462,28.8442
28.6329,1.37,117.6813,30.8229
28.2082,1.43,121.0132,26.2666
33.0414,1.48,146.7038,33.0
30.4047,1.5,136.8212,31.0423
29.7439,1.5,133.8475,30.3566
27.885,1.42,118.7901,27.4736
17.5241,0.9,47.315,15.3204
0.0,0.0,0.0,0.0
30.1177,1.48,133.7226,29.9693
33.0405,1.46,144.7174,31.0093
30.2964,1.53,139.0605,27.6853
30.4367,1.53,139.7047,29.294
30.853,1.52,140.6897,31.0
31.0742,1.54,143.5627,32.0287
29.1019,1.55,135.3238,30.0
30.6396,1.49,136.959,33.2876
32.6698,1.5,147.0141,33.0082
30.5216,1.51,138.263,30.2495
31.0288,1.49,138.6986,29.5029
31.5749,1.5,142.0871,32.2302
30.7234,1.49,137.3338,30.6135
27.2497,1.35,110.3613,28.028
31.8348,1.5,143.2565,32.1742
30.8035,1.52,140.464,32.0
31.2284,1.5,140.5279,33.9143
30.8215,1.53,141.4706,29.5013
32.5305,1.47,143.4593,32.8339
0.0,0.0,0.0,0.0
30.7424,1.47,135.5739,30.9913
29.4356,1.52,134.2264,26.9125
32.3911,1.48,143.8167,31.7529
30.9076,1.48,137.2297,29.7903
31.3013,1.5,140.8558,32.6597
29.0003,1.52,132.2412,28.5788
31.4533,1.5,141.5397,31.2008
32.7793,1.48,145.5401,31.5248
32.1479,1.5,144.6654,33.0
28.5154,1.48,126.6085,27.6227
0.0,0.0,0.0,0.0
33.2116,1.44,143.4742,32.7378
30.5963,1.51,138.6011,30.4209
32.2319,1.5,145.0433,34.5202
29.1798,1.51,132.1845,29.5779
33.0902,1.47,145.9279,33.0
31.2022,1.5,140.4098,33.0
30.4653,1.54,140.7495,30.0072
32.9565,1.46,144.3496,38.7245
29.3804,1.51,133.0934,29.0
30.8996,1.5,139.0482,30.6957
31.1758,1.46,136.5502,29.8292
18.9485,1.0,56.8454,17.6051
29.0988,1.53,133.5635,29.0
33.126,1.49,148.0732,33.8466
0.0,0.0,0.0,0.0
32.9488,1.47,145.3042,32.4123
27.6564,1.5,124.454,25.5967
28.1817,1.54,130.1996,28.2654
30.406,1.51,137.7392,30.8639
29.8557,1.51,135.2463,30.1806
33.581,1.5,151.1146,34.0008
30.732,1.47,135.5282,30.1696
31.9232,1.49,142.6966,32.661
31.0836,1.47,137.0787,31.0
30.8378,1.51,139.6952,31.0768
31.7624,1.47,140.0722,34.3158
29.9676,1.52,136.6525,30.2667
29.3776,1.49,131.318,26.0
30.7752,1.51,139.4117,31.834
29.9687,1.55,139.3547,29.6525
30.4964,1.48,135.4039,31.8257
30.6534,1.51,138.8599,30.0
29.5482,1.52,134.7397,30.4971
30.5266,1.52,139.2012,29.3187
30.5805,1.48,135.7775,29.9619
32.3563,1.5,145.6034,31.0
31.2604,1.45,135.9829,31.0
25.7487,1.3,100.4199,27.8262
31.3522,1.5,141.0849,33.1282
30.3961,1.49,135.8706,28.5989
31.2007,1.5,140.4031,33.0896
32.2021,1.48,142.9773,33.0
32.6695,1.49,146.0328,33.0
30.9923,1.51,140.3952,29.2712
32.0437,1.51,145.1581,32.2378
32.6448,1.48,144.943,32.0561
31.955,1.51,144.7562,33.6655
29.9028,1.51,135.4597,31.1208
26.8579,1.35,108.7744,28.5304
30.4353,1.5,136.9589,32.9242
30.4405,1.47,134.2428,30.7036
30.3591,1.45,132.062,29.6311
30.7115,1.48,136.359,29.2307
30.6472,1.52,139.7512,31.0
29.4823,1.51,133.5547,28.1228
30.6219,1.51,138.7173,31.5968
29.097,1.49,130.0637,28.9652
31.4871,1.49,140.7473,30.2145
32.3082,1.5,145.3868,31.4241
32.6993,1.44,141.2609,33.2222
30.5423,1.51,138.3568,28.9841
30.6167,1.48,135.9382,31.0
30.0332,1.53,137.8523,27.2086
28.9194,1.5,130.1375,31.0
30.2194,1.51,136.894,29.1778
30.6776,1.49,137.1289,33.0
30.1191,1.53,138.2468,31.0
31.0246,1.5,139.6109,30.9963
30.6184,1.5,137.7828,32.0737
29.7634,1.55,138.3999,29.5153
29.4828,1.5,132.6726,26.3055
28.8622,1.52,131.6115,27.8113
31.1056,1.47,137.1756,33.0
29.6222,1.51,134.1886,30.0
30.8258,1.5,138.7161,29.4679
30.759,1.46,134.7245,29.767
30.3245,1.52,138.2798,30.5117
30.645,1.48,136.0638,30.346
32.0188,1.47,141.2031,32.7963
29.7539,1.47,131.2147,29.5043
30.2161,1.49,135.0661,31.0
30.3757,1.5,136.6905,29.1514
30.0246,1.52,136.9122,29.5195
31.5003,1.5,141.7512,29.0
29.9894,1.54,138.5512,31.9547
29.2831,1.45,127.3813,27.999
30.6515,1.49,137.0123,30.0
30.0069,1.51,135.9311,33.0
32.034,1.47,141.2699,34.418
29.2358,1.53,134.1923,27.1171
0.0,0.0,0.0,0.0
29.6777,1.49,132.6593,29.0
6.2375,0.31,5.8009,6.0659
31.7165,1.5,142.7242,32.5569
31.4693,1.5,141.612,32.4789
29.6206,1.54,136.8472,28.8618
12.1184,0.72,26.1757,12.7021
0.0,0.0,0.0,0.0
30.6789,1.43,131.6126,25.5031
30.8933,1.5,139.02,32.6209
30.0643,1.49,134.3874,28.1425
31.171,1.5,140.2696,31.0
30.4058,1.51,137.7383,30.3923
7.7699,0.39,9.0908,6.7188
19.6286,0.95,55.9416,19.5836
30.4601,1.52,138.8981,30.9244
28.9686,1.53,132.9657,28.7697
29.2241,1.47,128.8782,27.7079
31.9847,1.5,143.9311,32.0
31.7508,1.48,140.9737,31.0
30.6561,1.5,137.9523,31.335
29.8339,1.5,134.2526,30.3191
30.0538,1.53,137.9469,30.1018
30.6264,1.52,139.6565,30.5999
30.3899,1.46,133.1077,32.09
0.0,0.0,0.0,0.0
28.2352,1.51,127.9054,28.9787
31.3044,1.51,141.8088,31.246
30.5099,1.53,140.0407,31.5718
30.2485,1.51,137.0256,30.1573
32.164,1.45,139.9134,32.9145
32.0204,1.46,140.2493,32.7632
28.9138,1.52,131.8467,26.4279
30.2957,1.51,137.2395,30.4613
31.1185,1.51,140.9669,30.5095
30.1315,1.52,137.3996,30.0
32.374,1.48,143.7404,31.4993
31.9143,1.47,140.742,33.2142
0.0,0.0,0.0,0.0
1.675,0.09,0.4523,1.7463
30.4958,1.5,137.2311,30.0
32.7483,1.48,145.4026,33.4527
31.5294,1.5,141.8822,31.9757
29.3548,1.5,132.0968,29.5803
30.4193,1.53,139.6245,31.0
32.2008,1.49,143.9378,31.7873
0.0,0.0,0.0,0.0
31.9814,1.49,142.957,32.3636
30.877,1.52,140.7989,32.2887
31.5674,1.49,141.1061,32.0237
33.3851,1.49,149.2314,30.1883
30.8886,1.5,138.9986,31.4513
30.1618,1.51,136.6331,32.8535
34.431,1.47,151.8409,34.2909
30.7433,1.49,137.4227,32.4116
30.6811,1.53,140.8261,29.3298
32.0705,1.52,146.2413,30.2168
0.0,0.0,0.0,0.0
29.9188,1.5,134.6345,30.98
31.8394,1.49,142.3222,31.9045
27.378,1.52,124.8435,28.2057
33.7401,1.48,149.8062,32.6845
30.4667,1.51,138.0142,30.0049
31.7399,1.51,143.7819,33.5286
0.0,0.0,0.0,0.0
29.9146,1.49,133.7182,29.5204
28.8819,1.49,129.1022,29.7299
30.8593,1.47,136.0896,29.7202
30.6351,1.48,136.0197,30.1737
32.0703,1.45,139.5057,33.6808
32.6755,1.49,146.0595,32.9888
29.875,1.52,136.2299,29.4359
30.6268,1.52,139.658,31.207
31.4678,1.49,140.6612,31.1257
29.1517,1.51,132.0573,27.9799
30.1673,1.52,137.5628,28.7327
31.3617,1.49,140.187,32.1441
31.4842,1.49,140.7343,32.4848
31.395,1.48,139.3939,31.754
30.3915,1.53,139.4969,31.0
22.0942,1.2,79.539,22.7942
30.9883,1.45,134.7993,31.3928
31.986,1.5,143.9372,32.0
32.4969,1.48,144.2861,31.2921
0.0,0.0,0.0,0.0
31.1212,1.53,142.8464,31.6075
32.4203,1.48,143.9462,33.0941
33.9737,1.5,152.8814,34.4396
30.6239,1.52,139.6448,31.0
0.0,0.0,0.0,0.0
33.7873,1.48,150.0157,32.3877
0.671,0.04,0.0805,0.5938
29.6705,1.42,126.3962,31.711
31.1249,1.47,137.2607,29.4762
30.8612,1.5,138.8756,30.0
32.435,1.48,144.0114,32.0
29.895,1.51,135.4242,30.3751
24.649,1.27,93.9127,27.4592
0.0,0.0,0.0,0.0
32.8965,1.46,144.0866,32.2896
31.089,1.49,138.9678,33.0
29.6872,1.5,133.5924,30.9762
29.6411,1.52,135.1636,32.9928
31.0549,1.5,139.7471,31.6615
30.606,1.53,140.4813,28.9837
31.3299,1.51,141.9244,29.0764
30.7477,1.46,134.6748,31.6524
30.2228,1.52,137.8161,29.2099
29.6955,1.52,135.4113,29.6
28.9052,1.4,121.4018,25.0569
29.9534,1.52,136.5873,32.9673
31.0244,1.49,138.6789,31.0818
30.0507,1.5,135.2282,30.0
28.5476,1.53,131.0335,28.2037
15.9369,0.83,39.6829,16.9425
14.2575,0.77,32.9348,16.4517
31.3542,1.5,141.0939,30.5102
29.6628,1.55,137.9319,29.7468
21.7915,1.18,77.142,24.3893
0.0,0.0,0.0,0.0
25.8699,1.29,100.1165,24.8362
32.4876,1.48,144.245,33.3227
33.2809,1.47,146.7689,32.0312
31.3973,1.51,142.2297,32.603
25.6087,1.3,99.874,23.6476
31.8636,1.5,143.386,33.5326
0.0,0.0,0.0,0.0
24.3264,1.22,89.0345,22.9065
30.0974,1.48,133.6322,30.2184
30.7059,1.47,135.413,30.947
31.4166,1.47,138.5474,31.0
32.3577,1.48,143.6681,31.7246
3.7341,0.2,2.2405,3.5692
28.5469,1.51,129.3173,28.4737
31.3008,1.49,139.9146,30.5067
30.9112,1.51,140.0278,31.0
33.1636,1.49,148.2413,31.8557
32.0815,1.46,140.5171,30.9303
30.5004,1.5,137.2518,32.8999
26.9893,1.37,110.9259,26.4178
30.8005,1.51,139.5264,31.0
31.1458,1.47,137.3529,31.7456
30.6222,1.5,137.7999,32.4532
30.5073,1.51,138.1981,29.0
29.2718,1.57,137.8702,31.0
29.6542,1.51,134.3336,30.2711
32.3477,1.48,143.6238,31.6249
31.2804,1.51,141.7003,33.3284
32.0265,1.49,143.1582,34.0747
15.6157,0.77,36.0722,13.6168
30.9452,1.5,139.2534,33.9304
31.6716,1.51,143.4724,33.0
31.8934,1.48,141.6065,32.9546
32.6967,1.46,143.2115,33.7655
32.4724,1.49,145.1516,31.5457
31.4388,1.47,138.645,32.3746
32.1699,1.47,141.8692,30.5437
30.0326,1.53,137.8494,29.4972
28.3758,1.52,129.3936,33.9529
31.2432,1.5,140.5943,31.107
30.2894,1.51,137.2112,31.0
0.0,0.0,0.0,0.0
3.4747,0.18,1.8763,3.0376
0.0,0.0,0.0,0.0
29.6144,1.49,132.3763,30.1884
30.9306,1.49,138.2597,31.0
30.1729,1.46,132.1573,28.9674
31.7742,1.45,138.2179,31.83
31.9867,1.51,144.8998,31.8274
30.5314,1.52,139.2234,33.8392
4.4328,0.22,2.9256,4.6179
28.1045,1.49,125.627,28.9568
29.2465,1.56,136.8738,28.3168
30.6746,1.51,138.9559,30.3571
31.4359,1.48,139.5754,32.1165
32.4264,1.49,144.9458,32.6045
29.2074,1.53,134.0617,28.2893
32.7847,1.51,148.5147,31.4378
29.9295,1.5,134.6829,28.6683
0.0,0.0,0.0,0.0
31.0671,1.5,139.8019,32.0
30.1473,1.53,138.3761,30.0092
30.9444,1.5,139.2499,29.7597
23.5729,1.23,86.9841,25.6664
28.9657,1.51,131.2146,25.1865
31.3173,1.5,140.9277,29.093
30.6084,1.51,138.6563,30.2074
29.8604,1.51,135.2678,27.813
31.3446,1.49,140.1102,31.8495
31.6505,1.48,140.5283,31.7339
30.7577,1.53,141.1778,31.0767
0.0,0.0,0.0,0.0
31.5212,1.5,141.8456,32.0
28.6008,1.55,132.9938,28.84
33.1058,1.46,145.0034,28.553
31.6794,1.49,141.6068,31.5469
0.0,0.0,0.0,0.0
29.2309,1.51,132.4159,31.0277
31.8809,1.49,142.5074,31.0204
0.0,0.0,0.0,0.0
31.3284,1.5,140.9776,30.481
30.4827,1.51,138.0869,28.8585
29.0087,1.53,133.1501,29.7901
28.8967,1.48,128.3015,29.7431
28.4986,1.51,129.0987,31.292
30.3152,1.53,139.1469,30.0
31.1892,1.51,141.287,31.7297
31.3267,1.45,136.2712,30.9999
28.6927,1.56,134.2817,28.0
28.1788,1.53,129.3406,28.391
32.1843,1.46,140.9671,32.3938
30.363,1.49,135.7226,31.0782
30.9578,1.52,141.1678,31.3428
30.2047,1.51,136.8274,31.393
30.4255,1.49,136.0019,29.0117
31.0486,1.5,139.7187,30.1521
30.5307,1.5,137.3882,29.9984
30.3626,1.48,134.8101,30.9818
30.9045,1.51,139.9975,32.0
30.1202,1.51,136.4447,28.6538
30.071,1.51,136.2216,30.4086
0.0,0.0,0.0,0.0
28.9791,1.51,131.2751,28.6398
30.6962,1.53,140.8957,30.4628
30.6542,1.5,137.9439,30.7813
27.1903,1.56,127.2506,25.2037
30.9894,1.49,138.5228,30.0
8.048,0.4,9.6576,7.1546
30.2578,1.51,137.0678,30.8994
31.709,1.5,142.6904,29.0
30.889,1.5,139.0004,28.9953
29.9019,1.52,136.3525,30.084
33.8142,1.45,147.0916,38.994
31.2308,1.5,140.5388,31.0
31.6449,1.49,141.4529,32.2086
31.1679,1.53,143.0608,31.6053
30.4427,1.51,137.9053,31.0915
32.3728,1.45,140.8218,34.9747
32.7641,1.48,145.4726,32.5994
32.0691,1.48,142.3867,33.0
31.1087,1.52,141.8555,32.7608
31.2102,1.49,139.5097,31.5754
30.8069,1.51,139.5552,27.8223
30.4231,1.53,139.6421,29.544
30.445,1.52,138.829,30.1571
29.9176,1.5,134.6293,29.0
30.3406,1.48,134.7122,28.3733
30.8992,1.5,139.0464,29.0255
32.1404,1.48,142.7033,30.0
30.2501,1.51,137.0329,30.2293
0.0,0.0,0.0,0.0
31.5566,1.5,142.0047,25.3383
30.1936,1.51,136.7771,30.0522
0.0,0.0,0.0,0.0
33.3864,1.49,149.237,31.1657
31.2502,1.52,142.5008,32.0
30.4957,1.51,138.1456,30.5902
29.8931,1.49,133.6222,29.2559
31.221,1.47,137.6844,32.0
5.5571,0.28,4.668,5.1919
28.8197,1.51,130.5532,28.0
33.4753,1.48,148.6304,32.5244
30.6006,1.52,139.5389,30.0
30.4084,1.49,135.9254,31.4537
29.3453,1.55,136.4556,29.0
20.9701,1.07,67.3139,22.0245
29.936,1.51,135.6103,29.7343
30.4376,1.5,136.9692,29.8509
29.4032,1.53,134.9605,28.0502
29.128,1.47,128.4546,27.0212
30.6411,1.52,139.7232,32.299
30.5923,1.48,135.83,30.9027
27.26,1.54,125.9413,27.4723
31.2561,1.48,138.777,31.9975
30.9128,1.5,139.1078,31.0
0.0,0.0,0.0,0.0
31.9334,1.51,144.6582,32.0
29.6855,1.49,132.6943,30.9382
28.077,1.5,126.3467,29.697
30.0904,1.5,135.4069,30.7548
31.0657,1.48,137.9318,24.8682
30.1383,1.52,137.4306,29.135
29.9844,1.54,138.5277,29.0
28.858,1.54,133.3239,28.7003
30.9408,1.5,139.2336,28.4221
31.936,1.48,141.796,31.1026
30.4156,1.53,139.6076,32.0
30.2673,1.49,135.2949,30.4517
31.0452,1.49,138.7722,30.0079
32.577,1.46,142.6874,33.7087
32.3598,1.47,142.7068,30.8482
29.6674,1.5,133.5031,24.1893
30.0827,1.52,137.1771,29.8626
30.4509,1.51,137.9427,31.0
30.3094,1.51,137.3018,30.007
0.0,0.0,0.0,0.0
31.1895,1.51,141.2886,32.9701
31.748,1.49,141.9136,30.8164
31.7127,1.48,140.8045,30.0
29.812,1.51,135.0485,32.2821
18.2763,0.89,48.7978,19.4624
26.9481,1.52,122.8835,31.3221
30.4179,1.5,136.8807,30.2921
18.7517,0.91,51.1921,17.6781
29.6465,1.5,133.4094,30.0
30.7548,1.5,138.3964,31.1953
14.407,0.75,32.4157,15.199
31.6226,1.45,137.5583,32.0
31.668,1.47,139.656,32.5277
32.4721,1.5,146.1243,32.0
29.0673,1.52,132.5469,27.5452
30.8891,1.53,141.7808,31.7506
29.7651,1.51,134.8359,30.2849
33.1573,1.48,147.2185,32.4761
26.6766,1.51,120.845,25.0
29.8083,1.52,135.9257,29.1951
29.5011,1.52,134.5248,28.3939
31.1462,1.49,139.2236,30.7023
27.9307,1.51,126.526,27.8093
30.6895,1.51,139.0235,29.3478
29.1927,1.54,134.8702,27.9461
31.218,1.49,139.5444,32.9791
31.1203,1.5,140.0413,30.751
30.5704,1.5,137.5669,30.4097
11.6007,0.6,20.8812,11.1665
30.3298,1.5,136.484,30.9047
29.6001,1.52,134.9763,30.0
27.9597,1.47,123.3024,29.0605
31.0896,1.48,138.038,31.0
30.79,1.5,138.5549,31.0
29.618,1.46,129.7267,30.4566
32.287,1.47,142.3855,31.4442
31.8662,1.48,141.4859,33.281
31.112,1.49,139.0707,29.3382
32.4319,1.49,144.9707,30.7276
32.2605,1.49,144.2042,33.4527
30.4788,1.49,136.24,32.6638
30.9072,1.51,140.0097,32.0
31.8168,1.47,140.3121,32.0
28.2128,1.51,127.8038,28.6135
31.4073,1.47,138.5063,32.4726
0.0,0.0,0.0,0.0
29.7932,1.48,132.282,27.1439
20.9174,1.03,64.6348,23.8932
30.7627,1.53,141.201,32.6214
31.0855,1.52,141.7501,32.0
26.9522,1.52,122.9021,25.7387
31.061,1.44,134.1836,30.4372
30.2393,1.51,136.9841,29.4829
4.4634,0.23,3.0797,4.1456
33.3499,1.48,148.0735,31.6263
28.5238,1.52,130.0684,27.8741
0.1676,0.01,0.005,0.1517
32.1959,1.47,141.984,30.7092
31.6865,1.54,146.3917,30.6407
32.1334,1.49,143.6364,33.0
30.5751,1.45,133.0019,30.705
30.8636,1.51,139.8121,32.1043
31.4539,1.5,141.5427,32.3652
0.0,0.0,0.0,0.0
32.2024,1.49,143.9446,33.0
32.372,1.48,143.7316,34.3588
32.4385,1.46,142.0808,29.897
32.5937,1.51,147.6496,31.6412
31.0312,1.49,138.7095,31.0712
30.471,1.51,138.0337,28.5976
32.3728,1.48,143.7351,32.8658
31.6209,1.5,142.294,32.4823
31.9473,1.48,141.8458,30.5448
31.9244,1.48,141.7443,32.0701
31.1014,1.5,139.9562,32.0312
30.2923,1.54,139.9504,30.3797
30.1063,1.52,137.2845,30.5517
30.8177,1.53,141.4531,31.0
31.2485,1.46,136.8683,29.9855
4.7765,0.25,3.5824,4.5765
31.356,1.51,142.0425,31.7888
23.2725,1.28,89.3665,24.2244
30.4688,1.49,136.1955,31.0138
31.534,1.49,140.9571,31.1558
28.5379,1.56,133.5573,28.0851
32.4585,1.5,146.0633,30.3944
29.1614,1.51,132.1012,28.2094
30.5367,1.46,133.7506,30.8399
31.6175,1.5,142.2787,32.0
30.3458,1.52,138.3766,29.6715
31.3774,1.52,143.081,32.9104
30.7661,1.47,135.6784,32.1307
31.457,1.48,139.6691,33.3812
30.0465,1.49,134.3079,30.8919
29.4732,1.52,134.3978,27.5559
30.9146,1.51,140.0432,32.0
30.446,1.53,139.747,31.0
27.1782,1.4,114.1485,30.3275
29.667,1.52,135.2815,31.4741
31.0475,1.51,140.6452,32.0736
26.0969,1.32,103.3436,20.9435
30.739,1.48,136.4812,31.0
32.5715,1.49,145.5947,32.7993
31.5666,1.45,137.3149,32.5808
30.2286,1.51,136.9357,31.0014
14.9743,0.88,39.5322,15.0547
31.8467,1.47,140.4438,33.7525
30.2952,1.48,134.5109,31.5753
29.5432,1.49,132.0583,32.9939
26.8108,1.53,123.0615,26.3141
31.5072,1.49,140.8371,32.3342
5.1554,0.26,4.0212,5.3774
30.4949,1.51,138.1418,31.3252
30.6375,1.5,137.8688,30.0076
32.3344,1.48,143.5649,32.7636
29.6964,1.53,136.3065,30.0
32.2548,1.5,145.1467,33.0
0.0,0.0,0.0,0.0
31.586,1.51,143.0844,31.0
31.893,1.51,144.4751,30.8258
28.7169,1.53,131.8105,27.5133
30.815,1.49,137.7429,33.0
30.1685,1.52,137.5681,30.0
32.5514,1.48,144.5283,34.0
32.1044,1.49,143.5067,31.3988
29.7353,1.47,131.1327,29.0178
31.4472,1.5,141.5126,31.0
30.3742,1.52,138.5063,31.0602
31.0422,1.5,139.69,31.2798
31.8831,1.48,141.561,30.1215
32.247,1.48,143.1769,33.0258
30.6656,1.53,140.7551,31.1463
31.0213,1.49,138.6653,31.0
30.2777,1.54,139.8831,31.5853
15.9143,0.78,37.2394,16.0036
30.0409,1.49,134.2828,27.3215
31.491,1.48,139.8199,30.2432
31.0934,1.52,141.786,32.0
28.121,1.52,128.2319,26.0
30.7934,1.49,137.6465,29.0
30.0912,1.53,138.1184,30.75
31.1619,1.51,141.1636,29.7837
30.3203,1.52,138.2608,31.8318
32.9665,1.48,146.3714,34.0
30.6111,1.52,139.5868,32.8232
30.2447,1.53,138.8232,30.3517
30.6644,1.5,137.9898,29.9974
31.9733,1.5,143.8798,32.57
21.4134,1.12,71.9492,24.3788
30.4587,1.49,136.1504,30.0
31.0051,1.48,137.6624,31.7889
31.0488,1.5,139.7197,32.2005
32.3782,1.47,142.7878,32.0
32.1252,1.5,144.5633,32.5399
0.0,0.0,0.0,0.0
30.2279,1.51,136.9324,31.0
30.5252,1.47,134.6161,31.0
28.4713,1.45,123.85,27.9988
30.6721,1.52,139.8649,30.0273
30.7244,1.5,138.2599,27.0336
30.6991,1.51,139.0668,31.5026
30.0289,1.4,126.1213,23.7424
31.4533,1.49,140.5962,31.665
29.6883,1.49,132.7065,31.5319
31.378,1.5,141.2009,32.0
29.0497,1.53,133.3383,29.0
4.4656,0.24,3.2152,3.9063
31.36,1.47,138.2975,30.0
29.5733,1.56,138.403,29.5101
31.103,1.47,137.1644,32.4199
29.037,1.43,124.5685,31.538
30.5546,1.52,139.3288,30.9897
31.2645,1.5,140.6901,30.6758
30.4526,1.51,137.9501,32.0577
32.4063,1.5,145.8282,30.0957
31.1523,1.5,140.1852,30.5965
31.1991,1.5,140.396,32.2753
31.2657,1.49,139.7575,34.5967
32.1347,1.49,143.6423,33.0
30.3369,1.49,135.6059,30.41
30.8887,1.5,138.9992,32.9777
32.331,1.47,142.5796,33.002
33.3504,1.48,148.0757,34.8638
32.2085,1.45,140.107,31.1506
29.6524,1.53,136.1044,30.2703
33.5124,1.49,149.8006,34.6693
30.7837,1.47,135.7559,30.0
30.178,1.5,135.8011,28.8
33.0397,1.48,146.6961,35.2983
29.603,1.51,134.1016,29.8478
0.0,0.0,0.0,0.0
30.57,1.51,138.4822,29.7505
0.0,0.0,0.0,0.0
12.0203,0.69,24.882,11.7268
29.2218,1.49,130.6214,28.3319
30.457,1.53,139.7977,30.0589
32.6204,1.47,143.8561,34.6615
30.396,1.5,136.7821,30.584
30.5218,1.53,140.0951,31.0
0.0,0.0,0.0,0.0
29.4943,1.48,130.9547,28.2378
0.0,0.0,0.0,0.0
31.8093,1.49,142.1876,31.7489
30.4853,1.46,133.5254,31.0
30.3162,1.51,137.3323,28.74
31.8161,1.48,141.2634,29.7706
31.2817,1.49,139.8291,29.0943
30.4293,1.54,140.5835,30.9865
30.4236,1.5,136.9063,30.0152
27.7699,1.51,125.7977,29.46
32.2008,1.47,142.0055,31.182
22.5681,1.16,78.5371,20.0656
30.2813,1.53,138.9912,26.8362
31.8249,1.48,141.3024,29.2445
31.2327,1.5,140.547,29.0
34.1154,1.47,150.4488,34.0657
31.0317,1.47,136.8499,29.2315
32.2361,1.46,141.1941,31.3804
29.6789,1.52,135.3357,27.0713
30.4759,1.49,136.2273,33.3356
30.9769,1.48,137.5374,27.9933
0.9383,0.05,0.1407,0.9111
30.2185,1.53,138.7027,29.6268
30.72,1.51,139.1618,28.8183
28.2222,1.56,132.0801,27.7402
31.5343,1.47,139.0665,30.0
30.6265,1.52,139.6566,30.5288
32.5544,1.47,143.5651,36.1824
32.9138,1.48,146.1374,34.8542
29.9468,1.53,137.456,30.8383
30.8509,1.48,136.9781,30.7374
29.8313,1.53,136.9257,30.238
32.3005,1.45,140.507,30.9979
31.6895,1.49,141.6519,32.5735
31.283,1.48,138.8966,31.8111
31.033,1.53,142.4413,31.3343
29.388,1.54,135.7726,28.4311
31.9773,1.45,139.1011,31.863
30.7614,1.53,141.1947,31.2369
28.1371,1.54,129.9932,27.5931
0.0,0.0,0.0,0.0
28.966,1.56,135.5611,29.0
29.9721,1.53,137.5721,29.1072
31.3099,1.51,141.8341,32.3308
31.2684,1.5,140.7078,31.0659
28.69,1.55,133.4087,28.78
29.943,1.54,138.3365,29.7049
30.0308,1.51,136.0395,30.0
31.7635,1.45,138.1713,32.885
31.045,1.5,139.7023,31.8533
30.3663,1.52,138.4705,31.2492
29.6021,1.5,133.2093,29.6033
28.9897,1.53,133.0628,31.0
31.4942,1.46,137.9447,31.0
31.9495,1.48,141.8557,32.7117
31.483,1.45,136.9511,33.2194
32.1419,1.46,140.7815,30.8911
30.5149,1.5,137.317,31.0
4.5167,0.23,3.1165,4.7544
31.6527,1.51,143.3869,30.9227
30.4816,1.51,138.0817,30.0912
23.094,1.19,82.4455,23.5131
30.7514,1.51,139.304,32.0
31.6697,1.5,142.5138,32.4261
27.1796,1.53,124.7541,27.6429
30.687,1.47,135.3297,31.9021
29.5432,1.46,129.3991,28.0241
28.4358,1.52,129.6673,26.2005
29.614,1.49,132.3744,29.0
30.4766,1.53,139.8875,30.0
30.0088,1.52,136.8401,29.1067
30.7333,1.51,139.2219,31.2035
29.7728,1.5,133.9774,29.9863
0.0,0.0,0.0,0.0
31.1692,1.53,143.0668,30.9737
29.2267,1.53,134.1504,27.2933
30.3795,1.53,139.4417,30.6271
31.589,1.46,138.3596,31.2762
31.8248,1.46,139.3927,31.2527
30.0404,1.5,135.1817,29.7831
31.1476,1.52,142.033,30.5832
30.7293,1.55,142.891,29.3191
11.4905,0.56,19.304,10.5285
24.7229,1.33,98.6442,22.8371
34.5195,1.48,153.2668,33.3903
29.5338,1.53,135.56,30.4859
19.5169,1.01,59.1362,18.3097
31.8425,1.5,143.2914,32.0
31.6606,1.49,141.5228,32.7499
31.0737,1.46,136.1029,30.1361
30.7566,1.5,138.4047,29.1136
30.4878,1.5,137.1952,30.8486
32.4214,1.5,145.8964,32.0488
30.2657,1.48,134.3798,29.9806
28.0231,1.49,125.263,29.0
11.3095,0.56,18.9999,11.3725
32.2587,1.46,141.2929,30.995
30.0675,1.52,137.1078,29.463
28.6273,1.51,129.6819,27.1951
29.8175,1.55,138.6513,30.0
31.4832,1.49,140.7299,32.5274
28.9975,1.52,132.2286,28.0
30.8647,1.52,140.7431,31.2608
31.2834,1.49,139.8368,32.0592
31.5046,1.5,141.7708,29.5473
30.33,1.48,134.6651,30.6671
30.8362,1.51,139.6878,31.3824
30.159,1.48,133.9061,33.6412
32.721,1.51,148.2262,32.6859
34.1828,1.48,151.7718,33.86
32.1032,1.48,142.5381,30.8552
7.0972,0.35,7.4521,6.4344
30.207,1.48,134.1189,31.0
30.4789,1.5,137.155,29.1304
32.2933,1.49,144.3511,28.6127
33.454,1.47,147.5323,34.8274
33.3413,1.49,149.0358,35.4015
28.9867,1.49,129.5707,29.8552
31.1118,1.48,138.1365,29.7715
34.1512,1.48,151.6312,32.0
31.126,1.51,141.0007,34.4961
30.5819,1.49,136.701,29.0
0.0,0.0,0.0,0.0
30.7035,1.52,140.0081,31.4259
32.3604,1.45,140.7676,32.6612
29.1148,1.51,131.8899,29.0161
0.0,0.0,0.0,0.0
31.0031,1.51,140.444,29.1558
0.0,0.0,0.0,0.0
31.5232,1.51,142.7999,32.3708
33.3638,1.49,149.1362,32.5544
32.4775,1.47,143.2258,31.6714
30.8021,1.5,138.6095,24.6855
16.2972,0.8,39.1132,15.8648
31.801,1.5,143.1043,33.0
31.5355,1.47,139.0718,29.8466
30.3069,1.49,135.4717,30.9837
0.0015,0.0,0.0,0.0
28.7315,1.55,133.6014,29.2461
30.0626,1.49,134.3798,29.0182
28.959,1.49,129.4467,28.1641
29.567,1.47,130.3906,30.0
31.491,1.51,142.6542,32.8605
29.6127,1.52,135.0338,30.1181
0.0,0.0,0.0,0.0
30.2411,1.52,137.8995,31.9988
29.4769,1.52,134.4148,28.4129
30.3332,1.5,136.4996,31.1771
32.924,1.48,146.1824,34.0
29.4561,1.49,131.6686,30.0552
28.9727,1.55,134.7231,28.9011
29.8019,1.52,135.8967,27.3191
29.4498,1.49,131.6405,30.0
0.0,0.0,0.0,0.0
30.2508,1.49,135.2212,32.2316
30.7409,1.52,140.1784,31.8081
27.3983,1.36,111.785,26.3774
31.2624,1.48,138.8049,31.4427
30.102,1.52,137.2652,31.0
32.6114,1.48,144.7945,33.4315
10.1158,0.55,16.6911,11.5636
30.4748,1.48,135.3081,29.0125
32.5864,1.49,145.661,33.8466
30.1455,1.53,138.368,30.7005
31.2652,1.51,141.6311,30.5712
30.3869,1.51,137.6524,30.639
30.3946,1.48,134.9519,28.506
30.0919,1.52,137.2192,29.1387
31.6312,1.47,139.4935,32.9517
29.6876,1.5,133.5942,36.3768
13.9327,0.72,30.0945,13.0755
31.7188,1.48,140.8314,32.093
30.1234,1.52,137.3629,29.0675
32.0844,1.45,139.5673,31.7116
31.7105,1.48,140.7948,29.0
30.2953,1.48,134.511,30.0
30.3071,1.53,139.1094,32.2149
29.0702,1.52,132.5599,33.6903
30.3057,1.5,136.3758,28.1296
31.2954,1.5,140.8294,28.9254
30.4299,1.51,137.8474,29.9856
32.3195,1.5,145.4377,33.0
31.5681,1.51,143.0034,31.9813
30.5116,1.5,137.3024,31.0887
30.1586,1.5,135.7136,28.9117
29.6266,1.44,127.9868,31.1669
31.4792,1.5,141.6563,30.0
30.6155,1.49,136.8515,30.0
30.2891,1.52,138.1182,29.5629
29.7493,1.49,132.9795,27.7693
29.3688,1.54,135.6838,29.4553
30.8656,1.5,138.8954,29.2094
30.6849,1.55,142.685,30.8294
33.6323,1.48,149.3274,32.0
31.0625,1.46,136.0538,31.5731
30.8178,1.5,138.6799,30.6337
30.68,1.51,138.9805,30.8891
27.0418,1.49,120.8768,29.487
0.0,0.0,0.0,0.0
29.7601,1.52,135.706,26.6111
30.667,1.52,139.8415,31.3241
31.5613,1.52,143.9195,33.0
30.4121,1.51,137.7668,31.0
30.1713,1.47,133.0554,30.0
30.3171,1.5,136.4268,31.0
32.0044,1.5,144.0198,30.7786
30.477,1.51,138.0609,28.9864
30.0117,1.5,135.0526,30.0
30.2659,1.5,136.1968,30.0558
30.7679,1.53,141.2249,31.0581
29.9652,1.54,138.4393,30.2799
31.3814,1.49,140.2749,30.2514
30.4247,1.49,135.9986,32.0
31.5621,1.48,140.1356,31.4476
32.0305,1.49,143.1763,33.1871
27.3721,1.41,115.7841,25.8302
28.7074,1.52,130.9056,27.4614
29.7822,1.52,135.8069,24.3459
31.5808,1.46,138.3239,31.1123
29.2395,1.53,134.2091,28.0798
29.6135,1.4,124.3767,30.6702
31.2858,1.47,137.9703,32.5767
31.4243,1.49,140.4665,32.0
31.9301,1.48,141.7697,31.6444
30.7512,1.52,140.2253,29.8305
32.954,1.48,146.3158,31.9478
29.4683,1.55,137.0277,28.1141
30.9155,1.52,140.9745,29.9409
29.0932,1.51,131.7924,30.0
31.6835,1.48,140.6749,31.61
29.5754,1.54,136.6381,28.635
30.7048,1.5,138.1714,30.8188
31.3989,1.51,142.237,33.3737
30.7038,1.51,139.0882,28.9739
31.0945,1.51,140.8579,30.4723
30.6058,1.53,140.4807,30.739
30.3632,1.53,139.3671,32.6847
32.222,1.51,145.9656,30.922
32.9838,1.49,147.4377,30.7748
31.3985,1.51,142.2352,30.654
30.0204,1.54,138.6945,32.0
28.1283,1.49,125.7333,28.3678
31.7546,1.47,140.0379,31.7067
31.933,1.48,141.7826,32.2249
30.4473,1.5,137.0128,30.8029
20.4751,1.0,61.4252,19.8352
30.8665,1.53,141.6775,29.8417
32.7177,1.48,145.2667,34.0197
30.1424,1.52,137.4493,30.739
29.7266,1.52,135.5534,29.18
31.0451,1.5,139.7029,29.4579
31.24,1.46,136.8314,31.7712
31.0816,1.5,139.8672,31.3595
29.1812,1.49,130.4398,26.4301
31.6417,1.46,138.5905,31.9373
0.0,0.0,0.0,0.0
29.3171,1.48,130.1678,29.1506
22.349,1.2,80.4563,21.3146
30.6891,1.5,138.1011,32.3077
0.0001,0.0,0.0,0.0
32.6676,1.49,146.0241,35.4625
31.6725,1.5,142.5264,31.0
30.7723,1.52,140.3217,32.416
31.3641,1.48,139.2566,30.8573
29.7174,1.49,132.8366,36.0165
20.0383,1.04,62.5194,20.871
28.8155,1.51,130.534,29.885
29.9627,1.52,136.6298,30.0
29.9142,1.48,132.8188,30.6135
31.3522,1.5,141.0849,34.1074
30.7887,1.47,135.7782,29.7714
28.6482,1.5,128.9168,26.7363
30.406,1.53,139.5637,30.9683
30.0524,1.51,136.1375,33.3689
30.906,1.52,140.9313,29.2559
31.1487,1.48,138.3003,31.0
29.3947,1.54,135.8034,30.8134
32.5157,1.48,144.3696,34.8248
29.0093,1.55,134.8932,27.623
31.1671,1.47,137.4467,30.1889
21.0234,1.08,68.1158,22.4172
0.2391,0.01,0.0072,0.1887
32.5853,1.47,143.701,32.3461
30.9888,1.52,141.309,32.0884
32.7808,1.48,145.5467,33.8074
30.6911,1.51,139.0306,30.8849
32.1552,1.5,144.6982,32.5797
30.4119,1.52,138.6785,31.7741
31.0891,1.46,136.1702,29.9495
30.0301,1.54,138.7389,29.5831
31.4304,1.51,142.3798,32.0
30.6071,1.49,136.8138,29.1393
33.494,1.48,148.7133,35.0
32.0202,1.46,140.2487,31.9387
30.7024,1.49,137.2396,31.0
30.7346,1.5,138.3059,31.0865
32.8662,1.49,146.9121,32.0
30.3183,1.49,135.5226,30.3474
32.1329,1.47,141.706,32.1951
27.3345,1.44,118.0852,25.3435
25.9881,1.51,117.7261,24.8663
32.1193,1.47,141.6461,31.7067
30.7943,1.5,138.5744,30.5556
31.2111,1.51,141.3861,32.9378
29.9646,1.51,135.7396,30.4095
29.8639,1.47,131.7,29.0
30.4525,1.51,137.9496,33.7744
29.7952,1.52,135.8661,28.0
1.9766,0.1,0.593,2.0816
32.0046,1.49,143.0605,32.0
29.4201,1.5,132.3905,30.7724
29.7592,1.52,135.7019,30.4503
29.9846,1.56,140.3277,28.5865
30.1867,1.5,135.8403,30.0
32.9938,1.5,148.472,34.173
29.8306,1.51,135.1328,29.3153
32.0326,1.47,141.2638,31.544
29.6343,1.54,136.9104,28.9958
32.7046,1.48,145.2083,35.3983
29.9563,1.54,138.3979,29.0
30.2641,1.53,138.9122,30.625
29.8811,1.47,131.7758,30.6415
30.9961,1.47,136.6926,31.3065
29.4633,1.49,131.701,27.6013
28.2602,1.51,128.0185,28.0849
29.8687,1.5,134.4092,31.2307
30.2322,1.5,136.0449,30.9755
28.3348,1.51,128.3566,27.6278
31.4591,1.51,142.5099,31.5779
31.068,1.54,143.5343,31.016
28.8449,1.45,125.4752,28.6709
30.4029,1.51,137.7252,29.3765
32.2286,1.47,142.1281,33.8016
29.0772,1.52,132.5919,25.0773
32.2454,1.47,142.202,32.0
28.4057,1.52,129.5301,30.4512
31.3703,1.49,140.2251,32.7019
30.4,1.53,139.536,29.0
0.2877,0.01,0.0086,0.3179
30.7361,1.5,138.3126,30.6564
28.7518,1.53,131.9709,25.303
30.755,1.52,140.2429,30.3349
32.3236,1.49,144.4867,32.9831
31.8902,1.5,143.5057,30.4945
30.9262,1.47,136.3847,32.0
32.0072,1.48,142.1118,32.6863
32.4202,1.48,143.9456,35.9442
30.5886,1.48,135.8136,31.8092
31.8156,1.49,142.2159,32.1202
27.6537,1.51,125.2714,28.8929
32.9382,1.47,145.2575,30.7733
30.7151,1.51,139.1392,36.0
29.4324,1.51,133.3286,24.5654
32.2575,1.5,145.1587,31.0119
29.1864,1.55,135.7167,29.3869
30.1263,1.49,134.6647,31.0
32.2042,1.48,142.9866,31.8719
29.7324,1.49,132.9039,30.127
30.0038,1.5,135.0171,30.0
29.7471,1.51,134.7545,31.6212
28.1139,1.49,125.6693,29.0411
29.8694,1.5,134.4124,24.4906
17.5277,0.89,46.799,18.1174
29.8234,1.5,134.2051,28.8104
29.1999,1.51,132.2755,29.0
30.2952,1.53,139.055,32.834
31.065,1.46,136.0647,31.2884
30.601,1.53,140.4588,30.4741
31.4723,1.5,141.6253,30.5013
32.2861,1.46,141.4132,32.2884
29.0222,1.52,132.3411,30.8678
29.8946,1.42,127.3511,30.1074
31.1971,1.46,136.6433,31.0
32.3788,1.48,143.762,32.3595
31.298,1.51,141.7799,29.6821
30.8721,1.52,140.7768,29.8006
29.0912,1.4,122.1831,23.698
23.0525,1.14,78.8397,24.5362
29.3057,1.51,132.7548,29.3353
31.7816,1.51,143.9706,33.0785
30.381,1.5,136.7144,29.1082
1.1306,0.06,0.2035,1.2237
31.7308,1.49,141.8366,32.0
31.0774,1.49,138.9159,31.316
30.6639,1.51,138.9076,30.6135
30.4168,1.51,137.7882,31.0
30.7528,1.5,138.3877,31.0313
30.0606,1.5,135.2728,30.0
28.8467,1.5,129.81,30.0
29.8607,1.54,137.9566,30.6203
30.4064,1.5,136.8289,30.3592
13.0467,0.7,27.3981,12.1512
29.7726,1.53,136.6562,28.3364
30.5368,1.5,137.4155,30.3595
32.5459,1.47,143.5273,34.9481
30.061,1.51,136.1762,29.0
26.4883,1.3,103.3044,24.2742
31.2297,1.53,143.3443,31.2698
31.2377,1.49,139.6324,33.3191
30.0672,1.53,138.0082,29.7977
29.4309,1.51,133.3219,28.9528
23.0715,1.21,83.7496,21.7652
30.5346,1.52,139.238,30.9957
30.8562,1.49,137.927,32.6667
30.1897,1.52,137.6648,31.0601
30.1504,1.49,134.7721,30.986
31.5406,1.48,140.0405,32.9158
29.5351,1.49,132.0221,31.0752
31.8551,1.5,143.3478,31.7974
30.7274,1.46,134.5859,31.3901
31.6196,1.51,143.2367,32.4098
30.8354,1.52,140.6092,32.5592
30.4947,1.49,136.3114,30.0647
31.9733,1.48,141.9613,32.3953
29.8194,1.51,135.0819,30.3656
31.8981,1.51,144.4986,34.6761
29.9309,1.51,135.5868,30.85
31.4663,1.48,139.7102,28.436
30.2009,1.48,134.092,30.2341
30.3429,1.51,137.4532,29.7411
32.9815,1.47,145.4483,33.5369
29.2348,1.49,130.6795,28.9313
29.966,1.51,135.7459,30.0908
31.4248,1.48,139.5262,32.5232
31.0932,1.49,138.9867,30.3227
29.3417,1.5,132.0376,28.4442
31.7353,1.5,142.8088,31.5414
30.58,1.5,137.6102,33.6438
28.9396,1.49,129.3599,30.3867
22.978,1.14,78.5847,23.0426
29.9081,1.53,137.2781,29.7902
30.3903,1.53,139.4916,31.0
15.9731,0.84,40.2521,15.5113
1.4682,0.07,0.3083,1.4949
0.0,0.0,0.0,0.0
30.6959,1.49,137.2105,30.9825
30.4442,1.49,136.0854,30.6344
26.8478,1.33,107.1226,31.044
20.4796,1.03,63.2819,19.6026
24.4888,1.24,91.0983,25.6192
30.3591,1.49,135.7052,30.1625
30.0069,1.52,136.8313,30.2959
31.2855,1.5,140.7846,32.2618
29.8671,1.53,137.0902,29.6407
29.8305,1.51,135.1323,32.8887
30.9561,1.52,141.1599,30.401
31.1227,1.5,140.0523,29.957
30.1024,1.54,139.073,30.1018
28.0621,1.51,127.1212,35.2541
29.8325,1.49,133.3511,27.9065
30.8983,1.47,136.2615,31.0
29.3184,1.53,134.5713,29.5112
0.0,0.0,0.0,0.0
32.4203,1.46,142.001,32.0
19.8053,0.99,58.8217,17.7148
30.7998,1.5,138.5991,30.179
30.0257,1.53,137.8178,28.8382
30.8691,1.5,138.911,33.2544
29.7487,1.53,136.5466,31.0
31.5229,1.49,140.9073,31.0849
29.359,1.47,129.4733,29.1972
32.62,1.46,142.8758,29.9424
32.8781,1.47,144.9925,33.8833
31.5681,1.47,139.2152,27.5783
29.2202,1.53,134.1208,30.5517
11.6711,0.6,21.0081,11.5077
30.8227,1.49,137.7776,32.7327
30.2642,1.51,137.0967,30.1778
29.7592,1.52,135.7021,29.174
30.47,1.5,137.1148,30.0
30.1246,1.54,139.1755,31.6411
17.7476,0.95,50.5808,16.8284
32.5143,1.51,147.2899,34.9836
32.3042,1.47,142.4615,31.5507
31.1437,1.51,141.0808,31.0
30.4556,1.46,133.3957,30.2142
29.8771,1.52,136.2396,30.3449
30.7973,1.53,141.3594,29.7262
33.0228,1.48,146.6211,35.2295
9.8153,0.56,16.4896,10.3152
30.2702,1.48,134.3997,31.0858
30.6476,1.52,139.7528,31.353
30.5794,1.52,139.4422,32.3549
28.6651,1.5,128.9931,29.9795
29.569,1.52,134.8347,27.1943
28.57,1.5,128.5651,26.9589
28.7687,1.53,132.0484,26.4668
29.9917,1.48,133.1631,31.2615
30.9406,1.52,141.0893,31.166
32.0614,1.51,145.2383,32.3463
30.2035,1.51,136.822,29.1323
28.9988,1.49,129.6246,32.6982
31.4634,1.49,140.6412,31.0
29.3495,1.52,133.8336,29.1072
15.0671,0.77,34.8051,13.6075
30.919,1.5,139.1353,31.6387
29.8418,1.5,134.2881,30.0
30.9449,1.51,140.1803,28.098
31.1992,1.5,140.3962,31.8185
0.0,0.0,0.0,0.0
30.5396,1.5,137.4282,30.8635
31.1066,1.51,140.913,33.1101
29.9236,1.51,135.5538,30.8454
29.7894,1.44,128.6901,29.2838
30.382,1.52,138.542,30.0
30.3915,1.5,136.7617,32.5749
33.3792,1.49,149.2052,32.2282
28.4483,1.52,129.7241,29.8752
30.7721,1.51,139.3975,30.4184
30.4872,1.53,139.9362,33.2571
30.6288,1.51,138.7486,30.2149
32.0322,1.47,141.2619,31.9487
31.5035,1.51,142.7109,30.0
31.8644,1.49,142.4339,31.3553
29.9478,1.52,136.5618,28.9536
30.4041,1.52,138.6425,30.0
9.7573,0.54,15.8068,9.7322
32.1982,1.51,145.8577,31.1133
33.6355,1.49,150.3505,33.4204
32.935,1.5,148.2073,33.893
32.1103,1.5,144.4964,33.0254
30.053,1.49,134.3367,32.2646
32.1284,1.49,143.6138,31.4827
0.8715,0.05,0.1307,0.7148
29.7825,1.53,136.7017,27.5043
31.3343,1.48,139.1242,30.058
30.2534,1.51,137.0478,29.216
30.9008,1.51,139.9807,30.1011
31.3023,1.48,138.9821,30.508
32.7029,1.47,144.2196,33.508
31.7351,1.5,142.8077,30.238
29.8852,1.5,134.4834,30.5362
24.068,1.23,88.8111,25.1985
31.4267,1.48,139.5345,29.3586
30.9947,1.5,139.4761,30.8667
30.3886,1.5,136.7486,33.7359
32.1141,1.5,144.5137,31.0823
30.3187,1.5,136.434,31.9745
18.5047,0.94,52.1833,17.3959
30.1797,1.49,134.9033,30.5731
32.5682,1.48,144.6028,34.9518
11.6879,0.6,21.0382,11.6002
30.6346,1.5,137.8559,33.0573
30.5892,1.52,139.4868,29.0
31.001,1.49,138.5744,32.0
3.9442,0.2,2.3665,4.0982
31.8667,1.48,141.4883,31.1344
29.872,1.46,130.8392,32.8217
30.5344,1.51,138.321,30.0
32.2341,1.46,141.1855,32.0
31.0656,1.46,136.0672,31.09
31.2365,1.5,140.5641,31.6006
31.3938,1.46,137.5048,31.1414
29.6039,1.49,132.3295,27.0
29.0525,1.48,128.993,30.1147
29.7498,1.47,131.1966,28.0
23.6067,1.23,87.1086,24.4133
8.4344,0.41,10.3743,7.6912
30.0486,1.47,132.5142,30.0
31.2284,1.49,139.5909,30.827
29.7789,1.51,134.8984,29.4882
30.5192,1.5,137.3366,31.9061
31.6725,1.5,142.5264,32.0882
30.5968,1.52,139.5215,32.0204
24.1779,1.22,88.4912,26.3398
30.0618,1.52,137.0817,28.8645
31.9515,1.5,143.7818,31.7319
30.6321,1.51,138.7633,30.0662
30.2835,1.53,139.0014,31.4129
31.4098,1.52,143.2285,32.894
30.7446,1.52,140.1952,27.8952
29.8036,1.54,137.6928,29.6956
27.9607,1.51,126.6619,26.414
31.5117,1.48,139.9121,32.4713
29.8863,1.49,133.592,29.6999
26.5383,1.52,121.0145,26.3914
32.6608,1.49,145.9936,32.0293
10.3529,0.53,16.4611,9.5542
0.0,0.0,0.0,0.0
30.1109,1.5,135.4993,29.2822
30.7315,1.55,142.9013,31.421
18.3503,0.98,53.9498,16.7156
30.7459,1.48,136.5118,29.8898
31.7263,1.48,140.8648,30.9939
29.1076,1.51,131.8576,28.7343
31.1228,1.48,138.1854,30.1423
30.4075,1.49,135.9214,32.1056
33.0548,1.44,142.7966,32.2887
32.0836,1.51,145.3389,32.9293
33.9103,1.47,149.5443,34.8543
28.4714,1.52,129.8297,29.5498
4.2763,0.22,2.8224,4.6255
29.8495,1.49,133.4272,30.3721
30.3244,1.47,133.7307,30.008
29.2345,1.54,135.0634,31.2878
32.9003,1.44,142.1293,33.0
31.4215,1.49,140.4541,30.9752
30.8969,1.49,138.1092,32.5828
30.6659,1.49,137.0764,30.5117
29.8071,1.54,137.7086,30.0
30.7183,1.48,136.3894,29.815
31.2445,1.53,143.412,31.4098
30.6322,1.51,138.7636,30.0
30.164,1.52,137.548,31.7219
32.4743,1.38,134.4436,32.7933
28.1888,1.52,128.5411,28.3713
32.0154,1.48,142.1484,32.8186
31.1078,1.48,138.1187,31.3894
19.9246,1.02,60.9692,20.5762
6.5986,0.35,6.9286,6.8096
31.6329,1.5,142.3481,33.2562
32.7247,1.48,145.2976,33.1313
29.6388,1.5,133.3747,26.7375
17.5709,0.88,46.3872,19.557
31.2111,1.52,142.3226,33.1417
32.1426,1.51,145.6059,32.6977
32.4893,1.49,145.227,33.227
30.4119,1.5,136.8535,28.0
29.7774,1.51,134.8918,28.2921
31.2007,1.52,142.2752,31.0585
32.4052,1.5,145.8235,33.755
32.0867,1.49,143.4277,31.0354
31.3357,1.44,135.3704,33.6084
31.7103,1.49,141.7452,31.59
9.9647,0.58,17.3386,10.1233
31.6464,1.49,141.4595,33.1274
31.7048,1.5,142.6715,32.335
29.6589,1.52,135.2446,29.789
29.0977,1.55,135.3044,29.8675
0.0,0.0,0.0,0.0
29.6384,1.52,135.151,29.4603
29.6508,1.54,136.9869,28.0
32.5449,1.46,142.5467,31.4442
30.9354,1.51,140.1373,31.4108
32.4083,1.48,143.8927,30.6344
31.1771,1.47,137.491,32.2573
31.2995,1.48,138.9696,30.9422
30.2173,1.49,135.0715,29.9745
17.2387,0.87,44.9929,19.2686
2.3184,0.12,0.8346,1.9794
30.9286,1.49,138.2511,33.2889
29.4355,1.54,135.9918,29.7816
23.1295,1.19,82.5722,21.4579
30.0511,1.56,140.6389,31.0
32.353,1.5,145.5886,31.7206
31.5379,1.47,139.082,32.0454
29.1781,1.5,131.3017,26.2533
31.032,1.52,141.5061,31.8628
31.9298,1.46,139.8526,32.8591
31.8085,1.46,139.3214,32.0
29.5216,1.52,134.6186,29.6452
30.9693,1.51,140.2911,29.5085
30.8967,1.48,137.1813,31.9209
30.7163,1.48,136.3803,29.947
30.1427,1.48,133.8337,28.0809
31.0476,1.5,139.7143,31.0
34.1398,1.48,151.5805,32.5869
30.6793,1.5,138.0567,29.9522
30.8021,1.47,135.8371,31.4344
28.631,1.55,133.134,28.0
30.5463,1.46,133.7926,30.0
30.2731,1.51,137.137,27.0
31.8011,1.52,145.013,30.5421
30.2913,1.47,133.5845,30.0
31.3289,1.45,136.2806,30.0405
31.096,1.52,141.7977,30.1007
32.3156,1.48,143.4811,29.3736
30.7693,1.48,136.6158,30.0
32.1466,1.49,143.6954,33.0283
30.4587,1.52,138.8915,30.3674
30.4122,1.54,140.5044,29.8463
31.8291,1.45,138.4566,31.3058
31.8917,1.48,141.5991,32.1657
32.805,1.48,145.6543,31.0706
29.3641,1.55,136.5428,30.0881
30.5639,1.5,137.5376,28.7037
30.8231,1.47,135.9301,31.0
31.0483,1.51,140.6488,30.0394
30.9643,1.51,140.2684,30.9898
31.3924,1.5,141.2656,31.794
31.6055,1.51,143.173,32.4568
31.2412,1.49,139.6481,29.8286
30.0162,1.52,136.8737,29.3944
29.8116,1.52,135.9407,29.281
30.5776,1.52,139.434,30.0
0.0,0.0,0.0,0.0
21.7373,1.18,76.9501,25.9918
30.464,1.53,139.8298,30.0
30.2964,1.5,136.3338,30.4185
21.1163,1.09,69.0502,23.4942
31.3479,1.5,141.0655,33.0
31.321,1.51,141.8841,31.0
30.6525,1.52,139.7754,31.1809
32.3231,1.49,144.4844,31.654
33.0225,1.49,147.6105,31.6386
30.8058,1.5,138.626,27.0
30.0767,1.51,136.2475,30.0
2.0797,0.11,0.6863,1.8459
32.9879,1.49,147.456,33.497
32.2112,1.44,139.1526,33.8619
30.6387,1.51,138.7933,28.4704
32.3703,1.47,142.753,30.6374
21.4929,1.11,71.5713,21.5861
30.3089,1.54,140.0272,32.9498
28.292,1.55,131.558,29.0497
30.5244,1.5,137.3597,30.4066
30.8729,1.52,140.7802,30.8732
30.1628,1.53,138.4474,30.9952
30.6536,1.52,139.7804,30.3239
31.1981,1.49,139.4556,28.8261
30.7962,1.5,138.583,29.1591
28.6959,1.52,130.8532,27.629
32.674,1.49,146.0529,32.4487
29.7446,1.51,134.7432,30.0
31.3338,1.5,141.0019,33.5488
29.403,1.53,134.9598,28.0
30.4559,1.52,138.8791,29.1641
29.8753,1.5,134.4387,29.6635
0.0,0.0,0.0,0.0
29.9009,1.5,134.5541,29.788
30.8868,1.47,136.2107,30.0
27.2685,1.53,125.1625,30.0
30.3029,1.53,139.0905,29.0012
30.4415,1.52,138.8133,29.8908
31.9675,1.45,139.0586,31.0809
31.0334,1.48,137.7884,31.2695
31.104,1.47,137.1687,31.0005
29.4202,1.54,135.9211,28.5479
29.8926,1.54,138.1037,29.3604
30.8949,1.51,139.954,33.0
30.926,1.47,136.3838,31.474
29.6764,1.51,134.4343,31.4363
28.8667,1.55,134.2303,28.3055
30.3816,1.49,135.8059,30.2285
30.6828,1.51,138.9929,29.5829
31.1345,1.46,136.3692,29.1088
31.8341,1.49,142.2986,32.0
30.2017,1.53,138.6259,30.535
29.8432,1.47,131.6085,30.465
32.5956,1.48,144.7245,31.5477
31.8886,1.46,139.672,32.0
31.5109,1.48,139.9083,31.0079
30.4034,1.5,136.8155,27.5547
31.5853,1.49,141.1864,32.171
32.252,1.46,141.2638,32.0
29.6675,1.53,136.1737,30.0
30.5406,1.53,140.1813,30.5308
30.1568,1.49,134.801,30.1614
30.9712,1.5,139.3706,31.5298
31.8857,1.46,139.6595,32.2368
11.1741,0.56,18.7725,10.89
31.6383,1.51,143.3216,30.0095
30.5974,1.48,135.8524,31.3372
26.3309,1.34,105.8501,27.4106
30.8306,1.47,135.9631,31.0
0.0,0.0,0.0,0.0
30.5349,1.52,139.239,31.6863
28.3463,1.51,128.4089,30.4206
32.6166,1.49,145.796,31.7691
30.7018,1.52,140.0003,30.8165
30.0371,1.53,137.8704,28.6917
30.6914,1.51,139.0322,30.5432
31.407,1.46,137.5626,31.0
30.272,1.51,137.1324,30.9779
29.1757,1.47,128.6649,29.0536
31.158,1.51,141.1459,29.3436
31.3698,1.49,140.2228,29.6001
29.1877,1.53,133.9716,28.0605
31.7296,1.49,141.8312,32.2787
31.4648,1.51,142.5355,31.7112
30.059,1.49,134.3639,31.9138
32.4791,1.47,143.2327,32.0346
31.5071,1.51,142.727,31.9114
30.9137,1.52,140.9666,32.7698
30.915,1.44,133.5527,29.2573
28.6867,1.53,131.6718,29.9891
31.0299,1.49,138.7034,30.4459
31.1904,1.52,142.2281,32.7486
30.7977,1.51,139.5136,29.1437
31.9186,1.49,142.6763,33.2902
32.0013,1.48,142.0856,32.7264
29.9531,1.51,135.6878,32.5626
29.6565,1.43,127.2262,28.9315
30.8677,1.49,137.9784,31.4684
30.5344,1.46,133.7407,31.0
29.1836,1.52,133.077,28.067
32.7753,1.49,146.5055,31.7205
29.6071,1.53,135.8966,30.9878
32.1532,1.52,146.6188,30.2446
28.4811,1.53,130.7285,29.0
31.1911,1.49,139.4244,29.0432
31.4269,1.48,139.5354,30.6149
31.5317,1.5,141.8925,32.0
32.9296,1.5,148.1831,33.7624
32.5025,1.49,145.2861,34.1566
12.3539,0.65,24.0901,13.0174
32.5754,1.49,145.6122,32.0
26.89,1.51,121.8119,25.8287
30.9841,1.51,140.3581,30.6086
30.7069,1.49,137.26,30.7659
29.9085,1.52,136.3829,29.8236
31.3213,1.5,140.9457,31.4224
31.4916,1.52,143.6017,33.0
29.4697,1.55,137.034,30.4
31.0573,1.49,138.826,30.4977
31.5454,1.5,141.9544,32.7914
29.5737,1.5,133.0817,30.8142
29.5008,1.48,130.9835,32.4104
31.1844,1.51,141.2655,30.6441
31.3118,1.47,138.0851,32.0
30.4779,1.46,133.4932,30.9222
30.5709,1.49,136.6519,30.9087
30.6055,1.49,136.8065,28.9986
31.0365,1.5,139.6641,31.0
31.6206,1.5,142.2928,31.6475
31.0908,1.49,138.9758,30.0558
30.2931,1.48,134.5015,31.6833
29.9738,1.5,134.8822,27.247
29.694,1.48,131.8412,30.0621
19.0949,0.94,53.8476,17.4826
30.2274,1.49,135.1163,32.0
31.453,1.51,142.482,30.5785
29.2855,1.51,132.6634,30.7833
34.1997,1.47,150.8205,34.9821
31.1135,1.51,140.9441,29.2596
30.9969,1.47,136.6962,32.0811
32.0529,1.49,143.2764,34.2223
32.0379,1.51,145.1318,32.0
31.5277,1.51,142.8205,33.8432
30.8299,1.53,141.5094,25.566
30.6385,1.52,139.7113,30.0
29.4958,1.48,130.9611,30.1238
31.7118,1.49,141.7519,32.0
30.41,1.53,139.5818,29.5264
29.1379,1.53,133.743,32.7573
30.4393,1.53,139.7163,30.277
30.7638,1.51,139.36,29.1574
30.6968,1.5,138.1355,30.424
30.3981,1.51,137.7034,30.2044
29.8811,1.47,131.7758,30.854
30.6926,1.45,133.5129,27.1629
30.6202,1.5,137.7908,32.0399
27.5416,1.51,124.7633,29.1853
31.2315,1.51,141.4789,30.0602
31.3552,1.49,140.1578,30.3018
32.3293,1.49,144.5119,32.4739
30.4911,1.51,138.1246,30.0
32.6773,1.46,143.1265,32.0166
31.3712,1.51,142.1116,32.5698
30.377,1.5,136.6967,29.8908
29.9655,1.51,135.7439,33.9954
30.1204,1.5,135.5419,31.1191
29.5378,1.51,133.8062,30.6056
1.7423,0.09,0.4704,1.4425
28.6369,1.53,131.4435,27.9252
30.7122,1.51,139.1263,31.9524
29.7669,1.47,131.2721,29.3617
21.4905,1.1,70.9188,20.6349
29.8534,1.54,137.9228,28.9465
28.9302,1.54,133.6577,27.578
31.768,1.5,142.9559,28.0
30.0394,1.5,135.1773,30.3339
31.4574,1.5,141.5582,29.3411
31.6196,1.49,141.3395,31.669
30.1279,1.49,134.6719,27.3753
30.6279,1.5,137.8258,30.0
23.3601,1.32,92.506,24.7107
30.1561,1.53,138.4166,30.8307
29.466,1.43,126.409,28.521
31.7227,1.5,142.7521,31.0
29.7959,1.54,137.6569,29.0
30.8406,1.51,139.7078,28.6009
30.0457,1.5,135.2055,26.8964
29.9168,1.53,137.3182,31.0
31.482,1.51,142.6132,31.5378
30.988,1.53,142.2348,31.784
30.3237,1.53,139.1857,32.0
28.6848,1.55,133.3844,28.5129
30.0092,1.53,137.7422,29.4942
29.2921,1.55,136.2083,28.0454
30.6721,1.5,138.0243,31.0
30.0188,1.49,134.184,28.4952
32.6352,1.47,143.9214,32.5366
32.0834,1.48,142.4505,31.4967
30.5702,1.51,138.4831,29.8908
33.339,1.49,149.0252,32.7399
31.6556,1.5,142.45,31.0
33.3769,1.5,150.1959,33.2212
21.8985,1.14,74.893,22.3496
28.5271,1.51,129.2279,27.0
30.4008,1.53,139.5398,30.8687
2.512,0.12,0.9043,2.3463
30.5309,1.54,141.0528,29.8457
29.5674,1.52,134.8272,29.708
0.0,0.0,0.0,0.0
30.8759,1.5,138.9414,30.9603
30.6425,1.51,138.8106,29.8432
29.4415,1.52,134.2533,26.8096
32.7423,1.48,145.376,31.3497
30.5999,1.51,138.6176,30.4574
30.8655,1.47,136.1167,31.3597
31.9353,1.49,142.7508,32.9173
30.1021,1.5,135.4594,32.2186
29.478,1.53,135.304,31.0
5.4049,0.29,4.7022,5.6929
30.2826,1.52,138.0885,31.0478
27.355,1.36,111.6084,25.1821
31.0078,1.51,140.4652,30.0
30.6248,1.52,139.6489,29.5173
28.5234,1.52,130.0666,27.8269
17.4116,0.93,48.5784,15.9193
31.656,1.48,140.5527,30.8293
30.7996,1.47,135.8263,30.9546
31.0272,1.5,139.6223,31.3006
30.8977,1.49,138.1127,31.0
30.9001,1.48,137.1964,30.4532
31.9959,1.51,144.9413,32.4221
31.4566,1.48,139.6671,31.2896
32.1184,1.5,144.533,34.4212
31.7879,1.48,141.1385,31.816
4.0939,0.21,2.5792,4.1097
30.7561,1.54,142.0931,31.6301
30.7437,1.52,140.1911,33.5679
30.6076,1.52,139.5706,29.2736
31.911,1.51,144.5567,32.5481
32.3028,1.47,142.4552,32.8721
31.4136,1.48,139.4763,33.4408
30.1125,1.51,136.4095,29.0368
32.0468,1.46,140.3651,31.4722
28.8939,1.52,131.7561,28.0806
30.3564,1.54,140.2466,29.1448
31.2356,1.45,135.8751,31.9936
31.3032,1.47,138.0473,30.6488
29.4232,1.51,133.2873,27.0
24.4158,1.27,93.0243,26.0615
30.5241,1.51,138.2742,30.0173
30.8513,1.53,141.6075,28.9025
29.7576,1.51,134.8018,31.2066
32.6638,1.48,145.0272,32.0012
31.2758,1.5,140.7412,32.5587
0.0,0.0,0.0,0.0
30.6148,1.49,136.8483,31.9719
32.7835,1.49,146.5422,32.7353
30.4541,1.51,137.9572,31.8612
30.7083,1.49,137.2659,28.2343
30.9738,1.48,137.5235,32.0
30.7006,1.52,139.9949,30.0478
29.2012,1.49,130.5294,26.6552
28.0173,1.52,127.759,30.0
12.1718,0.64,23.3699,11.1281
30.4448,1.54,140.6549,30.2048
9.324,0.5,13.986,10.0413
29.8854,1.49,133.5875,30.0666
30.7072,1.53,140.9459,31.0
27.4704,1.55,127.7373,27.0
31.543,1.47,139.1047,33.5586
31.0536,1.49,138.8096,29.0616
29.8743,1.48,132.6419,30.079
27.3466,1.37,112.3946,27.3662
14.813,0.82,36.44,14.8776
31.6895,1.5,142.6026,31.1049
30.4374,1.5,136.9682,31.6441
31.2913,1.48,138.9335,32.3896
30.7284,1.5,138.2779,29.7058
31.3487,1.51,142.0095,32.0788
28.9322,1.55,134.5346,29.2246
29.7808,1.54,137.5874,30.0
31.6574,1.49,141.5088,35.2
30.2838,1.49,135.3687,30.4892
31.4074,1.47,138.5066,33.1557
32.6467,1.48,144.9514,33.0061
30.7232,1.51,139.1759,29.1299
30.9913,1.52,141.3204,30.7342
34.3849,1.47,151.6373,35.0
32.3061,1.47,142.47,34.0
31.2512,1.5,140.6306,32.6182
0.0,0.0,0.0,0.0
29.6348,1.46,129.8005,25.3618
30.7495,1.52,140.2175,30.5761
31.0865,1.49,138.9568,31.4704
30.4696,1.52,138.9413,30.0325
30.5802,1.53,140.3633,29.3617
30.8121,1.51,139.579,30.7225
28.5342,1.48,126.6918,29.6045
32.8673,1.44,141.9867,32.5509
30.4309,1.5,136.939,29.0
4.328,0.23,2.9863,4.5991
31.7874,1.5,143.0432,34.0
33.9457,1.49,151.7372,31.5276
0.0,0.0,0.0,0.0
31.9219,1.47,140.7755,32.0938
32.4121,1.51,146.8269,31.0
12.3127,0.65,24.0097,13.4357
30.5108,1.48,135.468,32.295
30.7032,1.49,137.2435,29.2601
29.6052,1.51,134.1115,31.1421
31.7108,1.48,140.7957,35.8032
32.5233,1.47,143.4278,33.1006
31.4091,1.5,141.3408,29.6121
28.8718,1.51,130.7892,32.0
32.1236,1.5,144.5562,30.674
30.1118,1.53,138.213,30.0
31.4861,1.51,142.6319,30.919
29.7004,1.49,132.761,29.8239
30.8238,1.53,141.4812,31.2464
30.4633,1.48,135.257,30.0
31.3293,1.52,142.8615,31.6621
31.0841,1.5,139.8785,31.0
30.7068,1.5,138.1808,31.1031
30.3123,1.53,139.1333,31.0
28.5593,1.53,131.087,30.2072
29.4051,1.43,126.1478,31.0
32.7718,1.46,143.5406,33.3779
31.1685,1.5,140.2584,33.7923
30.4971,1.49,136.3221,31.0523
30.7405,1.47,135.5655,31.827
31.8797,1.49,142.5023,28.9369
30.771,1.51,139.3926,30.0402
30.2628,1.52,137.9985,31.6248
31.3044,1.5,140.8699,32.1369
30.6675,1.5,138.0037,31.0
28.5312,1.49,127.5347,29.5134
29.137,1.55,135.4869,28.3547
31.2472,1.5,140.6124,33.9614
30.8418,1.53,141.5638,32.1913
30.7696,1.5,138.4631,30.6108
30.1308,1.52,137.3964,30.0
12.1522,0.61,22.2386,11.1945
30.2363,1.51,136.9705,29.6876
32.191,1.5,144.8595,35.028
31.9601,1.46,139.9852,31.0
29.6752,1.52,135.3189,29.1345
31.1351,1.5,140.1082,31.2824
31.5673,1.48,140.1589,32.0
30.0194,1.48,133.286,29.665
19.1687,0.92,52.9056,17.5245
33.0908,1.48,146.923,34.9313
31.1642,1.5,140.2391,31.4926
30.0798,1.52,137.1639,29.0
31.0479,1.49,138.7842,29.9047
30.1905,1.52,137.6686,31.1102
29.9392,1.51,135.6245,30.8344
30.628,1.51,138.7447,29.6303
30.3091,1.54,140.0281,28.3935
32.5485,1.47,143.5389,30.7708
31.2006,1.45,135.7228,31.3423
32.2751,1.47,142.3331,32.9978
0.0,0.0,0.0,0.0
30.2876,1.53,139.02,30.8
32.5064,1.48,144.3286,33.2359
30.1282,1.52,137.3845,29.6917
31.0246,1.52,141.4723,32.0
30.8223,1.48,136.8511,31.0696
29.8166,1.54,137.7529,31.5084
29.7304,1.54,137.3543,31.6897
29.6664,1.5,133.4988,29.5421
31.7142,1.51,143.6655,30.0
21.2042,1.01,64.2489,23.239
32.0876,1.52,146.3196,33.0
28.4228,1.54,131.3135,28.2276
31.4212,1.52,143.2805,30.9112
30.8162,1.52,140.522,31.0
30.1571,1.51,136.6116,29.1669
31.3154,1.52,142.7984,31.3815
32.0192,1.48,142.165,31.8049
30.1715,1.53,138.4872,28.9614
28.6887,1.53,131.6811,28.1534
30.2014,1.53,138.6242,32.0
32.3928,1.45,140.9085,32.7121
29.2666,1.49,130.8217,26.5113
19.8572,1.06,63.1459,19.604
29.8128,1.46,130.5799,30.5411
32.0361,1.48,142.2405,32.7927
30.0642,1.54,138.8968,29.0
31.4191,1.5,141.3862,30.4712
31.3278,1.52,142.8547,29.0
0.0,0.0,0.0,0.0
30.7906,1.44,133.0155,32.1201
30.8342,1.5,138.754,31.9816
30.3912,1.54,140.4074,29.6878
28.8422,1.57,135.847,29.0269
30.6055,1.53,140.4794,30.3974
31.7748,1.48,141.0801,32.2014
0.0,0.0,0.0,0.0
31.8083,1.46,139.3202,29.0779
30.3346,1.5,136.5058,30.747
31.0089,1.45,134.8889,31.8957
32.2059,1.47,142.0278,32.8166
32.3299,1.47,142.5751,32.0
32.1335,1.49,143.6367,33.0896
31.7857,1.46,139.2215,31.1979
30.3082,1.52,138.2052,29.8131
30.5005,1.5,137.2524,27.6974
30.5836,1.53,140.3788,29.7465
31.749,1.48,140.9656,31.6828
32.1406,1.45,139.8117,32.0
4.7312,0.25,3.5484,4.3772
3.6585,0.19,2.0854,3.7833
31.9248,1.51,144.6195,32.6183
30.7496,1.52,140.218,31.0
31.4807,1.51,142.6075,33.0168
30.3942,1.54,140.4212,30.375
28.8956,1.5,130.0304,30.7294
31.6263,1.46,138.5234,32.872
30.5892,1.5,137.6513,31.535
31.1582,1.52,142.0813,29.2777
31.7643,1.49,141.9864,31.9407
30.8175,1.5,138.6786,29.4725
31.2269,1.48,138.6476,33.9382
30.9405,1.48,137.376,31.6638
30.4907,1.5,137.2081,29.0519
30.6922,1.54,141.7978,30.8554
30.2875,1.5,136.2939,26.4106
32.2449,1.47,142.2,31.3386
31.3991,1.48,139.4118,35.721
30.8143,1.51,139.5889,30.6625
30.4277,1.51,137.8373,31.0
31.4855,1.5,141.6847,32.0
29.9456,1.49,133.8568,28.3169
32.3453,1.46,141.6722,31.8677
27.4417,1.54,126.7807,26.6071
32.0191,1.47,141.2044,32.7983
30.2144,1.48,134.1521,28.0129
30.5702,1.45,132.9806,32.0
32.1482,1.48,142.7381,38.3382
30.9208,1.49,138.216,32.0
31.0422,1.48,137.8272,32.3818
31.9199,1.49,142.682,32.0435
16.2042,0.81,39.3761,17.1581
29.8408,1.5,134.2838,28.919
0.0,0.0,0.0,0.0
0.0,0.0,0.0,0.0
31.212,1.49,139.5178,31.591
30.699,1.5,138.1453,31.0
31.5593,1.46,138.2295,29.4094
30.41,1.49,135.9326,30.8675
31.3118,1.5,140.9032,31.4933
29.3711,1.51,133.0513,26.2784
30.7663,1.46,134.7566,31.139
32.0874,1.46,140.5429,29.8936
30.9315,1.49,138.2638,30.3015
23.977,1.3,93.5102,24.7703
32.3517,1.48,143.6415,32.7245
28.3015,1.51,128.2058,27.3674
30.6471,1.5,137.9117,31.0
29.8943,1.54,138.1117,27.7818
30.8727,1.51,139.8535,32.2099
30.5678,1.5,137.5551,30.2601
30.1643,1.49,134.8345,32.0
20.3841,1.04,63.5984,21.6132
31.1713,1.48,138.4007,31.4329
30.8591,1.51,139.7919,27.983
30.9984,1.48,137.6328,30.8392
30.7051,1.49,137.2518,29.7304
30.0385,1.52,136.9758,29.7917
30.2544,1.56,141.5907,28.038
30.6163,1.52,139.6105,30.0
30.7019,1.51,139.0796,30.8258
32.5826,1.47,143.6895,33.0
27.2423,1.55,126.6765,25.0
16.8511,0.86,43.4759,15.9042
0.0,0.0,0.0,0.0
31.1491,1.48,138.3018,30.1558
30.6484,1.5,137.9178,30.9841
29.2705,1.55,136.1079,28.5387
30.6157,1.51,138.689,31.0
31.4781,1.5,141.6515,32.0
30.2063,1.53,138.6471,31.0
30.7267,1.5,138.2703,32.0724
30.0009,1.51,135.904,30.0
0.0,0.0,0.0,0.0
29.9791,1.49,134.0067,26.0373
30.2367,1.51,136.9723,30.5733
30.3542,1.48,134.7724,30.0606
28.459,1.51,128.9195,26.8531
0.0,0.0,0.0,0.0
30.6064,1.53,140.4836,30.0
30.9322,1.54,142.9066,29.5558
8.0857,0.39,9.4602,7.8573
31.3892,1.5,141.2513,31.7693
30.4783,1.52,138.9813,29.2694
30.9294,1.52,141.038,31.0908
31.2442,1.47,137.7869,31.8083
31.1839,1.49,139.392,32.6305
30.5907,1.46,133.9871,30.6917
24.948,1.3,97.2971,27.1731
28.6036,1.56,133.8648,28.8108
25.2412,1.31,99.198,25.7154
31.9768,1.46,140.0582,31.2421
23.9811,1.26,90.6484,22.6074
30.9957,1.49,138.5507,31.0
32.3343,1.45,140.6543,31.0
6.649,0.34,6.782,6.7908
32.3279,1.49,144.5057,31.335
12.4222,0.65,24.2232,12.8206
31.4698,1.47,138.782,30.1251
31.2554,1.5,140.6492,31.2706
7.1063,0.34,7.2485,7.1342
31.5721,1.51,143.0217,33.0
29.9518,1.52,136.58,30.0
34.2091,1.48,151.8884,32.3491
30.4936,1.51,138.1361,30.5055
27.7426,1.5,124.8419,28.5024
31.6871,1.51,143.5425,31.3528
30.4257,1.49,136.0029,33.7714
30.8967,1.5,139.0351,32.0613
32.7998,1.48,145.6312,33.2822
4.5911,0.24,3.3056,4.3748
30.9825,1.49,138.492,31.7965
22.7361,1.16,79.1215,24.391
0.0,0.0,0.0,0.0
31.1602,1.51,141.1556,30.7711
10.9621,0.59,19.4029,10.5271
30.1916,1.48,134.0506,31.0
28.8308,1.55,134.0632,27.678
31.0675,1.48,137.9397,30.862
29.4849,1.48,130.9129,31.7693
30.0876,1.54,139.0048,30.8718
30.5625,1.51,138.4481,30.4197
31.1782,1.51,141.2372,26.1175
30.4992,1.53,139.9915,30.0451
31.258,1.45,135.9721,31.0
30.5939,1.52,139.5082,30.8288
32.7545,1.47,144.4472,32.1134
26.3297,1.35,106.6353,24.5544
25.6257,1.3,99.9403,25.8007
31.0637,1.49,138.8545,32.3677
31.288,1.48,138.9185,31.4442
30.4519,1.52,138.8607,29.4512
28.8655,1.56,135.0903,29.0
32.2012,1.45,140.0753,32.0
30.226,1.5,136.0172,30.1932
30.5226,1.51,138.2675,31.3459
30.0545,1.52,137.0486,29.8828
29.1748,1.5,131.2864,29.0
28.6909,1.48,127.3875,28.4513
32.1937,1.46,141.0084,33.5046
30.7435,1.49,137.4233,31.3296
32.7404,1.45,142.421,31.7487
29.4326,1.52,134.2128,30.8054
31.2757,1.44,135.111,31.2286
27.9584,1.5,125.8126,29.5806
31.0364,1.53,142.4569,29.4579
30.0022,1.5,135.0099,29.8047
30.3804,1.49,135.8006,34.6208
30.6868,1.52,139.9318,30.0
30.8522,1.51,139.7605,29.0027
30.6384,1.52,139.7109,30.8694
32.8175,1.44,141.7716,32.8061
30.2622,1.52,137.9957,30.5665
31.5228,1.51,142.7981,32.1367
30.3042,1.52,138.1869,31.4638
26.7073,1.34,107.3634,25.0217
30.4999,1.48,135.4195,30.9092
28.924,1.5,130.158,28.5522
31.8393,1.5,143.2769,30.4383
31.9045,1.5,143.57,28.0
31.6991,1.46,138.8419,31.508
26.7882,1.51,121.3507,25.5994
31.0915,1.51,140.8446,30.3451
31.2948,1.5,140.8265,28.7664
30.5961,1.5,137.6825,30.0
31.7726,1.47,140.1172,32.8749
30.0857,1.52,137.1908,29.3425
32.157,1.49,143.742,32.0
28.882,1.55,134.3015,28.7378
31.5801,1.46,138.3209,30.7413
29.9965,1.44,129.5848,28.1273
31.9742,1.5,143.884,33.0376
0.0,0.0,0.0,0.0
30.4876,1.52,139.0233,32.0
31.9304,1.51,144.6448,31.6885
30.7902,1.49,137.6322,30.1327
30.354,1.51,137.5034,30.0
30.0162,1.51,135.9733,30.9985
8.2536,0.42,10.3996,7.5863
30.6483,1.53,140.6755,32.497
30.7643,1.52,140.2853,31.9191
21.2046,1.1,69.975,24.198
31.5814,1.49,141.1687,32.2916
30.8536,1.51,139.7667,33.0106
32.5068,1.46,142.3799,33.9782
29.4286,1.49,131.5457,32.0
31.2713,1.5,140.7208,29.7787
31.9826,1.45,139.1243,31.1092
29.5062,1.55,137.204,31.0
30.207,1.52,137.7441,28.3593
29.8995,1.51,135.4446,31.2129
0.0,0.0,0.0,0.0
30.7161,1.48,136.3794,29.5654
30.1087,1.51,136.3923,30.7327
29.7516,1.5,133.8824,28.9869
29.518,1.49,131.9456,29.0038
31.4627,1.49,140.6383,31.0
29.16,1.52,132.9694,29.8268
32.9753,1.47,145.4212,33.0
30.5842,1.51,138.5464,30.0172
32.4484,1.51,146.9913,31.0172
30.6601,1.53,140.7299,32.8675
27.7165,1.49,123.8926,27.9532
27.9846,1.53,128.4494,28.8982
9.1681,0.45,12.3769,8.9571
30.7885,1.46,134.8535,30.8327
31.0129,1.5,139.5579,28.5362
30.0224,1.53,137.8028,30.2425
31.7226,1.5,142.7516,30.8147
8.6121,0.46,11.8847,8.7662
31.17,1.5,140.2652,32.9721
30.9086,1.52,140.9432,31.0
33.854,1.47,149.296,34.5539
29.3116,1.51,132.7817,32.4646
29.3659,1.48,130.3846,29.8226
30.0386,1.49,134.2727,29.0
31.1929,1.49,139.4322,32.8762
29.8728,1.52,136.2199,29.4266
30.0521,1.49,134.3329,29.0202
31.0549,1.5,139.747,32.5571
0.0,0.0,0.0,0.0
29.79,1.52,135.8425,29.8178
32.0898,1.49,143.4413,33.0
30.2505,1.52,137.9422,29.1434
29.6022,1.48,131.4336,29.0
30.5185,1.51,138.2487,31.2945
30.4216,1.47,134.159,33.0404
30.5756,1.51,138.5073,30.3429
30.8307,1.52,140.5882,30.6203
31.3003,1.52,142.7292,31.0
32.8104,1.49,146.6627,31.9842
28.7229,1.53,131.8383,30.8123
29.5837,1.54,136.6765,29.4417
30.2638,1.51,137.095,29.5045
27.8813,1.53,127.9753,29.5148
28.7931,1.56,134.7519,28.4158
29.2309,1.53,134.1698,29.8276
