agri_class,DEM_mean,Slope_mean,sand_pct,clay_pct,bd_gcm3
1,239.1875,1.52878449857235,38.89,26.43,1.54
0,225.046875,2.956830368377268,34.52,24.1,1.29
1,247.98765432098764,3.561390304271086,33.52,31.56,1.49
1,243.9305555555556,2.718738514516089,38.58,26.69,1.49
1,233.29166666666663,1.644746179382006,40.86,25.16,1.49
1,229.609375,1.278930245898664,37.72,28.89,1.52
1,230.8641975308642,1.96464279330807,38.25,26.54,1.53
0,228.8395061728395,2.627497820206631,40.36,23.29,1.37
1,240.34722222222223,2.48661647654242,37.56,26.18,1.5
1,232.515625,1.885824949480593,38.09,25.96,1.5
1,248.625,2.426025826483965,35.1,28.01,1.5
1,228.9135802469136,1.707004916667938,37.42,24.3,1.52
1,228.9375,2.137560216709971,37.06,27.54,1.52
0,258.84375,2.324988032691181,6.7,4.15,0.25
0,261.80555555555554,8.324728764593601,39.85,28.18,1.46
1,176.70370370370367,4.564317761682998,33.98,32.08,1.47
1,249.546875,2.261412075720727,38.45,25.67,1.49
1,230.046875,1.564952507615089,39.33,26.0,1.53
1,247.54166666666663,4.459514397713873,39.05,28.79,1.49
1,251.5625,6.036284017376602,37.98,25.71,1.48
1,235.71604938271605,1.660309036572774,35.88,24.91,1.47
1,267.77777777777777,1.983648007942571,27.33,34.3,1.5
0,255.9583333333333,2.53485685835282,37.77,31.7,1.48
1,233.5833333333333,1.783414405253198,43.93,26.14,1.46
1,251.06944444444443,3.076714489195082,35.88,28.67,1.47
1,243.328125,2.477611021138728,39.79,27.68,1.5
1,265.83333333333326,1.910221926867962,29.76,30.26,1.48
0,265.625,1.910026086701287,9.65,11.37,0.48
1,242.5833333333333,2.969574675791793,35.59,30.1,1.51
1,255.88888888888889,3.180873583588335,35.02,26.26,1.47
1,228.86111111111111,2.027401620315181,37.84,27.83,1.51
1,266.09722222222223,2.02713479515579,34.47,30.12,1.5
1,263.609375,2.021502133458853,35.4,30.25,1.51
1,232.25,2.217604120261967,38.23,28.06,1.51
1,264.81481481481484,4.096916738851572,31.26,31.61,1.5
1,234.859375,2.411550425924361,38.09,25.99,1.51
1,254.73611111111111,2.386994837886757,37.64,32.24,1.49
1,230.04166666666663,1.660023686786493,37.66,27.85,1.5
1,255.0625,3.213379874825478,31.22,32.93,1.46
1,266.320987654321,2.622619227126793,29.59,29.97,1.48
0,244.640625,2.097549713216722,39.43,27.52,1.47
1,232.0,1.960737785324454,39.41,26.28,1.5
1,255.27777777777777,4.279220092627737,28.39,33.92,1.45
1,234.5,3.078074857592583,37.66,27.17,1.49
1,264.13888888888886,2.151851035654545,33.65,29.42,1.5
1,267.68055555555554,2.580895381669203,37.61,31.49,1.51
1,222.73611111111111,1.540907831655608,37.38,24.59,1.51
1,252.921875,2.929270886816084,36.61,29.37,1.48
1,248.5625,4.414725657552481,38.21,28.62,1.53
0,249.25,3.043841396768888,39.1,26.55,1.49
0,239.6875,2.381487805396318,21.95,12.76,0.76
1,263.72222222222223,2.532037026352353,36.96,27.82,1.47
1,251.76388888888889,3.441076768769158,30.96,28.8,1.47
1,253.44444444444443,2.494747506247626,36.97,28.31,1.48
0,266.5061728395062,1.98141966999313,28.99,36.17,1.47
1,261.140625,2.180734220892191,39.59,28.57,1.49
1,247.84722222222223,2.299267958435747,39.93,28.01,1.49
1,254.796875,6.543358964845538,30.31,30.92,1.46
1,239.75,2.095893574878573,38.67,28.98,1.5
1,224.5308641975309,2.022458038948201,37.94,27.26,1.51
1,228.546875,1.714623936451972,37.9,27.74,1.5
1,260.453125,4.33670197147876,41.29,23.87,1.49
1,246.8333333333333,4.504548475974136,35.27,27.95,1.52
1,228.9305555555556,1.766977467470699,35.48,27.41,1.52
0,256.921875,2.598271230235696,0.0,0.0,0.0
1,261.8611111111111,2.124074404438337,36.79,29.02,1.46
1,267.08641975308643,2.288008689880371,36.6,31.66,1.51
1,242.578125,1.902299029752612,38.0,25.95,1.53
0,249.94444444444443,3.107802775171068,38.93,25.23,1.55
1,233.98611111111111,2.558361887103981,37.52,26.51,1.49
1,231.84375,1.399488860741258,36.72,27.11,1.53
1,238.77777777777777,1.406915432049169,38.69,27.16,1.5
1,255.640625,2.035881286486983,34.43,33.31,1.5
1,245.0123456790124,2.5597895545724,35.62,30.15,1.51
1,231.234375,1.631047726608813,36.23,28.38,1.5
1,228.125,1.624763601459563,37.49,27.48,1.5
1,264.05555555555554,1.728818525870641,37.81,29.59,1.49
1,261.34375,3.517384558916092,37.12,30.23,1.52
1,248.375,3.575221049288908,33.78,28.64,1.51
0,235.28125,1.78985359147191,0.0,0.0,0.0
1,256.1875,1.849416156299412,34.82,29.37,1.49
1,230.69444444444443,1.765576435459985,39.46,25.72,1.54
1,267.05555555555554,1.925933541523086,27.81,33.96,1.48
1,235.69444444444443,1.991205140120453,38.66,26.43,1.5
1,241.28125,2.610266314819455,35.86,30.43,1.5
1,241.515625,3.197588955052197,35.37,29.35,1.51
1,243.81944444444443,2.203529956440131,39.31,28.89,1.51
0,231.36111111111111,1.755335801177555,39.78,24.77,1.53
1,245.16666666666663,3.447713238497575,35.98,27.95,1.5
1,267.015625,1.926938332617283,30.61,35.01,1.48
1,240.5555555555556,2.423306254049142,39.48,29.37,1.49
1,234.72222222222223,1.87536952810155,38.53,26.82,1.5
1,238.0833333333333,5.4547659713361,9.64,6.62,0.35
1,211.609375,7.269006049091166,27.43,32.72,1.45
1,233.20987654320996,2.093730991269335,38.59,26.61,1.51
1,259.55555555555554,4.838978647346228,34.98,29.12,1.46
1,232.36111111111111,2.094483570092254,14.51,10.05,0.58
1,248.0833333333333,3.782057413624393,34.32,29.99,1.5
1,228.70370370370367,1.936047437750263,38.06,27.06,1.53
1,232.98611111111111,2.450623813602659,11.2,7.51,0.45
0,245.078125,3.36304927803576,35.85,30.1,1.5
1,249.3333333333333,4.808817426363628,35.65,29.35,1.49
0,239.640625,2.983683583326638,40.68,25.17,1.49
1,244.13888888888889,2.415413080818123,37.86,27.42,1.49
1,237.21875,2.218778941780329,37.66,26.78,1.5
1,254.109375,3.538914357312024,35.41,24.63,1.31
0,249.125,1.996653566757838,36.93,30.1,1.49
1,248.390625,3.352596092969179,36.33,29.32,1.48
1,256.375,2.247342512011528,41.43,27.41,1.52
0,245.484375,2.338815753348172,43.89,24.72,1.52
1,252.94444444444443,5.488434034089248,39.09,25.71,1.48
1,256.15277777777777,3.389122068054146,37.46,31.95,1.5
0,255.19444444444443,5.79631187270085,0.0,0.0,0.0
1,244.6296296296296,2.023197801760685,39.8,28.53,1.5
1,259.55555555555554,4.154474686417317,34.07,27.99,1.47
1,228.73611111111111,1.730785129798783,37.29,25.91,1.5
1,255.23611111111111,4.770219144721826,29.99,30.72,1.45
1,226.125,1.535148851573467,38.2,26.34,1.47
1,233.47222222222223,2.326413673659166,36.81,26.73,1.53
1,237.51851851851848,2.015136888733617,37.97,27.44,1.5
1,257.75,3.674730087630451,28.6,32.91,1.45
0,266.40625,2.991885606199503,34.98,23.6,1.32
0,258.125,5.040043480694294,36.53,31.51,1.5
1,250.71875,1.268435486592352,35.45,26.09,1.47
1,241.86111111111111,1.824055773516496,36.91,27.13,1.52
1,268.5679012345679,1.909858007489899,33.89,30.9,1.51
1,244.75,2.466875200470289,36.76,30.6,1.51
1,244.046875,2.403691780753434,41.12,28.1,1.48
1,267.234375,1.787012614309788,34.35,33.65,1.5
0,256.40625,2.140695356763899,0.72,0.43,0.03
1,257.9861111111111,5.429298457172182,35.54,27.28,1.47
0,254.859375,2.753452001139522,12.27,8.69,0.46
1,238.63888888888889,2.54289925015635,37.99,25.47,1.54
1,184.19444444444443,1.453577250242233,38.72,25.44,1.52
1,240.04166666666663,1.818294410076406,33.48,31.5,1.49
1,254.27777777777777,3.199518119295438,32.22,28.28,1.46
0,249.90277777777777,2.354559027486377,0.0,0.0,0.0
0,263.0625,3.485061262734234,36.94,30.2,1.48
1,233.125,1.86663706600666,37.8,26.53,1.52
1,237.328125,2.056344788521528,37.51,26.48,1.51
0,221.0,0.0,11.0,7.7,0.42
0,236.390625,2.363474926911294,39.13,25.03,1.5
1,250.31944444444443,4.201511038674249,37.82,26.33,1.47
1,266.453125,1.959666579030454,31.16,32.69,1.49
1,257.56944444444446,4.49285601824522,39.6,28.2,1.51
1,242.26388888888889,3.674197451108032,36.43,27.01,1.5
1,233.31944444444443,1.49809332523081,39.57,25.73,1.51
1,242.21875,2.152201964519918,39.5,28.44,1.49
1,237.921875,3.523225647397339,45.02,20.25,1.44
1,231.76388888888889,1.639988273382187,38.45,25.92,1.5
0,244.6049382716049,3.891144148361536,36.63,25.7,1.53
0,250.24691358024688,3.343815078705917,0.0,0.0,0.0
1,267.88888888888886,2.20818527870708,33.07,30.72,1.47
1,232.953125,1.942080995067954,38.37,27.4,1.51
0,231.96875,2.236345594748855,30.13,18.09,0.97
1,230.078125,2.586287563666701,39.74,28.19,1.52
1,257.78125,3.044132819399238,35.02,29.84,1.5
1,229.15277777777777,1.830220567683379,39.36,25.25,1.53
1,233.23611111111111,1.64535541087389,37.26,26.7,1.55
1,239.91666666666663,2.783835624655088,33.49,29.14,1.5
1,261.8611111111111,2.230170756578445,24.7,19.79,0.95
1,262.625,2.83552348613739,28.41,33.67,1.5
0,230.34375,1.87870519887656,0.0,0.0,0.0
1,230.09375,2.004564123228192,38.05,28.85,1.53
1,249.0617283950617,1.999166001508265,39.27,28.08,1.49
1,257.9012345679012,1.663104080859526,39.14,25.43,1.5
1,234.72222222222223,1.730773511032264,39.04,25.45,1.53
1,235.484375,2.399019515141845,36.09,28.76,1.52
1,265.7916666666667,3.095504719350073,26.57,26.26,1.32
1,251.61111111111111,3.747401537166701,35.0,30.18,1.47
1,241.66666666666663,1.725608600510491,36.79,27.22,1.49
1,259.09375,5.285607338882984,33.34,30.84,1.48
1,237.06944444444443,2.624124393694931,35.25,26.07,1.48
1,244.81944444444443,1.908367474046018,38.19,27.32,1.49
1,243.41666666666663,2.245753390921487,36.8,27.74,1.51
1,243.78125,3.602466359734535,28.9,21.49,1.17
0,237.54166666666663,1.712012300888697,31.72,17.26,1.02
1,252.79166666666663,2.263729008535544,36.65,26.59,1.48
1,226.0,1.703476679511368,36.36,28.09,1.51
1,231.96875,2.121291573159397,37.16,27.65,1.53
1,233.69135802469137,2.409550686677297,40.0,26.45,1.55
0,245.9375,3.700590525753796,39.35,23.78,1.47
1,263.320987654321,3.90602050004182,29.48,31.66,1.45
1,263.19444444444446,2.440236016280121,35.27,27.82,1.49
1,241.47222222222223,3.986598975128598,36.22,29.17,1.49
1,249.515625,4.406823827885092,37.18,28.78,1.47
1,270.71604938271605,1.807063790015232,26.3,32.04,1.49
1,233.47222222222223,2.030030527048641,38.75,26.58,1.52
1,230.90123456790124,1.358498978761979,38.82,25.05,1.52
1,245.65625,3.357967077754438,35.72,28.38,1.51
1,262.859375,3.878758881241083,35.46,28.7,1.5
0,249.1875,4.358136931434274,33.62,12.16,0.93
1,229.8641975308642,2.308510152646053,36.81,27.24,1.53
1,249.72222222222223,3.563647103806337,36.84,27.74,1.51
1,261.78125,2.835724574513733,34.71,28.02,1.36
1,228.0555555555556,2.372195461557971,37.71,26.72,1.52
1,249.84722222222223,3.099809702899721,38.33,27.16,1.48
1,235.34722222222223,2.253978701929251,37.68,27.13,1.54
1,252.015625,2.303725308738649,35.01,27.66,1.47
0,268.25,2.28774526466926,0.0,0.0,0.0
0,252.81944444444443,6.080495455198818,0.0,0.0,0.0
1,253.16049382716048,1.951036388491407,34.4,32.77,1.47
1,229.72222222222223,1.644722406235006,38.52,26.58,1.53
1,228.296875,2.399039489217103,40.05,27.63,1.53
0,251.453125,3.987067608162761,42.51,26.41,1.49
0,269.3125,2.069722529500723,26.79,33.98,1.47
1,244.9375,2.421590718440711,38.87,29.31,1.46
1,245.078125,2.849518546834588,39.21,28.55,1.54
1,261.0416666666667,2.296750720176432,41.36,25.63,1.51
1,249.40277777777777,3.06773786743482,41.15,28.12,1.55
1,252.390625,1.72740098554641,37.86,25.8,1.47
1,262.09375,2.422893410548568,33.71,30.5,1.5
1,231.84375,1.878203190863132,36.93,26.58,1.53
1,268.1875,2.022258574143052,31.59,30.82,1.48
1,259.609375,2.080768093466759,37.33,29.88,1.49
1,246.5833333333333,3.357149187889364,36.91,24.81,1.45
1,268.1111111111111,2.546066727903154,24.92,36.7,1.48
1,256.0987654320988,5.037463516364864,34.1,28.84,1.48
1,250.578125,3.910199447534978,35.47,27.92,1.52
1,244.84722222222223,2.770216210020913,28.23,17.88,1.09
1,260.77777777777777,1.859256650838587,35.34,29.68,1.48
1,239.76388888888889,2.034766545726193,39.11,28.03,1.5
1,243.359375,1.983781160786748,37.49,27.08,1.51
1,226.9753086419753,1.788714986524464,38.02,27.33,1.5
1,265.8125,2.380804831162095,37.68,27.64,1.53
1,232.5833333333333,2.547327135172155,38.6,26.92,1.54
1,236.125,2.739404550029172,38.07,25.73,1.52
1,232.484375,2.011518780142069,39.31,27.96,1.54
1,225.8641975308642,1.476943170582807,38.19,27.6,1.53
1,232.078125,3.099827573634684,37.61,27.4,1.54
1,239.3055555555556,1.638476596110397,38.18,28.13,1.5
1,232.76543209876544,1.731852254749816,37.66,26.56,1.5
0,244.859375,1.579437873326242,39.01,24.71,1.52
0,235.0,2.390166756179598,39.15,25.53,1.5
1,229.11111111111111,2.181763658093081,40.3,25.27,1.51
1,229.34375,2.233481598086655,38.67,25.91,1.52
0,254.265625,2.752071862109005,41.6,27.53,1.53
1,259.71875,3.575543759390712,36.5,31.23,1.53
0,247.8125,2.293629658408463,0.0,0.0,0.0
1,243.6875,2.107034736312926,37.41,29.2,1.48
1,261.234375,2.27835595048964,34.93,30.14,1.47
1,256.1666666666667,3.970527834362454,38.57,28.9,1.46
1,262.40625,2.050747144035995,38.44,28.98,1.51
1,241.59375,2.539371269755065,40.31,26.04,1.52
1,236.625,2.240960298106074,36.24,28.48,1.5
1,243.7083333333333,2.255298181540436,37.55,27.54,1.49
1,227.0,1.714205889031291,38.92,26.3,1.52
1,231.5,1.757985804229975,38.62,26.41,1.5
1,260.171875,3.850834359414876,37.59,28.18,1.54
1,261.578125,1.981916090473533,38.13,30.1,1.53
1,266.45833333333326,3.225467278725571,34.0,31.59,1.51
1,254.01388888888889,3.322222376035319,37.94,28.48,1.5
1,227.78125,1.527007249183953,39.29,28.19,1.52
0,253.69444444444443,3.483360360066096,0.0,0.0,0.0
0,252.84722222222223,3.620900833772288,59.46,18.81,1.54
1,251.77777777777777,4.538081642654208,36.98,25.15,1.47
1,254.77777777777777,1.841048426926136,41.1,28.28,1.53
0,256.2916666666667,3.88766726023621,34.53,24.07,1.41
1,238.91666666666663,2.133058251606093,39.17,27.22,1.51
1,258.09375,4.733032774180174,38.28,28.58,1.49
1,242.859375,5.174047744832934,35.62,28.36,1.46
1,232.578125,2.026792022399604,39.34,25.75,1.55
1,237.921875,1.962998176924884,38.13,26.58,1.47
1,233.8055555555556,1.748714462750488,40.57,26.71,1.48
1,253.359375,2.223799185827374,32.32,30.44,1.47
1,236.078125,1.990315465256572,38.04,26.6,1.51
1,252.859375,3.911596085876226,39.45,28.93,1.52
1,255.9375,3.876342291943729,33.31,28.52,1.46
1,235.84722222222223,2.100219669441382,38.93,25.59,1.49
1,258.125,2.96877047419548,33.6,33.2,1.5
1,226.859375,1.781728838570416,39.46,26.2,1.5
1,247.4074074074074,2.082012717370634,38.52,25.64,1.54
1,230.69444444444443,2.248412483268314,40.58,26.96,1.52
1,252.25,1.642061528232363,37.09,25.92,1.47
1,266.828125,1.932264781557024,31.25,30.2,1.5
1,254.8055555555556,1.156121522188187,33.51,30.12,1.47
0,252.56944444444443,4.36879962682724,37.49,25.83,1.52
1,237.921875,1.774605725891888,33.83,29.28,1.48
1,248.015625,3.420765719376504,42.84,25.95,1.5
1,240.14814814814807,1.861956174726839,40.04,26.96,1.51
0,230.53125,1.733443480916321,11.05,6.87,0.38
0,237.625,2.523587928877936,1.36,0.71,0.04
1,233.59722222222223,1.862553034391668,39.22,24.84,1.47
1,243.0,3.336972648277879,37.34,29.9,1.5
1,232.4691358024692,1.562454947718868,40.34,26.05,1.52
1,246.078125,2.128232814371586,38.47,25.73,1.54
1,231.8055555555556,1.980706049336328,38.49,26.21,1.51
1,233.20987654320996,1.93173407625269,41.58,25.15,1.5
1,243.1875,2.26685403380543,38.99,26.62,1.52
1,259.984375,2.357013531960547,39.5,28.78,1.47
1,263.53125,2.120881574228406,36.56,30.78,1.48
0,245.890625,1.684280458837748,10.92,6.06,0.38
1,249.640625,3.997176798060536,35.21,28.35,1.5
1,257.109375,2.591500803828239,41.37,27.95,1.49
1,243.1875,1.621121237054467,32.89,33.99,1.49
1,262.72222222222223,3.844705798559719,37.71,28.42,1.49
0,245.578125,2.108638879843056,39.56,26.72,1.52
1,237.4305555555556,1.932314269244671,37.57,26.49,1.51
1,227.71875,1.481271093711257,39.63,25.12,1.52
1,242.38888888888889,3.132435089184178,39.1,27.11,1.52
0,250.1875,7.06241292692721,37.15,29.43,1.52
1,231.5833333333333,2.288624424073431,38.87,30.06,1.54
1,246.2962962962964,4.589681877216822,34.78,28.0,1.46
1,231.515625,2.373352712951601,38.32,26.45,1.51
1,230.328125,1.899446737021208,39.39,28.3,1.52
1,254.2962962962964,2.959263675742679,34.67,30.51,1.48
1,254.66666666666663,5.118187094728152,39.77,28.82,1.52
1,229.625,1.529435743577778,36.84,27.43,1.52
1,232.16666666666663,2.226041822797722,35.85,27.74,1.52
1,239.69444444444443,1.774035394191742,35.34,29.99,1.5
0,222.3125,2.138813873752952,39.2,26.26,1.4
0,243.6296296296296,1.818361126346353,24.04,16.15,0.98
1,222.515625,1.512329905293882,38.53,24.51,1.51
1,236.81944444444443,2.959743069277869,40.67,25.78,1.5
1,235.25,1.735723052173853,36.52,26.36,1.5
1,250.22222222222223,3.415911423663298,40.71,25.52,1.53
1,243.41666666666663,2.272316567599773,30.68,23.73,1.24
0,237.21875,2.321364193223417,0.0,0.0,0.0
1,231.90277777777777,1.980886359181669,38.7,26.72,1.52
1,266.828125,3.996354050934315,36.16,26.23,1.48
1,264.375,3.495690459178554,33.24,27.54,1.48
1,257.55555555555554,3.735630765557289,39.47,25.62,1.49
1,261.81481481481484,2.159744569548854,27.21,35.21,1.5
1,246.4305555555556,3.148061063554552,38.45,26.0,1.54
0,251.890625,2.696210410445929,40.01,25.13,1.54
0,242.16666666666663,2.446964430312315,37.91,25.98,1.51
0,251.88888888888889,3.791087413827578,0.0,0.0,0.0
1,249.59259259259252,2.667684967135206,38.44,27.58,1.46
1,237.69444444444443,1.966311604612403,21.93,16.44,0.91
1,223.046875,2.165333692915738,37.56,28.16,1.51
1,242.8055555555556,3.213111956086424,36.52,29.02,1.53
1,247.72222222222223,3.395468725098504,30.07,28.82,1.48
1,250.72222222222223,3.870127971801493,39.91,27.2,1.52
1,242.484375,2.472605521790683,37.49,26.87,1.51
0,232.48611111111111,2.465626931852765,25.31,18.77,1.06
0,241.1875,4.49624935630709,41.75,25.89,1.51
1,246.27777777777777,2.256939594944318,38.71,25.2,1.55
0,200.421875,2.094144903800704,18.04,11.33,0.65
1,268.33333333333326,4.900838737686476,38.29,28.74,1.45
1,240.43209876543207,1.722195506831746,36.85,29.98,1.49
1,228.875,1.809454743750393,37.83,26.92,1.53
1,241.4375,2.604204362258315,39.44,26.51,1.51
1,236.53125,2.006997957825661,37.08,26.23,1.5
0,230.59259259259252,1.891598769912013,0.0,0.0,0.0
0,239.40277777777777,2.497224243978659,40.38,26.02,1.48
1,249.40625,1.715601661242545,40.55,25.81,1.5
0,251.44444444444443,4.8907950139708,0.0,0.0,0.0
1,229.47222222222223,2.268350828852919,39.55,26.82,1.54
1,268.7361111111111,2.64661265992456,8.85,7.61,0.38
1,237.1805555555556,2.456764212912983,37.79,25.71,1.5
1,234.51388888888889,2.044979002740648,41.0,25.47,1.48
1,244.671875,2.448587770573795,38.52,27.38,1.47
1,255.38888888888889,4.385916308396393,32.24,28.67,1.46
1,258.421875,5.052074164152146,38.63,29.02,1.49
0,258.4166666666667,5.810139846470622,37.58,20.28,1.32
0,254.49382716049385,3.196001286124006,0.0,0.0,0.0
1,247.8333333333333,3.10563041932053,35.43,27.11,1.52
0,254.09722222222223,2.918510463502672,35.43,26.77,1.46
1,250.84722222222223,3.033614739775658,39.8,29.79,1.52
1,230.94444444444443,1.549476969573233,39.09,25.7,1.52
1,242.04938271604945,3.231482559516106,39.89,26.64,1.52
0,238.890625,2.401633014902472,38.95,27.29,1.5
1,229.140625,2.146965224295855,38.23,26.74,1.51
1,232.04166666666663,2.047483323348893,39.25,26.54,1.5
1,233.91666666666663,1.485038690268993,46.21,27.06,1.51
1,253.390625,3.917874488048255,33.53,28.24,1.46
1,249.3333333333333,2.83807167576419,36.21,27.04,1.48
1,262.046875,1.819455254822969,34.14,29.63,1.47
1,234.34375,2.347738546319306,40.11,25.72,1.48
1,253.59375,1.850282834842801,33.24,29.48,1.48
1,240.36111111111111,2.020665157172415,36.62,27.04,1.5
1,239.71604938271605,2.440080451376644,35.3,30.79,1.51
1,256.359375,3.84953916631639,32.85,28.88,1.47
0,238.61111111111111,2.266500008602937,38.51,26.6,1.52
0,250.671875,6.14081427641213,18.99,5.24,0.46
1,239.625,2.455669535323977,34.77,30.01,1.49
0,226.03125,2.375524480827153,15.19,10.15,0.57
1,227.03125,1.447224520146847,37.06,26.75,1.5
1,240.25,1.726949264295399,35.37,30.84,1.5
1,225.703125,1.729665825143456,37.45,26.89,1.53
1,234.02469135802468,2.088378428676982,40.65,25.39,1.49
1,252.5555555555556,2.970948988364802,38.27,29.48,1.5
1,229.34567901234567,2.429970959086477,38.58,26.56,1.53
1,226.63888888888889,1.924620322883129,40.04,27.11,1.52
1,232.28125,2.791121678426862,36.55,29.09,1.51
1,263.0,2.594131160941389,27.44,34.96,1.49
0,236.1875,3.194321070797741,37.66,26.24,1.48
1,239.453125,2.109375725500286,37.85,27.13,1.52
1,248.27777777777777,2.157864349583785,34.54,30.01,1.48
1,251.72222222222223,1.452450551920467,37.47,26.24,1.47
1,227.13580246913577,2.142386137703319,38.36,28.57,1.5
1,260.0987654320988,2.140572246945935,37.53,28.82,1.52
1,232.79166666666663,2.458700891170237,38.84,26.26,1.56
1,237.03125,2.255142944864929,37.03,25.92,1.5
1,241.15277777777777,2.162688995401064,39.26,26.01,1.5
1,269.01388888888886,3.591898527410295,33.42,30.13,1.51
1,248.9305555555556,3.618474275701576,37.27,29.99,1.48
1,242.77777777777777,3.556083047555552,38.55,27.91,1.45
0,234.375,2.395391744044092,42.11,25.02,1.49
1,266.71875,2.349397855810821,34.29,30.14,1.51
1,167.11111111111111,3.418824999719053,32.93,29.59,1.51
1,229.90277777777777,2.13178664777014,37.3,29.31,1.51
1,262.40625,2.019651683047414,34.17,30.11,1.49
1,259.265625,1.970183108001947,39.06,29.5,1.48
1,255.15625,4.208428809419275,34.78,25.12,1.44
0,258.890625,4.522645550779998,40.46,26.74,1.5
1,229.078125,1.728429044596851,38.36,26.74,1.51
1,237.13888888888889,2.159948984781901,40.28,26.4,1.5
1,252.86111111111111,3.958747137751844,36.76,25.79,1.47
1,228.140625,2.037340572103858,37.19,27.89,1.5
1,268.01388888888886,2.864224481913778,37.44,31.66,1.51
1,240.09722222222223,1.819956448343065,39.01,26.84,1.5
1,231.140625,2.104557557962835,40.97,25.85,1.51
0,247.88888888888889,2.569835589255816,20.78,16.3,0.87
0,258.25,3.12465352896187,34.13,28.51,1.46
1,256.15625,2.768678752705455,32.06,30.57,1.45
1,243.359375,2.710469052195549,38.4,29.3,1.56
1,248.8125,2.946377976797521,36.92,27.75,1.5
1,251.375,2.205891449935734,36.98,26.64,1.49
1,240.046875,2.06106083933264,37.78,26.83,1.55
1,234.13888888888889,2.32118913034598,39.2,28.48,1.48
1,238.375,2.940042730006907,37.93,30.15,1.5
1,244.25,2.806651111278269,42.07,25.74,1.5
1,235.375,2.374177724123001,38.83,24.85,1.53
1,248.69444444444443,2.958003741999467,43.76,24.88,1.52
1,232.9583333333333,3.129522428744369,38.5,26.25,1.51
0,259.5,2.609838982423147,38.19,28.35,1.52
1,245.4305555555556,2.221185364656978,36.09,27.86,1.47
1,122.453125,2.247480652950428,41.33,28.0,1.51
1,227.828125,1.802679957821965,36.3,26.71,1.49
0,245.40277777777777,3.151915078361829,39.95,26.89,1.53
1,229.359375,1.373585981316864,38.25,25.94,1.51
1,260.53125,2.660420806147158,39.32,28.75,1.47
1,231.8055555555556,1.702430699434545,40.76,25.51,1.49
1,236.61111111111111,2.725009312232336,37.27,25.48,1.53
1,242.76543209876544,2.279020856192083,37.44,27.07,1.44
1,227.734375,2.251566526480019,37.78,26.87,1.53
1,261.08333333333326,2.684438736074501,39.16,28.41,1.51
1,266.28125,2.008252459578216,32.73,33.07,1.48
1,265.5,1.959405359294679,25.8,21.8,1.13
1,255.0625,4.409274064935744,36.7,29.41,1.47
1,231.328125,2.1234111469239,39.35,28.26,1.53
1,262.26388888888886,2.03726092643208,33.91,30.81,1.5
1,254.9375,2.036716295406222,33.92,33.62,1.49
1,262.56944444444446,3.90091058694654,28.75,32.49,1.45
1,269.12345679012344,2.287126400588471,34.55,32.57,1.52
1,252.56944444444443,2.399242309232553,37.38,29.17,1.5
1,232.52777777777777,2.110510953598552,39.84,25.58,1.52
0,234.51851851851848,1.88604160959338,47.3,24.72,1.42
1,230.63888888888889,1.968886223104265,39.0,27.68,1.53
1,235.234375,2.311085746623576,38.39,26.9,1.53
1,254.75,2.778133763931692,30.34,31.71,1.44
1,256.8641975308642,3.025541656547122,40.68,28.46,1.51
1,268.609375,2.925083140842617,31.25,30.39,1.5
0,257.515625,3.405812663957477,36.27,31.26,1.49
0,231.90123456790124,2.948720151259575,37.05,27.84,1.5
1,246.84722222222223,3.089030552241537,34.27,29.63,1.53
1,243.92592592592592,2.555274566014608,26.62,18.17,1.07
0,235.48611111111111,3.182077854043908,39.04,27.69,1.49
1,265.037037037037,2.858108049557533,36.02,28.8,1.53
1,228.46875,1.647078740410507,36.76,27.53,1.5
1,265.078125,3.055512396618724,36.36,29.72,1.49
1,229.98611111111111,1.935344381464852,39.63,25.5,1.52
0,264.38888888888886,2.049213983118534,0.0,0.0,0.0
1,233.36111111111111,2.599911549852954,36.64,25.33,1.53
0,262.8024691358025,3.213881480105129,0.0,0.0,0.0
0,252.03703703703704,3.95231279105316,0.0,0.0,0.0
1,262.359375,2.361557909287512,34.52,30.67,1.38
1,257.0,2.123551862935225,40.69,27.9,1.53
1,237.515625,2.676152248866856,39.21,26.22,1.53
0,250.375,3.739751039279832,0.0,0.0,0.0
1,254.5833333333333,5.828634302649234,36.36,29.14,1.5
1,248.36111111111111,3.708812071217431,38.65,27.83,1.48
1,261.65625,3.565594652667642,28.97,31.63,1.49
1,243.06944444444443,1.96293938656648,40.08,28.5,1.5
1,260.76388888888886,4.276334086226093,36.22,31.57,1.53
1,231.5,1.765267167654302,39.36,26.3,1.54
0,234.015625,3.472732620579856,28.6,16.01,0.94
0,239.46875,2.132433519698679,4.21,2.34,0.14
0,249.84722222222223,2.138502208722962,26.43,12.52,0.9
1,255.734375,2.94873785879463,38.09,29.46,1.49
1,251.828125,3.431671623140574,32.24,27.5,1.47
1,241.08641975308643,1.795148457274025,35.52,30.09,1.48
1,257.296875,3.305417244322598,31.56,32.47,1.47
1,236.75,2.127286150223679,38.02,26.22,1.51
1,233.87654320987653,1.63458224652726,36.96,28.04,1.52
1,255.625,4.172812832726373,30.36,31.55,1.45
1,233.38888888888889,1.763207125994894,37.75,26.0,1.5
1,252.421875,2.679544844664633,38.16,29.62,1.49
0,160.41666666666663,0.0,0.0,0.0,0.0
1,253.91666666666663,3.88301003475984,3.73,3.93,0.18
0,262.140625,9.700446256436408,37.36,28.37,1.5
1,241.77777777777777,2.376623104015986,37.78,26.48,1.49
1,234.015625,2.894087835215032,39.11,27.0,1.52
0,256.359375,4.485974295064807,39.03,31.48,1.51
1,228.34722222222223,1.768240023818281,36.62,26.78,1.5
1,245.703125,4.658844701945782,36.85,29.32,1.45
0,266.9166666666667,2.682805543144544,37.34,30.06,1.48
1,257.3611111111111,2.930479013257556,33.85,23.29,1.28
1,222.328125,1.333788361400366,36.8,25.07,1.51
0,266.20833333333326,2.88427531801992,33.05,31.03,1.49
0,241.875,3.744510201944245,39.09,26.34,1.45
1,258.484375,2.112777007743716,36.3,29.67,1.52
0,244.0987654320988,2.403218089062491,39.21,27.23,1.48
1,253.734375,3.482994681224227,35.4,25.38,1.47
1,246.671875,3.350641232915223,41.2,27.62,1.51
1,223.63888888888889,1.669727597799566,38.51,26.71,1.52
0,243.4375,1.879005087539554,36.95,27.37,1.51
1,237.625,2.864946420821878,34.09,28.41,1.49
1,229.421875,1.455878805369139,37.21,28.26,1.5
0,235.11111111111111,1.686803602510028,27.33,17.78,1.07
1,258.77777777777777,4.523760629196962,32.65,28.39,1.44
1,220.02777777777777,1.518647005988492,37.12,28.91,1.5
1,262.125,2.748085561725828,30.7,31.86,1.5
1,254.140625,4.5724940225482,34.47,26.79,1.47
1,252.51388888888889,3.891931440267298,36.21,27.85,1.48
1,254.06944444444443,4.534477561712266,39.85,29.54,1.51
1,240.875,2.914549238979816,34.64,28.82,1.5
1,253.16666666666663,4.29143643213643,31.54,25.72,1.45
1,229.8148148148148,1.922091280236656,38.56,26.44,1.51
1,243.54166666666663,3.251881423095862,36.13,30.27,1.51
0,250.46875,2.912803530693054,41.42,26.4,1.45
1,242.203125,2.285957635380328,38.66,27.09,1.53
0,240.40625,4.238275906071067,43.5,25.35,1.51
1,244.15277777777777,2.061858397391108,37.28,29.52,1.49
0,229.28395061728395,0.940395217618824,28.05,17.01,0.94
0,266.38888888888886,1.855842221942213,22.87,21.13,1.0
1,267.328125,2.033577018417418,33.06,30.25,1.49
1,234.796875,1.403921850956976,37.87,25.47,1.5
0,255.671875,3.602699253708124,36.72,23.24,1.47
1,263.703125,2.081356096081436,33.99,30.84,1.48
1,246.5555555555556,2.088461918135484,37.79,27.32,1.54
1,269.5,2.492179073393345,32.54,29.71,1.5
1,267.5416666666667,2.341232547329532,33.56,31.71,1.52
1,231.03125,2.474487918429077,35.37,27.56,1.52
1,255.72222222222223,4.196159127685759,35.32,25.88,1.47
1,250.078125,3.898266980424523,38.38,25.77,1.5
1,257.515625,4.646335961297154,34.57,28.97,1.47
1,228.953125,1.888904591090977,37.57,26.11,1.49
0,249.98611111111111,4.633397216598194,14.37,9.83,0.57
0,241.390625,3.080545291304588,15.11,10.0,0.56
1,229.828125,2.220485397614539,37.71,27.59,1.53
1,248.609375,3.001789456233382,34.09,30.85,1.49
1,240.625,2.600151550438669,36.46,29.39,1.48
1,247.78125,4.058900421485305,36.82,28.93,1.5
1,245.72222222222223,3.727186256812678,36.79,26.88,1.51
1,267.05555555555554,1.538753664327992,33.77,35.4,1.52
0,262.484375,2.486483144573867,40.94,27.65,1.49
1,251.69444444444443,2.506557866103119,38.77,29.78,1.5
1,235.84375,2.002940283156931,41.74,26.44,1.47
1,228.13888888888889,2.077807949648963,36.43,25.38,1.51
1,244.04166666666663,3.167389257086648,38.75,28.32,1.55
0,241.78125,2.965461812913418,31.5,25.59,1.3
0,228.7530864197531,2.572355333669686,38.8,26.09,1.52
1,251.96875,2.276634160429239,38.4,28.27,1.49
1,235.56944444444443,2.148239750829008,40.28,24.79,1.48
1,246.984375,2.458929835818708,36.26,26.2,1.48
0,257.47222222222223,3.897424613436063,0.21,0.11,0.01
1,240.29166666666663,2.146757632493973,34.48,31.83,1.5
1,252.49382716049385,3.168387523403874,33.56,27.0,1.47
1,224.27777777777777,1.742728379865487,38.77,25.41,1.53
0,241.65277777777777,1.431918994420105,13.17,11.67,0.55
1,258.921875,3.56127605587244,40.01,28.16,1.53
1,254.4567901234568,5.626867846206382,35.85,30.03,1.51
1,231.125,1.914523317582077,38.16,27.2,1.49
1,229.984375,1.852452361956239,39.26,26.44,1.52
1,265.72222222222223,2.716794278058741,36.26,29.99,1.49
1,251.921875,4.143644937314093,41.9,25.87,1.49
1,262.77777777777777,3.217222484541528,36.32,28.48,1.47
1,252.96875,2.798687574453652,39.94,26.06,1.49
0,267.0625,3.413933958858252,0.87,0.71,0.04
1,265.45833333333326,3.619628748959965,31.37,30.83,1.47
1,233.3125,2.380987979471684,38.73,27.68,1.52
1,260.0123456790124,2.026652628992811,38.97,28.84,1.48
1,234.02777777777777,1.774618364042706,37.8,26.3,1.53
0,244.578125,2.521811681799591,22.89,15.18,0.93
1,255.96875,1.592664033174515,38.95,28.67,1.52
1,232.078125,2.42218941450119,37.86,27.28,1.53
1,253.25,3.573852919869953,36.88,29.55,1.48
0,222.44444444444443,2.103409932719337,38.65,24.35,1.5
1,232.27777777777777,3.548441982103719,4.3,2.45,0.14
1,260.609375,2.893801813945174,33.96,28.41,1.46
1,267.328125,2.529627811163664,30.26,31.02,1.49
0,258.5,2.392608072194788,32.75,35.01,1.5
1,247.9305555555556,2.203684890435802,39.81,26.51,1.5
1,243.875,1.508599751628935,36.79,27.97,1.5
1,231.61111111111111,1.464538940952884,39.5,27.58,1.52
1,235.6296296296296,2.22521479335832,36.87,28.15,1.52
1,229.3125,1.933313728310168,39.59,25.53,1.53
0,241.109375,9.310624074190857,0.0,0.0,0.0
1,236.03125,2.1870521530509,35.12,29.5,1.51
1,251.8055555555556,4.327676515612337,34.77,31.33,1.48
0,207.75,1.758186784924054,38.21,23.75,1.51
1,242.16666666666663,1.714160241186619,36.9,26.23,1.51
1,231.41666666666663,1.62548746003045,38.54,25.91,1.53
1,239.5308641975309,2.285086120352333,38.95,26.82,1.53
1,243.02777777777777,2.873105915884177,39.01,23.94,1.54
1,254.97222222222223,1.781440201732847,37.92,32.08,1.5
1,233.76388888888889,2.264224364525742,37.6,26.63,1.51
1,254.1875,3.053397303447127,37.78,27.5,1.49
0,261.4861111111111,3.343120910227299,38.79,29.76,1.49
1,262.4166666666667,4.194605241219203,30.27,30.54,1.46
1,239.4583333333333,2.684196069008774,37.9,25.97,1.52
1,241.41666666666663,2.390997207827038,35.01,29.05,1.49
1,230.375,1.517382353544235,37.74,25.7,1.51
0,247.15625,2.806738620623946,0.0,0.0,0.0
1,230.625,1.730747664347291,37.28,24.92,1.52
1,229.2083333333333,2.238613536788358,36.82,25.86,1.51
1,268.19444444444446,2.927181385457516,31.2,30.31,1.5
1,250.07407407407408,5.85640428831548,38.11,27.94,1.48
1,257.9375,3.371477188542485,37.37,32.03,1.5
0,270.93055555555554,6.82585257705715,34.68,32.42,1.5
1,257.97222222222223,1.954546319113837,36.55,29.58,1.5
0,259.88888888888886,3.858450755476952,43.46,28.49,1.48
1,264.38888888888886,2.759347875912984,36.18,31.05,1.48
1,232.19444444444443,1.804068168004354,38.86,25.31,1.5
0,259.65277777777777,2.430562630295753,34.05,26.38,1.35
0,255.0,3.440879927016795,39.81,25.7,1.54
1,247.546875,4.081205483525993,35.1,29.41,1.51
1,267.3703703703704,1.63957628423785,33.2,30.01,1.51
1,243.40277777777777,2.048023304177655,40.0,28.39,1.5
1,265.08333333333326,2.22609891411331,37.54,31.15,1.5
1,256.109375,2.117432693950832,34.36,28.54,1.5
0,230.1875,2.237011155113578,36.65,28.26,1.51
1,248.96875,7.330367654561996,39.37,27.73,1.54
1,240.5833333333333,2.244140091869566,38.11,26.02,1.51
1,226.078125,1.552909658290446,37.08,25.54,1.51
1,258.0416666666667,4.832073488169248,37.24,31.0,1.5
1,259.125,2.433901296721564,39.09,29.46,1.47
1,245.40277777777777,2.304065233303441,33.0,31.98,1.5
1,252.84375,2.223285592161119,40.04,28.54,1.52
1,241.390625,3.166484601795673,35.35,30.81,1.51
1,234.859375,2.601363370195031,37.57,26.08,1.51
1,243.125,1.65932699572295,38.43,26.03,1.51
1,229.81944444444443,1.278943701750702,36.66,26.48,1.52
1,247.5,2.454271455295384,33.83,29.62,1.53
1,227.921875,2.406163716688752,38.53,26.2,1.52
1,252.875,2.028060172167089,35.58,27.29,1.48
1,233.59375,2.726559069938958,39.33,26.33,1.51
0,229.5555555555556,2.32262954612573,9.39,6.22,0.33
1,242.88888888888889,2.676015744606654,37.4,29.36,1.5
1,252.4305555555556,6.618159833053748,39.68,27.99,1.55
0,249.98611111111111,2.967741255958875,0.0,0.0,0.0
1,262.953125,3.462109391577542,38.94,27.07,1.46
1,225.578125,1.981951001100242,38.54,26.6,1.52
1,233.90277777777777,1.758841077486674,40.35,25.77,1.51
1,230.359375,2.294216578826308,37.16,27.09,1.53
1,246.59259259259252,1.667851699723138,43.12,24.44,1.51
1,248.7083333333333,1.643483356469207,38.63,29.27,1.47
1,233.5625,1.859706062823534,46.06,25.59,1.5
1,225.734375,1.465825814753771,39.37,27.05,1.52
1,256.65625,2.872737458907068,35.81,25.87,1.47
1,243.71875,1.387085516937077,39.28,27.23,1.55
1,238.06944444444443,2.045079649322563,37.84,27.96,1.5
1,266.2916666666667,2.916211880743504,33.93,30.19,1.5
1,261.25,2.319565714336932,37.58,30.63,1.53
0,231.09722222222223,1.968949982689487,0.0,0.0,0.0
1,261.51388888888886,4.77202311820454,38.25,30.56,1.51
1,238.3333333333333,1.99836748590072,41.16,27.26,1.47
0,248.265625,2.298869903199375,36.54,29.84,1.5
1,244.4074074074074,2.234299569218247,39.3,25.7,1.49
1,256.21875,4.975134428590536,23.67,13.83,0.85
1,239.28125,1.904632402583957,34.74,30.26,1.49
1,231.27777777777777,1.993713166150782,40.51,25.38,1.49
1,234.51388888888889,1.825500999059942,36.51,26.07,1.55
1,249.78125,2.142934011295438,40.72,26.96,1.51
1,243.2716049382716,2.136180372885716,36.65,28.11,1.52
0,251.4375,2.230685663409531,39.61,28.31,1.52
1,228.85185185185185,1.746945749830317,39.76,26.4,1.51
0,267.96296296296293,1.804448558224572,0.0,0.0,0.0
0,230.875,4.940216865804462,15.92,10.69,0.58
1,256.8611111111111,3.550352463291751,35.17,27.51,1.46
1,242.0555555555556,2.747578907344076,39.84,24.56,1.55
1,260.06944444444446,2.136497306327025,39.61,26.33,1.48
1,238.9583333333333,2.10030801097552,37.07,27.38,1.52
1,258.7407407407408,3.293205345118488,30.46,31.78,1.46
1,228.1875,1.675176589749753,38.39,27.32,1.51
1,228.578125,1.920854547992349,38.44,26.67,1.5
1,251.8055555555556,1.763944041397836,36.44,27.43,1.47
1,257.01388888888886,2.803760728074445,40.62,25.38,1.49
0,261.08333333333326,1.772496218482653,39.55,28.61,1.5
1,239.27777777777777,1.610034079187446,38.24,27.23,1.5
1,268.1111111111111,1.831784496336808,32.5,30.22,1.49
1,247.66666666666663,3.572167399028937,17.6,14.89,0.76
1,253.375,3.312437883681721,37.02,23.78,1.47
0,268.77777777777777,3.108809925615788,34.09,29.39,1.52
1,228.0123456790124,1.749219098208863,39.6,25.68,1.5
1,256.63888888888886,1.792828898462984,37.85,28.19,1.5
1,249.36111111111111,4.804812052183682,38.37,25.31,1.47
1,230.38888888888889,2.997468805975384,38.42,27.11,1.52
1,264.01388888888886,2.170819795793957,33.11,35.7,1.51
1,225.61111111111111,2.248575633598699,38.04,27.68,1.52
0,254.98611111111111,3.595822058618069,20.33,15.73,0.8
1,242.34722222222223,3.134237936801381,34.29,31.58,1.51
1,252.38888888888889,2.145995438098907,34.01,27.24,1.48
1,160.75,1.874747430994397,40.07,26.74,1.52
1,236.88888888888889,2.525050053993861,39.78,25.47,1.48
0,232.5625,1.176647182554007,2.61,1.38,0.08
1,232.6875,2.978438911028206,37.98,26.65,1.46
1,235.0833333333333,3.307818210787243,42.11,25.94,1.5
1,261.26388888888886,2.456547758645482,37.03,26.4,1.49
0,256.9166666666667,4.179582330915663,34.29,27.16,1.46
1,219.5625,1.630309507898662,38.84,26.01,1.53
1,256.15277777777777,2.367144599556923,22.83,15.62,0.84
0,238.97222222222223,1.798984022604095,15.58,8.78,0.52
1,259.5625,2.361121900379658,39.89,28.23,1.52
1,243.4375,3.637189311906695,35.89,29.12,1.49
1,247.56790123456787,3.813667872069794,39.63,27.43,1.53
1,255.47222222222223,2.317024700343609,37.43,31.64,1.49
1,242.671875,3.733332423493266,36.3,25.44,1.51
1,249.14814814814807,5.165810619607384,39.9,28.73,1.52
1,243.73611111111111,2.438879277143213,35.95,28.67,1.51
1,240.59375,1.832859052345157,35.15,27.61,1.52
0,262.859375,3.285322560928762,29.65,31.58,1.45
1,251.828125,4.629354536533356,38.23,26.54,1.48
1,259.625,4.471176315099001,40.64,25.85,1.5
1,248.46875,4.146908602677286,33.91,30.09,1.5
1,228.4583333333333,2.193625118997362,39.19,25.75,1.52
1,222.87654320987653,1.808621073210681,38.36,25.16,1.5
0,244.22222222222223,2.447518734468354,30.68,21.48,1.26
1,232.1805555555556,1.883237227797508,37.52,25.61,1.51
1,260.2916666666667,2.023406730757819,39.91,28.74,1.48
0,257.765625,4.062160422094167,38.51,29.31,1.47
1,266.546875,2.773273742757738,32.93,37.46,1.49
1,238.23456790123453,2.538183438925095,35.13,26.52,1.49
1,258.40625,2.618330558761954,37.93,29.74,1.48
1,266.0123456790124,1.811543475698542,35.81,30.8,1.49
1,255.86111111111111,3.297778585718738,39.82,29.0,1.54
0,250.25,3.65655163427194,40.84,27.31,1.47
1,242.32098765432096,2.661612405453199,35.01,27.59,1.48
1,229.71875,1.875539352186024,38.17,26.36,1.51
1,242.8125,1.870507441461086,39.23,27.44,1.5
1,262.75,2.516078718006611,34.46,31.07,1.47
1,241.61111111111111,2.254762671887875,34.92,24.45,1.36
1,252.015625,1.887374963611364,38.38,25.83,1.48
1,228.85185185185185,1.320905798011356,37.7,26.99,1.53
1,256.4375,2.673249048180878,34.08,28.6,1.45
1,247.0833333333333,3.356397840711805,39.05,26.9,1.51
1,234.19444444444443,2.034318372607231,46.74,25.67,1.52
1,243.0555555555556,2.221768861015638,37.18,29.55,1.5
1,249.5555555555556,2.934910368588236,38.46,28.53,1.47
0,255.84375,5.847627012059094,14.85,4.79,0.38
0,228.3333333333333,1.806772338019477,11.26,8.08,0.47
0,252.61111111111111,4.016980948547525,41.53,24.75,1.52
1,231.8333333333333,2.442244461841053,39.85,26.94,1.53
1,264.015625,3.321488202549517,37.18,30.35,1.46
1,231.29166666666663,2.005717576377922,39.86,26.61,1.53
1,234.109375,1.881084724329412,43.51,25.44,1.44
1,261.47222222222223,2.195029289358192,35.48,30.27,1.48
1,250.390625,3.674142411909997,41.81,24.91,1.5
1,225.703125,2.294352024793625,39.02,27.05,1.52
1,263.31944444444446,3.871488372484843,38.04,26.73,1.51
0,232.1875,3.544873641803861,38.03,26.4,1.51
1,255.3333333333333,3.447663663162126,40.24,27.39,1.51
1,261.296875,3.316094832494855,29.58,31.79,1.45
1,245.265625,1.739308502525091,37.44,28.38,1.53
1,243.88888888888889,2.426460917625162,34.9,28.66,1.49
1,228.0,2.791479693518744,39.25,27.94,1.5
1,255.02777777777777,3.386380770968066,32.98,27.94,1.46
1,245.390625,1.945263863541186,38.28,26.77,1.55
1,246.4305555555556,2.161636482510302,34.98,31.18,1.5
1,226.875,1.873459390364587,38.24,28.36,1.52
0,248.43209876543207,4.867486472483034,0.71,0.38,0.02
1,255.5555555555556,3.255890506837103,37.51,28.1,1.48
1,228.5,1.606135015686353,40.12,26.75,1.52
1,239.09722222222223,1.96059893982278,33.17,30.8,1.49
1,221.421875,1.650165537372231,37.72,23.9,1.51
1,237.609375,2.247093909420073,34.23,27.39,1.49
1,261.95833333333326,2.412488246957461,38.3,29.23,1.5
1,261.0416666666667,4.638237939112718,29.41,33.03,1.45
1,227.671875,1.61851663235575,37.87,29.53,1.51
1,242.921875,3.160818191245198,35.59,29.08,1.52
0,265.1111111111111,2.911995527644952,0.0,0.0,0.0
1,229.375,1.818800335129102,37.28,26.65,1.51
1,232.679012345679,2.019546446976838,40.48,25.43,1.52
1,231.0625,2.101973141543567,39.96,24.93,1.5
1,235.796875,2.429138047620654,38.36,26.51,1.49
1,248.34722222222223,3.864328961405489,34.45,29.22,1.52
0,268.3125,1.413664394058287,32.89,34.78,1.51
0,246.19444444444443,1.618599688841237,0.0,0.0,0.0
1,248.28125,4.277172775939107,35.29,29.6,1.5
0,246.0833333333333,2.714950125250551,0.0,0.0,0.0
1,235.1805555555556,1.589687030348513,37.47,29.03,1.5
1,243.87654320987653,2.130277579949226,37.82,28.82,1.48
1,227.75,1.976405242742118,37.54,26.34,1.53
1,237.40625,2.017235970124602,33.7,29.77,1.5
1,231.4305555555556,2.135141757627328,37.34,25.38,1.52
0,247.88888888888889,2.5754349819488,27.91,20.79,1.2
1,255.328125,4.526022225618362,37.16,29.55,1.5
1,250.375,2.471882565878332,37.77,26.82,1.48
0,243.02777777777777,1.340261805388663,26.15,18.64,1.07
1,225.3055555555556,2.096641331083245,37.97,27.88,1.52
1,253.625,4.32927938302358,36.07,25.02,1.47
1,227.1851851851852,2.185551410104022,37.03,25.59,1.52
1,227.47222222222223,1.838538289070129,36.88,27.04,1.5
1,229.36111111111111,1.404493100113339,36.53,28.56,1.49
0,253.28395061728395,3.27998372728442,0.0,0.0,0.0
1,164.52777777777777,6.240189533967238,33.22,28.77,1.45
1,235.59722222222223,1.962694068749746,39.48,27.39,1.51
1,235.140625,1.765684258192778,39.21,26.86,1.51
1,241.671875,1.962065200321376,36.74,32.14,1.5
1,244.61111111111111,2.428431318865882,36.91,29.25,1.48
1,167.63888888888889,1.556533725261688,38.35,27.85,1.5
1,241.41666666666663,1.972348296807872,36.97,26.11,1.51
1,242.875,1.788475032481882,37.39,28.3,1.54
1,266.8611111111111,2.338211967713303,34.28,30.36,1.5
1,231.16666666666663,1.983495843079355,35.57,28.98,1.51
0,246.40277777777777,3.503608110878202,40.72,24.2,1.5
0,249.09375,5.889767467975616,0.0,0.0,0.0
0,266.2916666666667,2.751733586192131,5.33,4.43,0.23
1,269.046875,2.110564491711557,34.02,30.27,1.5
0,252.94444444444443,3.564616550174025,31.97,25.75,1.45
1,249.47222222222223,1.949907499055068,42.7,25.6,1.5
0,262.9861111111111,4.158454053931766,36.62,28.63,1.52
1,259.19444444444446,3.979388514326678,21.5,15.91,0.78
0,243.609375,3.487546363845468,31.54,22.19,1.26
0,244.04938271604945,2.546054051246172,36.81,28.79,1.53
1,249.5833333333333,1.717126585543156,41.12,26.38,1.51
1,256.640625,4.190065055154264,38.49,21.95,1.42
1,242.453125,2.775414133444428,37.86,25.5,1.56
1,269.15277777777777,2.409999658664068,25.52,35.94,1.49
1,259.171875,4.32554292585701,28.78,32.73,1.45
1,231.56944444444443,2.580293353233072,36.13,26.53,1.53
1,230.671875,1.854386397637427,38.75,27.33,1.53
1,244.9305555555556,4.444607795112663,34.83,31.08,1.48
1,255.40625,3.374912109225988,32.24,31.99,1.47
1,241.609375,2.708986759185791,38.43,30.46,1.5
0,228.01388888888889,1.838366866939598,39.75,27.28,1.5
1,257.70833333333326,4.142008003261356,34.92,28.07,1.47
1,264.38888888888886,2.416171901755863,33.85,33.18,1.52
1,228.8055555555556,1.685221387280358,38.39,26.82,1.5
1,252.734375,2.167966612614691,33.75,29.66,1.47
0,251.8055555555556,3.301905420091417,39.01,26.79,1.47
1,257.9861111111111,3.970433197087712,37.85,28.09,1.47
1,257.109375,3.552550978958607,40.96,27.84,1.52
1,247.2083333333333,3.381034465299712,39.75,26.33,1.53
1,231.875,1.608757259117232,39.75,27.66,1.55
1,256.953125,4.030063655227423,37.58,29.29,1.49
1,229.78125,1.804179308936,37.28,26.98,1.52
1,258.21875,3.902491020970047,34.91,27.92,1.47
1,239.71875,2.301448024809361,36.65,24.98,1.52
0,248.34722222222223,1.52326911356714,0.0,0.0,0.0
0,252.4375,3.193243184126914,39.43,25.78,1.48
1,243.4305555555556,3.72607294552856,38.75,26.97,1.44
1,245.859375,1.867227953858674,37.88,26.6,1.54
1,253.69444444444443,2.951690779791938,37.38,30.57,1.49
1,253.859375,3.39702654350549,40.0,25.28,1.48
1,239.515625,2.414308809675276,37.76,27.28,1.49
1,266.5679012345679,1.712832729021708,33.39,29.97,1.49
1,252.47222222222223,2.240875458551778,35.21,27.61,1.48
1,239.5555555555556,1.498322953780492,40.53,26.32,1.48
1,259.4861111111111,1.832392759621143,38.77,28.62,1.49
1,244.859375,2.768728992901742,35.88,28.99,1.49
1,256.01388888888886,3.959397955073251,30.34,31.22,1.45
1,265.6666666666667,2.370378438797262,31.53,32.2,1.51
0,239.234375,2.462710615247488,37.48,26.99,1.47
1,238.51388888888889,1.950243891941176,37.26,28.42,1.5
0,254.25,4.118809685111046,35.55,25.05,1.48
1,227.0555555555556,1.587060718900628,39.44,25.67,1.51
1,230.94444444444443,2.654897188974751,36.83,26.95,1.51
0,253.5,2.1177117228508,39.62,27.26,1.49
0,244.046875,3.870925886556506,39.79,26.34,1.49
0,233.86111111111111,2.468363229599264,38.97,26.78,1.5
1,250.31944444444443,4.457586482167244,32.36,27.95,1.47
1,250.75,2.093254609964788,34.91,27.15,1.48
1,231.9135802469136,2.022559861342112,39.62,26.98,1.52
1,255.9583333333333,1.242518924176693,40.27,27.25,1.52
0,255.171875,3.8690334437415,0.0,0.0,0.0
1,234.44444444444443,2.486223105295205,39.39,28.35,1.53
1,262.51388888888886,3.09606560650799,34.8,30.25,1.52
1,248.234375,3.091361339204013,32.82,31.55,1.47
1,240.0555555555556,3.103377154303922,0.0,0.0,0.0
1,226.31944444444443,2.395760412845346,39.41,25.79,1.51
1,249.03125,2.327957514673471,39.52,27.67,1.5
1,232.97222222222223,1.921377700236109,38.02,27.52,1.54
1,258.625,4.932301968336106,29.5,30.13,1.45
0,253.27777777777777,4.02726497169998,28.35,32.92,1.45
1,271.4166666666667,2.581257242295477,33.44,31.53,1.51
1,259.22222222222223,2.043432157900599,38.81,28.27,1.48
0,244.5,1.720882467925549,39.19,27.23,1.52
1,255.640625,2.719032884575427,35.84,26.3,1.47
1,258.359375,3.854936718940735,33.22,31.54,1.47
1,256.875,4.225639307871461,34.18,29.17,1.48
1,239.72222222222223,2.588393393490049,41.08,26.03,1.48
1,265.484375,2.815766435116529,31.96,33.09,1.47
0,235.125,1.832421160303056,0.0,0.0,0.0
1,246.12345679012347,2.204262471493379,35.16,27.65,1.47
1,261.09375,3.931272251531482,35.32,30.06,1.47
1,232.52777777777777,2.079580864972538,36.13,28.38,1.5
1,244.31944444444443,2.921544843249851,36.57,26.58,1.47
1,259.0625,3.118478560820222,36.45,31.3,1.53
0,259.68055555555554,3.060015300081836,36.35,34.11,1.49
0,262.43055555555554,3.261761817667219,14.97,16.63,0.76
1,258.796875,2.999576642177999,39.19,28.24,1.46
1,247.8271604938272,4.023672960422658,36.38,29.19,1.5
1,256.08333333333326,3.194336313340399,34.1,26.16,1.46
1,256.51388888888886,2.10914432671335,37.68,31.59,1.51
1,234.5,2.482379842135641,37.24,26.41,1.51
0,248.86111111111111,2.082247177759806,39.11,25.56,1.55
1,265.6111111111111,1.635512852006488,31.58,30.27,1.47
1,241.640625,4.023891691118479,33.03,30.8,1.51
1,253.54166666666663,2.730520037313303,33.65,26.67,1.48
1,241.875,2.004820074472162,37.83,26.49,1.5
1,234.48611111111111,1.768389461768998,39.06,27.38,1.52
1,232.984375,2.028344148769975,44.35,25.63,1.52
0,262.90625,3.146912915632129,32.33,32.26,1.5
1,249.69444444444443,1.542328246765666,33.36,28.64,1.49
1,245.359375,3.067350164987147,42.52,26.24,1.53
1,252.2962962962964,2.644894581518055,31.03,28.15,1.46
1,230.88888888888889,1.641160837478108,39.4,25.17,1.5
1,253.359375,1.968082027509809,41.75,27.22,1.53
1,230.81944444444443,1.803501398199134,39.29,28.26,1.52
1,248.36111111111111,1.843223718305429,39.95,26.03,1.52
1,261.81944444444446,5.188122058080302,42.49,24.5,1.49
1,244.77777777777777,2.215889516803953,37.56,27.09,1.51
1,231.06944444444443,1.968638642794556,37.18,27.22,1.53
1,229.703125,1.208037069067359,36.79,27.5,1.52
1,225.77777777777777,1.460552905812676,35.85,27.36,1.48
1,244.73611111111111,2.223342744840516,42.2,23.93,1.49
1,256.4166666666667,2.614770317243205,36.67,27.53,1.45
0,235.671875,1.897318510338664,8.88,5.44,0.33
1,236.09722222222223,2.074043972624673,45.43,23.75,1.53
1,228.96875,1.517144404351711,37.59,28.34,1.5
1,255.1805555555556,2.254187271826797,34.31,32.56,1.5
1,241.3703703703704,1.795002842390979,38.14,26.19,1.55
1,268.48148148148147,2.072014246457889,32.82,34.22,1.5
1,258.01388888888886,3.597163867619303,34.27,29.08,1.46
1,235.546875,1.774393423460424,39.33,25.18,1.5
1,253.6875,4.949262733571232,33.33,29.06,1.45
1,232.81944444444443,1.876087533103095,38.62,26.58,1.52
1,235.71875,2.097744888626039,36.44,28.35,1.5
1,244.53125,2.281248264946043,34.4,29.93,1.49
0,254.41666666666663,2.870016537606716,0.23,0.18,0.01
1,235.4583333333333,2.312611682547463,38.37,29.49,1.51
1,256.6666666666667,3.555439961453279,31.18,32.1,1.44
1,247.31944444444443,3.994384043746524,37.34,26.94,1.5
1,254.8055555555556,4.149334840476513,35.51,26.83,1.47
0,254.609375,3.294764553196728,37.94,28.74,1.52
1,232.25925925925927,2.282842522785987,38.45,26.79,1.51
1,262.38888888888886,6.989519259168042,35.39,27.43,1.46
1,265.34722222222223,1.759985841810703,26.76,32.89,1.37
1,266.0,2.055871744640172,33.59,32.77,1.5
1,247.40277777777777,1.488474770552582,35.08,27.85,1.49
1,259.84722222222223,3.170715883374214,39.84,28.64,1.47
1,229.16049382716048,1.901279414877479,37.34,27.13,1.52
1,246.890625,2.86052321922034,38.75,28.65,1.5
1,228.6875,1.285537022165954,37.89,26.74,1.53
1,255.25,4.104878299766117,32.63,29.55,1.45
1,265.90625,5.41024886071682,31.66,31.29,1.48
1,247.38888888888889,3.948235470387671,41.74,24.92,1.52
1,236.171875,1.70152617059648,36.85,27.4,1.53
1,261.1666666666667,4.487752375503381,28.88,31.29,1.46
1,254.16666666666663,3.586964399450355,32.68,29.94,1.45
1,239.98611111111111,1.74440803213252,40.82,26.53,1.5
0,247.76543209876544,2.661276751830254,39.73,25.25,1.55
1,229.15277777777777,2.391449186537001,37.7,27.91,1.53
1,259.34722222222223,3.935611483123568,40.47,26.91,1.5
1,255.4305555555556,2.417809286879169,36.59,30.64,1.47
0,252.75,5.3758425331778,39.23,25.53,1.49
1,227.125,1.981724748180972,37.74,27.51,1.52
1,256.0625,3.282638661563396,33.46,29.1,1.48
1,241.2083333333333,2.066648883952035,35.4,30.18,1.49
1,239.06944444444443,2.445167319642173,38.01,25.58,1.51
0,231.56944444444443,1.630544167425897,5.14,3.43,0.21
0,258.625,4.927525233477354,0.0,0.0,0.0
1,229.39506172839504,1.857749369409349,37.99,29.09,1.51
0,238.48611111111111,2.433758100701703,0.0,0.0,0.0
0,257.046875,3.157598121091723,0.0,0.0,0.0
1,259.28125,4.073399573564531,36.77,26.87,1.54
1,259.4861111111111,4.060521686242687,39.24,27.59,1.48
0,258.75,1.63199479960733,40.15,28.66,1.51
1,265.4375,2.045512459240854,36.92,29.22,1.48
1,233.203125,1.98892386816442,38.6,26.98,1.51
1,235.046875,2.664419911801815,37.83,25.3,1.5
1,246.6875,3.390113552100956,38.41,29.5,1.54
0,248.9753086419753,2.967847132388457,0.0,0.0,0.0
0,232.40277777777777,2.412708909147316,42.32,25.81,1.45
1,249.34375,3.190502053126693,39.49,29.61,1.5
1,232.3125,1.964281019754708,38.84,25.53,1.49
1,254.59722222222223,1.745456732809544,34.74,29.17,1.49
1,244.703125,1.808222061023116,38.06,26.65,1.51
1,231.27777777777777,1.599505198498567,38.92,25.09,1.53
0,252.703125,3.724213542416692,39.72,30.61,1.52
0,264.9861111111111,2.449754328363472,36.18,30.27,1.52
1,256.82716049382714,3.451721378314642,32.71,29.9,1.47
1,255.31944444444443,4.058083070649041,36.13,27.28,1.46
0,252.06944444444443,7.359815628164346,1.48,1.08,0.06
1,266.5,2.518213770352304,31.68,32.01,1.49
1,237.203125,2.511688379570842,38.16,26.82,1.47
1,227.140625,2.056850438006222,38.74,27.3,1.51
1,253.06944444444443,4.382848065760401,39.92,29.77,1.52
1,231.38888888888889,2.301822469466262,37.88,27.19,1.53
1,267.203125,2.628565607592463,31.17,30.78,1.5
1,237.28125,7.280559169128538,2.38,1.54,0.08
0,239.734375,1.983458853326738,11.03,9.2,0.47
1,234.34375,1.698414309881628,38.54,25.77,1.49
1,238.01388888888889,2.351082742214203,33.71,27.71,1.49
0,237.046875,3.395153616555035,9.77,7.32,0.41
1,250.125,3.520209814421833,39.11,29.25,1.5
1,254.3333333333333,2.669891047808859,34.36,26.07,1.45
1,237.15625,1.910303318873048,37.08,24.23,1.49
1,227.125,1.403916801325977,36.01,27.53,1.51
1,239.390625,2.554194931872189,34.2,28.27,1.48
1,260.78125,4.169660424813628,29.17,32.17,1.45
0,259.421875,3.237945141270757,38.63,28.97,1.47
1,236.09375,2.774803300388157,36.65,28.12,1.51
0,250.07407407407408,2.322802213974941,39.96,28.3,1.51
1,231.171875,1.693573649972677,37.94,24.9,1.51
1,241.8125,2.768848270177841,35.77,28.24,1.48
1,256.38271604938274,5.665775856854004,29.98,30.74,1.45
0,244.25,3.181971757776207,21.75,13.25,0.78
1,247.453125,2.379782513715327,40.09,29.31,1.5
1,244.91666666666663,2.037976225217184,39.62,27.58,1.52
0,238.09375,2.710338028147817,26.34,16.14,0.93
1,269.5416666666667,2.873271264135838,27.21,32.71,1.49
1,241.875,2.710515134864383,38.71,30.49,1.5
0,233.36111111111111,1.518693579567803,20.75,15.25,0.86
0,253.22222222222223,3.585983576873938,0.0,0.0,0.0
1,232.79166666666663,2.812556890149911,42.94,25.96,1.52
1,233.671875,2.618625379167497,41.38,25.8,1.46
1,235.91666666666663,2.01966275771459,37.24,26.15,1.51
1,242.875,3.805436044000089,35.67,29.24,1.52
1,252.421875,4.460216877982022,35.57,29.93,1.48
0,227.421875,0.595267837867141,7.89,5.3,0.28
1,269.55555555555554,2.617392383515835,33.67,31.06,1.51
1,224.3827160493827,1.342605206701491,38.42,28.49,1.52
1,252.11111111111111,2.558414015505049,37.47,29.37,1.48
1,235.16666666666663,2.542758221427599,40.35,25.17,1.48
1,231.54166666666663,1.700524956815773,37.17,26.12,1.54
1,248.015625,3.233091788366437,36.86,30.19,1.5
0,264.33333333333326,3.505896329879761,28.99,24.73,1.26
1,255.65625,4.345126116648318,33.74,30.39,1.46
1,242.22222222222223,2.25938862727748,35.38,27.33,1.52
1,229.1875,1.297146825119853,39.5,25.64,1.55
1,260.328125,2.124444286338985,40.12,28.49,1.48
1,243.015625,1.696322086267173,37.49,26.42,1.5
0,246.25,2.522667183540761,0.0,0.0,0.0
0,233.15277777777777,2.336656210323175,39.52,25.71,1.5
1,268.625,3.350350478664041,31.27,32.13,1.5
1,243.6805555555556,1.938481157852544,37.61,27.25,1.49
1,265.6875,3.121395924128592,33.08,30.08,1.51
0,258.21875,3.219847251661122,0.0,0.0,0.0
1,251.0555555555556,1.867321690751447,34.82,28.56,1.49
1,264.0625,4.607092434540392,33.36,28.53,1.49
1,236.515625,1.753639242611825,38.11,26.25,1.5
1,254.0,2.696430784650147,36.06,28.77,1.5
1,252.11111111111111,2.803942827530849,37.05,28.84,1.49
1,237.40625,2.218315716832876,36.43,27.46,1.5
1,222.8055555555556,1.537344415982564,17.63,12.41,0.63
1,264.265625,6.028048580512404,43.26,28.68,1.49
1,263.75,2.053539625472493,37.6,29.63,1.52
1,235.25,1.851306134834886,38.2,25.77,1.51
1,237.015625,2.938621371053159,36.06,23.48,1.48
0,244.97222222222223,2.210270843572087,39.63,28.54,1.49
1,251.21875,3.39050945173949,38.82,27.74,1.48
1,236.29166666666663,2.057627624935574,38.34,29.4,1.51
1,253.08641975308643,4.665019072868206,32.17,29.87,1.48
0,233.375,2.023746393620968,38.29,26.09,1.52
0,234.79012345679007,6.546617091437916,28.81,15.61,0.97
1,236.3827160493827,1.892746514744229,38.43,26.54,1.5
1,267.8611111111111,1.800322009457482,33.54,30.97,1.51
1,264.30555555555554,2.778600169552697,36.02,27.92,1.51
1,249.09722222222223,3.134463691876994,38.49,28.81,1.48
1,267.20833333333326,2.666048847966724,32.16,31.73,1.48
1,234.5625,2.139196395874023,40.84,24.88,1.51
1,265.69444444444446,2.06022476653258,38.18,30.92,1.51
1,237.03125,2.036663694307208,38.74,26.11,1.49
1,263.015625,2.19917859043926,38.04,28.49,1.5
1,250.87654320987653,5.035921893002074,38.19,29.49,1.5
1,244.328125,2.730510594323277,38.65,27.92,1.56
1,248.0833333333333,4.774791242347824,40.0,24.1,1.49
1,246.63888888888889,2.931555799312062,34.85,29.95,1.5
1,242.23611111111111,2.888017149435149,37.39,26.61,1.51
1,264.7037037037037,2.34952778433576,35.69,31.13,1.53
1,253.11111111111111,4.741207764380508,36.71,24.76,1.4
0,244.078125,1.768110462464392,25.47,20.95,1.1
1,232.671875,1.856628657318652,39.89,27.11,1.48
1,253.4305555555556,4.56394157310327,29.48,32.45,1.44
1,227.65277777777777,2.179665962855021,36.49,28.38,1.49
1,243.7083333333333,1.469910804596212,37.13,30.0,1.49
1,251.86111111111111,2.283122283716997,35.53,26.75,1.5
1,252.34375,3.722063015215099,37.03,24.48,1.48
0,236.22222222222223,1.463088375826677,39.27,26.45,1.54
1,269.2962962962963,2.355449238677084,32.94,31.37,1.51
1,242.9583333333333,2.018427454762989,38.6,25.95,1.54
1,266.58333333333326,3.375002792312039,34.61,29.91,1.5
1,268.328125,1.516433103941381,33.95,30.28,1.5
1,269.9861111111111,2.519178760548433,30.99,30.36,1.47
1,227.11111111111111,2.585863538914257,40.3,26.03,1.52
1,254.1875,2.711424607783556,37.57,28.37,1.49
1,213.5833333333333,2.872754078419482,40.17,24.05,1.52
1,233.26388888888889,1.894051315883795,37.25,27.95,1.54
1,233.34722222222223,1.516964281598727,38.49,26.04,1.53
1,258.90625,4.883123058825732,39.99,29.02,1.47
1,255.2083333333333,2.162999739249547,39.01,29.66,1.51
0,239.56944444444443,1.894983052379555,30.54,21.36,1.28
1,250.19444444444443,4.556141381462416,36.88,28.48,1.48
1,249.25,3.150448630253474,36.44,28.09,1.53
1,264.20833333333326,2.193695313400692,35.56,29.93,1.51
1,255.5432098765432,1.592262834678462,34.65,28.17,1.5
1,246.84375,4.198625206947327,36.07,27.69,1.49
0,262.8765432098765,4.317664978680788,35.32,30.31,1.47
1,254.859375,2.40838866494596,32.8,28.7,1.46
1,253.421875,2.53897270001471,37.36,28.83,1.49
1,267.71875,2.631027421914041,31.16,30.92,1.48
1,231.8125,2.023353777825832,37.56,27.81,1.53
1,253.22222222222223,2.999468891984887,38.71,25.14,1.47
1,252.5555555555556,3.241253060599168,36.73,28.39,1.48
1,244.91666666666663,2.635467136071788,37.56,26.29,1.5
1,254.0833333333333,1.962522462010384,33.59,32.19,1.48
1,231.2716049382716,2.293728648880382,43.22,25.57,1.52
1,246.4375,2.323555178940296,35.08,27.24,1.49
1,259.5308641975309,1.20835703390616,39.68,29.74,1.48
0,240.02777777777777,1.873427166706986,18.09,13.55,0.75
0,248.59722222222223,2.138997140857908,11.17,8.73,0.48
1,255.78125,4.826348515227438,30.11,32.97,1.46
1,233.08641975308643,2.781007916839034,39.91,26.3,1.55
1,228.50617283950612,1.917487100318626,35.85,25.97,1.56
0,245.5625,2.866989139467478,18.66,13.27,0.71
1,266.40740740740733,2.482954399821199,30.74,36.86,1.48
1,262.38888888888886,3.171889784435431,32.95,31.9,1.48
0,259.59722222222223,4.798720142907566,41.75,29.37,1.49
1,254.59375,3.54813964292407,31.33,31.29,1.46
1,251.49382716049385,3.60343384080463,38.83,26.51,1.47
1,241.06944444444443,3.955078024003241,39.47,26.62,1.45
0,249.59722222222223,3.385530023111238,0.0,0.0,0.0
0,231.5,1.840370458550751,36.76,26.02,1.5
1,230.609375,1.564621015451849,37.49,27.4,1.5
1,242.875,2.492888873649968,38.62,27.74,1.49
1,194.171875,2.243948731016606,40.17,26.1,1.48
1,255.8333333333333,3.298752908077505,33.21,26.82,1.47
0,247.97222222222223,4.132272389199999,26.71,16.78,1.0
1,238.54166666666663,1.973406189017826,36.27,27.95,1.49
1,231.73611111111111,2.419384361141258,39.87,27.07,1.51
1,269.0625,1.90775170084089,26.58,33.49,1.48
1,258.72222222222223,2.838835804826684,37.71,29.28,1.5
1,232.875,2.300791195697255,38.37,25.78,1.49
1,259.953125,2.956052274443209,29.15,32.81,1.45
0,252.54166666666663,2.476555797788832,0.0,0.0,0.0
1,267.0416666666667,2.171545095741749,32.59,30.31,1.49
1,258.546875,1.984115575440228,40.21,28.34,1.52
1,224.59375,1.773917063139379,38.96,27.01,1.52
1,255.703125,2.967064775526524,36.92,30.23,1.46
1,248.66666666666663,3.516364695297347,38.15,28.78,1.52
0,250.15277777777777,1.992301299340195,11.96,7.86,0.45
1,224.24691358024688,1.6665711660444,38.72,27.14,1.5
1,266.9382716049383,1.932053864738088,33.52,29.07,1.5
1,248.640625,3.642611403949559,33.83,29.67,1.53
1,228.859375,1.78546854481101,37.01,26.71,1.52
0,256.6296296296296,2.685383999789203,0.0,0.0,0.0
1,260.359375,2.928393997251987,40.52,26.42,1.49
1,233.79166666666663,1.59084485967954,39.53,24.83,1.51
1,230.17283950617283,1.937599360206981,38.16,26.14,1.51
1,263.953125,4.141067334450782,40.05,26.56,1.55
1,225.86111111111111,1.846832406189707,37.02,25.53,1.51
1,240.27777777777777,2.591197367343637,38.55,26.64,1.53
1,266.296875,2.118237636983395,36.36,29.6,1.48
1,257.6296296296296,3.258635615860974,38.91,29.01,1.5
1,253.90277777777777,3.461471958292855,35.79,26.96,1.47
1,264.08333333333326,2.23266709016429,32.61,30.44,1.49
1,231.359375,1.847853172570467,39.18,27.41,1.51
1,252.72222222222223,2.183155858682261,39.99,28.75,1.47
1,269.02777777777777,2.476420186460018,34.49,32.56,1.51
0,234.02777777777777,1.999935894376702,28.23,20.06,1.19
1,259.6666666666667,4.067137449151941,32.5,29.17,1.46
1,248.46875,1.663019329309464,40.58,28.73,1.51
1,269.421875,2.245263849385083,32.02,30.29,1.48
1,248.703125,2.328529703430831,40.56,27.29,1.51
1,270.1111111111111,1.988002394636472,26.74,32.07,1.48
1,239.296875,2.607761708088219,33.69,31.4,1.49
1,244.09375,1.748657873831689,37.84,29.16,1.5
1,229.4375,2.902138000354171,38.25,28.98,1.51
1,255.11111111111111,2.346522556410895,35.02,28.41,1.5
1,261.95833333333326,3.419815948439969,28.08,34.52,1.5
0,238.77777777777777,1.476094181338946,16.48,12.43,0.68
1,248.828125,3.737799390219152,33.01,31.58,1.47
1,240.796875,2.143535959534347,36.77,25.67,1.5
1,215.0,3.416029069507331,29.01,28.1,1.47
1,260.2916666666667,4.222924352520044,27.79,30.46,1.4
1,242.76388888888889,1.906430611179935,38.46,26.36,1.5
0,256.09375,3.197565632872283,26.39,27.66,1.31
1,260.5,4.914493571966888,38.3,29.98,1.49
0,251.78125,5.544700937345624,57.49,20.77,1.53
1,236.265625,2.402228743769228,36.37,26.82,1.53
1,221.3333333333333,1.714679751959112,38.8,24.21,1.5
1,250.5625,4.201531103812158,33.87,30.47,1.46
0,241.13888888888889,2.977973573737674,38.43,25.84,1.51
1,237.06944444444443,2.44494557297892,39.28,24.95,1.5
1,262.81944444444446,1.700540350543128,36.76,29.14,1.49
1,264.20833333333326,2.780147283441491,34.27,30.43,1.51
1,231.02777777777777,1.698134308887853,36.15,26.96,1.53
1,230.015625,1.798394120298326,36.73,27.78,1.52
0,253.73611111111111,5.211334215270148,5.53,3.17,0.2
1,254.86111111111111,3.304238702687952,33.58,27.82,1.47
1,256.5625,3.078917402774096,35.03,29.08,1.47
1,233.953125,2.569648710079491,39.06,25.88,1.53
1,234.5625,2.473901982419193,36.7,26.56,1.55
1,229.1875,3.26920956838876,38.5,26.94,1.5
1,250.25,2.216121434234083,37.03,26.03,1.51
0,255.1875,3.906548770144582,10.44,7.37,0.4
1,230.51388888888889,1.862160756356186,39.56,26.8,1.55
1,235.6296296296296,1.684467559243426,38.48,25.4,1.52
1,253.734375,2.142489901743829,34.29,29.98,1.49
0,253.828125,4.948346896097064,41.2,27.29,1.55
1,264.0123456790124,1.819512491608843,37.4,31.59,1.49
1,248.23456790123453,2.613304142598753,40.06,25.39,1.52
1,250.796875,2.442254225723445,36.28,27.16,1.49
1,227.8395061728395,2.055224150787165,37.47,27.06,1.5
1,241.140625,1.921933267265558,32.19,20.67,1.16
1,230.88888888888889,1.851177423824499,35.42,29.55,1.52
1,234.828125,2.194415431469679,37.17,27.16,1.5
1,264.94444444444446,2.672378801637226,33.81,32.03,1.54
1,240.2083333333333,1.957743797037337,40.76,26.35,1.52
1,233.984375,1.897646024823189,38.59,25.09,1.5
0,233.09722222222223,1.933176979422569,44.17,26.8,1.48
0,253.484375,4.442639846354723,0.0,0.0,0.0
1,229.15625,1.860125977545977,38.5,28.62,1.51
1,235.359375,1.891808093525469,37.14,27.16,1.52
1,243.375,4.000085120399793,35.54,28.64,1.52
1,229.34722222222223,1.199605118897226,37.13,26.19,1.51
1,237.04166666666663,2.424743532306618,34.61,25.83,1.5
0,251.8125,9.187710337340832,40.52,30.23,1.52
0,236.125,2.14677835162729,39.55,26.35,1.48
1,248.21875,1.811011641286314,39.87,26.17,1.52
0,256.28125,4.606507623568178,29.52,29.12,1.45
1,234.796875,2.247386559844017,44.86,24.58,1.51
1,232.02469135802468,2.099694160031684,39.69,26.84,1.54
1,232.01388888888889,2.141090721719795,37.26,27.0,1.52
1,241.3703703703704,2.556012202192236,35.63,31.04,1.49
1,243.41666666666663,4.118439821733369,6.57,3.65,0.22
1,255.3333333333333,2.242113365803236,34.21,29.2,1.47
1,227.61111111111111,1.706230519546403,39.73,24.55,1.51
1,255.72222222222223,2.636041923529572,35.55,28.03,1.49
0,247.5625,2.264902887865901,38.95,25.26,1.55
0,255.86111111111111,1.856466833088133,33.63,30.1,1.48
1,268.15625,1.802592396736145,31.02,30.28,1.5
0,248.73611111111111,2.997232558826605,0.0,0.0,0.0
0,252.50617283950612,2.442680173450046,0.0,0.0,0.0
1,244.65277777777777,2.254146741496192,38.99,29.03,1.51
1,267.94444444444446,1.762831509941154,31.02,30.72,1.48
1,251.984375,1.99414116051048,35.72,26.94,1.48
0,253.81944444444443,4.346854127115673,0.0,0.0,0.0
1,234.53125,1.827072694897652,40.61,25.22,1.51
1,245.40625,2.300536073744297,40.12,29.1,1.48
0,235.59259259259252,1.776593599790408,1.64,1.25,0.07
1,237.29166666666663,4.405445259478358,35.06,27.9,1.47
0,244.7083333333333,1.567756536934111,38.86,27.77,1.52
0,251.03125,3.318035671487451,37.73,26.44,1.47
0,240.671875,1.873061004094779,35.18,28.71,1.49
1,251.984375,2.081473924219608,35.98,26.42,1.49
1,254.8125,2.149641500785947,34.32,29.46,1.48
1,253.8333333333333,3.680487018492487,34.21,29.09,1.46
1,260.40277777777777,1.67790710594919,39.73,26.49,1.47
1,234.59722222222223,2.282858594424195,37.78,26.25,1.51
0,234.47222222222223,1.73807810081376,46.8,24.06,1.51
1,236.63888888888889,2.535273253917694,38.17,24.83,1.49
1,233.5833333333333,1.949481763773494,38.11,25.34,1.52
0,234.3055555555556,1.794128534694513,40.33,25.33,1.51
1,254.34375,3.730494488030672,34.24,26.72,1.48
1,237.61111111111111,1.799859447611703,36.73,27.81,1.49
1,241.609375,2.162960337474942,37.18,29.03,1.46
1,264.58333333333326,3.096710790362623,32.07,32.75,1.49
1,265.34375,2.077180605381727,37.3,28.4,1.51
1,252.2716049382716,4.893014192581178,40.89,25.5,1.49
1,244.4375,1.468285017646849,38.66,27.71,1.56
1,229.0,2.303329176372952,39.03,26.73,1.53
0,254.078125,4.900112632662058,42.76,23.98,1.54
1,243.51388888888889,2.735899791121483,38.67,26.02,1.57
1,254.66666666666663,3.10487807293733,39.57,26.86,1.48
1,256.234375,5.720308373682202,34.06,28.27,1.46
1,252.11111111111111,3.70366022321913,41.53,26.14,1.48
1,263.265625,4.001273727044463,36.47,30.72,1.52
1,259.625,4.271722262104352,39.2,26.59,1.49
1,255.296875,5.08704319037497,37.87,31.76,1.51
1,245.90277777777777,2.718489350544082,38.04,26.32,1.5
1,229.25,2.434806018136442,38.33,28.03,1.5
1,230.640625,1.858778947964311,38.93,25.73,1.51
1,260.796875,2.329774558544159,39.62,26.62,1.47
1,235.04938271604945,2.04689320590761,37.17,26.93,1.53
0,231.94444444444443,1.339800843762027,37.98,24.19,1.52
1,239.046875,2.626905363984406,36.64,29.22,1.49
1,264.6111111111111,2.204188550511996,39.36,28.58,1.49
1,242.9375,2.402338759973645,34.89,30.44,1.52
1,253.88888888888889,1.477453298038907,33.74,29.61,1.47
1,249.1805555555556,2.724583336048656,34.97,30.4,1.51
1,237.15625,1.367439842782915,37.74,28.32,1.48
1,239.09375,1.890001835301518,35.25,28.59,1.49
1,250.96875,3.415264871902764,34.57,27.04,1.47
1,234.96875,1.847098883241415,39.44,25.48,1.52
1,235.29166666666663,3.127629701462057,40.44,26.55,1.48
1,247.71604938271605,2.829996286351004,39.15,28.86,1.52
1,250.73611111111111,2.137256075938543,38.96,29.25,1.5
1,236.9305555555556,1.44525416692098,38.32,28.3,1.5
1,237.921875,2.438525680452585,35.36,30.81,1.5
1,254.0987654320988,3.425067214318264,34.77,27.47,1.47
0,249.484375,4.332277534529567,32.87,30.92,1.47
1,260.671875,5.383663039654494,40.99,29.73,1.48
0,239.375,4.351403096690774,44.01,25.54,1.52
1,250.23611111111111,3.413152730299367,32.09,28.28,1.47
1,233.75,2.427356896301111,41.27,24.31,1.51
1,259.875,2.141781866550446,38.72,28.54,1.49
1,255.81944444444443,3.405236098501417,32.23,29.27,1.45
1,239.3125,2.488758703693748,36.75,28.99,1.5
1,244.51388888888889,2.10832321892182,37.55,29.03,1.49
0,235.875,2.084819455941518,49.2,22.52,1.51
1,256.96875,2.436814123764634,40.49,28.59,1.51
1,235.69135802469137,1.717203738512816,37.12,25.73,1.53
0,240.04166666666663,4.080137900180288,23.55,7.81,0.64
1,235.25,2.001207037828863,37.08,25.19,1.55
1,232.03125,2.904299533925951,37.69,29.26,1.52
1,241.61111111111111,2.282404281198978,38.38,26.51,1.55
0,252.52777777777777,3.824123630921046,23.47,13.92,0.88
0,247.140625,1.994042224250734,40.95,25.61,1.51
1,228.9135802469136,1.948186225361294,38.07,27.48,1.52
0,244.40625,1.423757907934487,23.34,17.25,0.95
0,250.5625,6.841360211372376,39.67,27.97,1.54
0,260.859375,4.896438902243972,38.41,28.87,1.49
1,258.40625,2.947672012262046,38.72,27.28,1.5
1,236.921875,1.985407250002027,37.21,27.78,1.47
1,226.140625,2.60668651945889,20.54,14.59,0.77
1,229.91666666666663,2.188510504861673,36.91,26.9,1.53
1,242.76543209876544,2.629066723364371,37.91,26.56,1.51
0,237.546875,1.954161576926708,32.7,19.69,1.2
1,235.13888888888889,2.179910469386312,37.72,25.83,1.5
1,265.265625,1.82736930437386,31.09,34.69,1.49
1,255.90625,2.095199204050004,35.62,34.33,1.49
1,245.54166666666663,3.628829747438431,37.48,26.43,1.5
1,270.51388888888886,2.406781403554811,33.5,30.7,1.51
1,177.04166666666663,2.755981165170669,27.29,35.54,1.5
1,242.0555555555556,3.060532338089413,36.57,28.42,1.51
1,227.625,1.743161643855274,39.11,25.99,1.52
0,253.03125,3.198958206921816,41.22,25.08,1.51
1,253.51388888888889,2.680614792638355,33.63,29.65,1.48
1,231.01388888888889,2.420668669044971,40.14,25.7,1.51
1,250.4074074074074,4.50884415117311,39.81,30.26,1.52
1,260.77777777777777,4.124828754199876,37.02,27.98,1.47
1,241.046875,3.017088324762881,36.56,28.46,1.51
1,271.6875,3.140372082591057,33.94,29.73,1.51
1,262.0,5.053185370233324,34.49,27.48,1.48
0,241.359375,1.941206007264555,37.77,26.42,1.49
1,266.375,2.977621000260115,34.89,32.07,1.52
1,224.53125,1.637278084643185,38.49,25.93,1.52
1,241.41666666666663,2.641540062924226,34.98,29.95,1.47
1,232.796875,1.744294317439198,38.22,26.51,1.51
1,256.69444444444446,3.987011490596665,39.27,26.03,1.49
1,241.8125,3.963209411129355,35.78,30.07,1.5
1,238.34375,2.173089795745909,37.95,26.15,1.53
1,231.44444444444443,1.376134631074505,38.78,26.15,1.51
1,229.7083333333333,2.291005049314764,38.02,26.33,1.53
1,229.6805555555556,2.09574348727862,37.62,26.94,1.53
1,233.296875,3.462895933538675,34.58,25.14,1.38
1,250.31944444444443,2.852552180488904,36.25,27.9,1.47
1,263.484375,4.068709494546056,35.21,30.2,1.47
1,237.48611111111111,2.466558933258057,34.98,27.89,1.47
1,230.7530864197531,1.512541439062283,38.39,27.13,1.51
1,249.921875,4.111815068870783,40.5,25.44,1.52
0,234.0123456790124,8.313782296062987,10.3,6.53,0.39
1,243.50617283950612,3.348814647874714,34.81,29.73,1.51
1,245.625,2.438919968075222,37.3,30.04,1.49
1,244.25,2.50483463704586,35.53,28.68,1.49
0,251.0,3.391001869406965,39.49,27.64,1.5
1,228.30864197530863,2.336403507509349,38.15,26.9,1.53
1,229.96875,1.918972936458886,38.25,26.54,1.53
1,229.265625,1.128100167028606,37.66,26.91,1.53
1,238.5,2.26123138020436,37.69,27.79,1.51
0,247.98611111111111,2.524937049382263,20.05,11.57,0.74
1,243.609375,2.226266516372561,37.02,28.22,1.51
1,244.48611111111111,2.098579737047354,35.72,28.51,1.5
1,231.21875,1.496354666538537,36.55,26.7,1.52
1,248.94444444444443,2.581635551320182,35.53,25.81,1.5
1,252.81944444444443,1.879583439893193,35.74,26.35,1.49
0,234.421875,1.475503329187632,1.03,0.65,0.04
1,229.84375,2.487917896360159,38.61,26.21,1.53
1,252.78125,3.52814656868577,41.53,25.95,1.52
0,241.84722222222223,2.294426484240426,38.94,26.52,1.55
1,223.66666666666663,1.451143865784009,38.57,26.54,1.51
1,244.03703703703704,2.454549545123253,38.86,27.43,1.5
1,239.52777777777777,2.157081063422892,38.31,25.75,1.49
1,253.203125,2.420685888268054,36.63,29.94,1.48
0,105.265625,2.376457729760338,37.63,26.4,1.51
1,261.44444444444446,2.16783207654953,35.33,29.38,1.48
0,255.78125,5.286239694803954,31.47,17.78,1.14
1,242.5625,2.372846483252943,38.61,27.22,1.52
0,247.06944444444443,3.780390052331819,41.34,26.66,1.49
1,256.26388888888886,6.012148587240114,31.53,31.54,1.46
1,256.1111111111111,4.813035879698066,27.77,32.68,1.44
1,239.75,2.058319704607129,38.23,27.57,1.49
1,261.97222222222223,2.340445335540506,39.09,30.6,1.52
1,246.6805555555556,2.147461680902375,36.29,29.62,1.5
1,233.5,1.780817545122571,38.07,26.31,1.49
1,247.01388888888889,3.931960968507661,39.79,27.74,1.52
1,252.1875,2.13048798032105,37.31,25.91,1.47
1,237.4305555555556,1.723421970175372,37.67,27.36,1.5
1,255.27777777777777,3.727749960290061,30.63,30.97,1.46
1,249.34722222222223,1.955645557906893,38.0,25.41,1.5
1,255.63888888888889,1.894074801769521,39.63,28.99,1.52
1,248.38888888888889,2.298425996469127,35.01,28.48,1.5
1,245.6543209876544,2.533187244409396,37.02,29.26,1.52
0,242.640625,2.695981684140861,1.6,1.01,0.06
1,233.09722222222223,2.327986501985126,41.47,25.14,1.5
1,232.97222222222223,1.694422158102195,40.15,25.44,1.52
1,230.40277777777777,1.836349402864774,37.7,27.99,1.51
0,244.75,5.635488089174032,0.0,0.0,0.0
1,266.27777777777777,2.326153905855285,36.24,30.02,1.51
1,259.4375,2.752621970139444,40.87,28.53,1.51
1,257.328125,3.879458910785615,35.93,28.11,1.47
1,251.1875,4.450316638685763,39.48,29.72,1.5
1,250.01388888888889,2.881018793417348,36.35,27.02,1.49
1,234.79166666666663,2.168305377165476,38.34,25.41,1.53
1,260.203125,2.306354737840593,37.08,28.89,1.44
1,261.01388888888886,2.642451631526152,39.03,28.54,1.47
1,246.40625,2.68804328981787,38.56,25.72,1.54
1,265.28125,1.920695218257606,32.95,31.36,1.43
0,242.7083333333333,1.711209039721224,21.88,13.92,0.83
1,240.21875,1.572078279219568,36.62,25.9,1.51
0,265.234375,4.701379482634366,24.09,20.24,1.04
1,241.984375,2.242769718170166,38.4,26.75,1.52
1,239.5,1.653650376945734,39.8,27.03,1.5
1,249.47222222222223,3.362950703336133,37.73,25.63,1.52
1,261.1111111111111,3.701282648392666,39.03,25.01,1.49
0,237.625,2.341710467305449,38.37,26.01,1.54
1,252.98765432098764,3.252261208163367,36.29,24.75,1.48
1,245.3055555555556,3.301939155492517,36.54,28.71,1.5
1,255.203125,1.246047388762236,34.44,29.23,1.47
1,234.828125,1.421179288066924,40.8,25.4,1.49
1,251.625,3.122866000980139,38.27,29.59,1.49
1,239.609375,4.258547612465918,43.28,25.08,1.51
1,260.015625,4.384344660677016,29.51,32.01,1.46
1,231.22222222222223,2.471038507090674,38.33,26.95,1.49
0,244.96875,4.154492011293769,0.0,0.0,0.0
1,254.44444444444443,2.206553243928485,36.45,26.99,1.48
0,264.1666666666667,2.432424094114038,0.0,0.0,0.0
1,172.3125,3.194068538176047,29.76,29.29,1.47
1,241.78125,2.18872004467994,38.13,27.1,1.49
1,229.6875,1.738480825908482,37.03,26.69,1.52
1,242.66666666666663,2.216587079895867,38.27,25.63,1.55
1,258.88888888888886,4.03235865448728,34.83,28.53,1.48
1,261.48148148148147,5.039213625001318,29.28,31.87,1.46
1,229.9583333333333,1.712600150869952,37.23,26.92,1.52
1,260.5,2.880130327410168,35.36,29.75,1.53
1,268.1666666666667,3.213403948479229,30.39,32.06,1.48
1,236.16666666666663,1.890433067248927,40.99,24.77,1.49
1,257.46875,4.422156302258373,34.25,28.52,1.45
0,255.15625,2.018995387479663,38.04,32.03,1.49
1,229.96875,1.923475983552635,39.2,26.47,1.54
0,255.984375,3.894765960052609,0.0,0.0,0.0
0,254.609375,6.557638335041702,40.15,29.13,1.52
1,242.0,1.634430205449462,38.51,26.88,1.53
1,244.203125,2.316227975301445,36.35,28.01,1.46
0,252.4375,4.471669843420387,36.46,28.29,1.48
0,272.4375,2.96647612284869,32.29,35.05,1.49
0,213.421875,2.938934297788711,31.67,20.51,1.15
1,230.94444444444443,2.141491801374488,39.13,27.11,1.53
1,233.25925925925927,2.186985779691625,39.64,26.53,1.5
1,229.640625,2.422054099850357,37.95,29.01,1.5
1,256.921875,4.461431616917255,34.79,27.54,1.46
0,255.4074074074074,4.400976267125872,37.0,25.02,1.47
1,246.5625,1.962430104613304,34.13,27.67,1.51
1,255.0,5.477797514759004,31.37,32.96,1.47
1,267.328125,2.255619888193905,34.22,30.69,1.51
1,249.51851851851848,2.061943848191956,37.65,26.41,1.48
1,262.171875,3.356347611173987,38.26,28.97,1.52
0,260.609375,2.576158136129379,0.0,0.0,0.0
1,266.51388888888886,3.530192465417915,36.29,31.29,1.48
1,249.078125,2.085004022344947,38.52,27.04,1.5
1,266.53125,1.648155861534178,30.37,28.07,1.32
0,228.27777777777777,2.395892642438412,40.42,26.74,1.46
1,251.34375,5.96371365711093,38.24,28.32,1.48
0,252.859375,2.146449528634548,38.17,32.37,1.49
0,242.046875,2.582922320812941,14.99,10.14,0.56
1,249.1851851851852,2.461625779116595,40.19,27.84,1.52
0,251.13580246913577,3.769181356017972,0.0,0.0,0.0
0,251.0987654320988,4.750633695979178,0.0,0.0,0.0
1,260.46875,3.265679472126067,39.85,27.17,1.5
1,252.203125,2.615741075947881,30.35,30.68,1.45
1,243.02777777777777,1.912906739446852,37.73,29.93,1.48
1,255.0625,2.613219165243208,33.35,33.46,1.5
1,226.484375,1.883384566754103,37.91,26.17,1.54
0,254.125,3.402341117461523,32.97,22.4,1.26
1,224.40625,1.46787925530225,39.33,28.77,1.52
1,246.203125,2.794207322411239,40.03,25.5,1.51
1,245.61111111111111,3.347116324636671,35.7,29.2,1.53
0,233.24691358024688,1.579900319193616,26.68,17.07,1.0
1,254.0,3.192835980819331,36.72,29.21,1.47
1,234.34722222222223,2.452375315957599,37.43,26.51,1.54
1,254.4305555555556,1.810485205716557,33.12,29.66,1.48
1,238.40277777777777,4.252978236311012,41.61,26.47,1.46
1,253.515625,3.373609462752938,35.61,24.73,1.44
1,226.21875,1.596841469407082,38.61,27.79,1.51
1,238.90277777777777,3.301810375518269,37.13,26.29,1.51
0,249.484375,3.816974056884646,35.34,27.37,1.49
0,234.81944444444443,1.432282869186666,39.18,25.79,1.5
1,254.234375,4.22654137481004,36.95,24.99,1.47
1,240.09722222222223,2.52335906194316,36.42,28.19,1.53
1,255.890625,2.450159750878811,36.86,28.47,1.5
1,234.875,2.382103613577783,38.01,26.94,1.52
1,246.546875,1.714308244176209,36.78,26.71,1.5
1,236.97222222222223,2.087340171966288,15.21,9.02,0.55
1,255.38888888888889,2.730920687317848,37.59,31.21,1.47
1,235.0123456790124,1.779600726233588,35.21,26.37,1.49
0,248.78125,2.340414657257497,0.0,0.0,0.0
0,270.046875,3.260591223835945,36.09,31.1,1.49
1,253.9305555555556,4.324851849012905,34.62,29.25,1.47
1,243.94444444444443,2.341625851061609,39.57,28.4,1.5
1,224.34375,1.37614341173321,39.8,25.86,1.52
1,237.375,2.430754290893674,40.4,24.34,1.49
1,232.5625,1.83595116995275,36.51,28.56,1.51
1,238.125,1.986565509811044,34.46,30.48,1.5
0,241.84722222222223,3.169420141312811,30.38,20.43,1.24
1,232.04166666666663,2.106429191099273,39.03,25.66,1.55
1,261.43055555555554,5.06997664190001,33.76,29.28,1.47
1,243.390625,2.466111123561859,37.1,27.58,1.49
1,254.296875,1.637176174670458,35.58,28.58,1.47
0,242.65277777777777,2.710130395160781,28.25,19.57,1.16
1,255.93827160493828,1.94773597776154,34.66,27.7,1.48
1,259.859375,5.15462689474225,31.93,31.12,1.46
0,260.33333333333326,2.855223685503006,0.0,0.0,0.0
0,236.328125,1.615264267660677,35.77,24.66,1.48
1,228.859375,1.954990199767053,36.9,25.46,1.52
1,255.52777777777777,3.280253645446566,33.95,27.93,1.47
1,261.5416666666667,3.409558377332158,28.5,21.14,1.09
1,229.609375,1.992150790989399,39.32,26.11,1.52
0,242.140625,1.869359508156776,40.65,27.76,1.49
1,231.5,2.177651509642601,39.53,25.65,1.56
1,246.8395061728395,2.2705503312158,37.86,31.72,1.49
1,228.921875,2.299320304766297,30.21,21.6,1.22
1,242.56944444444443,4.18515730318096,38.04,25.51,1.53
0,240.97222222222223,2.883541281024615,39.12,26.28,1.5
1,253.0,3.697798098311012,32.03,25.56,1.44
1,235.94444444444443,2.462048247456551,37.64,25.24,1.54
0,250.0,3.77945947740227,8.39,3.03,0.23
1,228.34722222222223,2.432657087842623,37.28,29.58,1.51
1,241.72222222222223,2.476802006363869,36.61,25.54,1.53
1,243.765625,4.339690772816539,33.54,29.93,1.5
1,229.5833333333333,1.837467494938109,39.89,26.53,1.54
1,267.46875,2.311436338350177,33.29,29.99,1.51
1,229.109375,2.104127486236393,37.99,25.94,1.49
0,251.890625,3.133303048089147,0.0,0.0,0.0
1,241.71875,3.092102681286633,38.23,25.69,1.54
1,253.71875,1.483706896193326,33.71,30.35,1.49
0,243.96296296296296,2.094977471563551,37.98,29.05,1.53
1,233.125,2.049874520860612,37.99,25.9,1.55
1,223.27777777777777,1.960157453185982,37.54,28.02,1.52
1,256.0,4.662108022719622,39.84,29.47,1.51
1,256.5625,4.117420368827881,32.49,31.06,1.46
1,258.06944444444446,5.361562487151888,27.49,32.38,1.44
1,239.8055555555556,1.8502817708585,36.53,29.29,1.49
1,268.1875,1.51473718136549,37.29,32.23,1.51
0,239.0555555555556,2.582395246459378,40.57,25.67,1.49
1,242.421875,2.904779353179038,37.8,27.41,1.49
1,260.28125,3.0743158608675,35.7,30.54,1.49
0,246.76388888888889,3.013854169183307,39.06,24.85,1.53
1,261.34375,4.326687224209309,33.87,30.0,1.48
1,245.27777777777777,3.345569369693597,36.06,28.18,1.52
1,267.1666666666667,1.923525455097358,24.59,36.82,1.48
1,246.97222222222223,1.357690994110372,43.18,24.73,1.53
1,251.22222222222223,2.774188274218712,34.69,27.52,1.5
0,252.52777777777777,3.094272474447886,0.0,0.0,0.0
1,236.04166666666663,1.948407359421253,37.77,27.51,1.53
1,264.02777777777777,2.064666105641259,33.5,30.93,1.5
1,253.375,1.707741186022758,38.13,29.14,1.49
1,257.75,3.225179760716856,39.31,28.41,1.52
1,263.1604938271605,2.360698544684752,32.94,31.28,1.48
1,234.8271604938272,1.649978407371191,37.42,25.32,1.5
1,229.04166666666663,1.792896495097213,37.47,25.73,1.55
0,255.5,3.351802830584347,26.78,17.34,1.02
1,256.296875,2.740577784366906,33.65,28.59,1.45
0,264.43055555555554,1.978101530836688,34.2,29.47,1.51
1,231.66666666666663,1.890661305851407,40.07,25.06,1.5
1,241.27777777777777,2.879746990071403,40.78,25.58,1.5
1,249.0,2.83375012781471,38.57,26.46,1.55
1,229.1875,1.701737368479371,37.21,26.15,1.49
1,263.90625,2.641806024126709,33.4,29.69,1.49
1,248.84375,4.290678232908249,37.95,27.41,1.48
1,229.25,1.393815843595399,37.64,29.55,1.5
1,224.48611111111111,1.476754884752962,39.08,28.53,1.51
0,235.40277777777777,1.415288237233957,22.3,14.98,0.87
1,227.94444444444443,1.546116202241845,40.32,26.66,1.52
1,249.40277777777777,2.927653326756424,35.81,27.21,1.53
1,263.03125,2.154176647774875,33.85,30.72,1.51
1,249.3125,1.918412519618869,39.25,29.55,1.5
1,215.22222222222223,3.326995978572152,33.87,30.43,1.47
1,231.3333333333333,2.129310947325495,37.99,26.29,1.49
1,247.4691358024692,2.305996649795108,19.76,14.87,0.82
0,239.890625,2.860642582178116,0.0,0.0,0.0
0,238.40625,3.075385540723801,46.59,23.67,1.53
0,254.15625,4.494477936066687,44.18,23.23,1.53
1,256.875,4.413833083584905,31.77,31.6,1.44
1,256.0,4.331776395256137,39.88,29.2,1.5
1,263.1111111111111,1.978182128734059,28.9,32.82,1.5
1,263.6111111111111,5.78721510950062,32.39,30.77,1.49
1,237.25,2.584212721325457,35.78,26.13,1.48
1,258.1481481481481,2.031444323651585,38.22,26.6,1.48
1,251.125,4.737579969068368,37.51,28.08,1.5
0,261.390625,3.873273068107665,34.36,23.57,1.27
0,268.578125,3.295508555136621,33.11,32.24,1.5
1,237.625,2.300205950625241,39.35,25.93,1.54
1,231.375,2.303353525698185,37.45,26.45,1.54
0,256.81944444444446,3.705404633449183,37.98,30.91,1.51
1,227.859375,1.570824027992785,39.85,27.26,1.52
1,237.25,1.613524274479958,39.94,28.0,1.48
1,239.358024691358,2.241854321073603,34.86,30.52,1.49
1,262.06944444444446,2.382618290682634,36.5,27.0,1.47
1,261.47222222222223,3.701375643412272,38.27,29.84,1.49
1,227.203125,2.193691814318299,36.82,27.08,1.52
0,237.609375,1.56518141771185,35.63,25.44,1.5
1,268.09722222222223,2.049728831483258,36.08,32.24,1.49
0,242.59375,2.770346803590655,39.98,27.49,1.53
1,239.078125,1.913484045304358,38.76,26.64,1.56
0,241.3125,2.739383030682802,0.0,0.0,0.0
0,252.46875,2.087885905057192,0.0,0.0,0.0
1,232.9305555555556,1.18296260221137,39.89,24.14,1.5
0,123.25,2.935520542164644,10.4,6.89,0.38
0,249.578125,3.251345483586192,36.33,29.55,1.48
1,234.78125,1.638351682573557,38.17,25.66,1.52
1,245.875,2.984768631557623,40.72,28.87,1.48
1,232.640625,1.840831215493381,38.75,26.53,1.51
1,265.56944444444446,2.244914419949055,33.22,36.99,1.5
1,237.9375,1.868381611071527,34.27,30.9,1.49
1,233.23611111111111,2.211790276070436,37.86,26.47,1.51
1,243.81944444444443,3.553490324980683,37.68,26.08,1.53
1,250.8125,2.338861930184066,34.44,27.65,1.47
0,250.90625,5.682692728936672,0.0,0.0,0.0
1,249.5,2.571794191996256,41.37,28.65,1.51
1,259.9259259259259,3.302982109564322,32.36,30.45,1.46
0,259.38888888888886,3.467090869943301,40.8,27.42,1.52
1,247.078125,5.89438332617283,34.31,28.81,1.53
1,255.765625,3.579854962415993,36.59,29.72,1.46
1,258.265625,3.966107023879886,32.61,27.42,1.46
1,226.04938271604945,1.301322887709111,37.02,25.45,1.5
1,231.40625,1.444246716797352,36.97,26.89,1.5
1,236.8125,1.694397444836795,37.21,26.97,1.5
1,237.03125,2.162540277466178,34.7,29.19,1.51
1,269.7916666666667,2.537616159352991,31.4,30.57,1.51
1,255.25,1.74470316618681,34.61,29.04,1.49
0,253.21875,3.885507504455745,2.73,1.01,0.07
1,232.5,1.749665168114007,37.65,25.88,1.5
1,232.11111111111111,1.569477770891454,39.28,25.14,1.5
1,234.578125,2.869243863970041,40.83,24.98,1.51
0,241.19444444444443,1.960304263565275,0.0,0.0,0.0
1,267.875,2.181065951474011,30.9,30.41,1.5
1,228.109375,2.694601414725184,37.19,26.98,1.53
1,235.41666666666663,2.129505128496223,36.25,27.93,1.5
0,262.9259259259259,3.942807036417502,36.16,29.75,1.53
1,267.125,1.906067346533139,33.09,33.46,1.51
1,256.8611111111111,4.638028370009528,39.55,29.15,1.51
1,233.49382716049385,2.146239087905413,43.91,24.92,1.5
1,236.4305555555556,2.050634481012821,37.81,26.33,1.5
0,263.46875,2.225403537973762,29.75,32.96,1.51
1,254.4583333333333,2.4094780517949,33.22,31.84,1.47
1,248.15277777777777,3.619436687893338,32.81,32.14,1.49
1,257.046875,4.246027582325042,40.92,28.15,1.54
1,264.0,2.462820360230075,31.06,30.17,1.48
1,243.8125,2.58081008028239,35.94,31.33,1.49
1,246.6805555555556,4.334746598369545,37.89,28.01,1.52
1,259.34722222222223,4.943329550325872,41.36,27.03,1.5
0,244.6875,2.452508464455605,41.02,26.98,1.52
0,243.65625,2.165577553212643,13.46,10.04,0.56
0,255.81944444444443,4.148969632883867,40.72,28.75,1.52
1,264.69444444444446,2.262555994093418,35.04,30.3,1.51
1,228.828125,2.104263264685869,38.13,27.77,1.53
1,247.015625,2.388165560550988,38.94,29.43,1.52
1,261.828125,2.726585492491722,36.9,29.0,1.49
1,264.20833333333326,2.304221342007319,33.58,31.02,1.49
1,244.875,2.522931017912924,39.87,27.26,1.53
1,233.7083333333333,1.938999738130305,38.75,26.41,1.51
1,234.5,2.605482888718446,36.03,29.0,1.52
0,265.4375,2.013873092830181,37.13,30.23,1.48
0,250.015625,3.518430429510772,1.14,0.6,0.04
1,249.6875,2.760703017935157,36.14,26.26,1.47
1,238.453125,1.738096256740391,40.52,26.63,1.55
1,240.453125,1.917979299090803,45.54,24.84,1.51
1,235.2083333333333,2.673692101405726,37.34,26.17,1.54
1,229.9583333333333,1.528476681146357,37.54,27.86,1.52
1,252.75,2.168407816439867,34.01,28.72,1.47
1,248.34722222222223,4.149328274859325,39.33,28.64,1.54
1,185.20987654320996,1.296300644591703,39.7,25.96,1.52
1,239.421875,2.771663717925549,34.83,30.44,1.48
1,231.79166666666663,1.588001879553,38.48,26.85,1.49
1,264.609375,5.362769183702768,31.75,29.83,1.48
1,269.13888888888886,2.58296231014861,32.28,31.88,1.5
1,250.9135802469136,3.522381779588299,37.01,27.68,1.49
1,243.91666666666663,2.116192784574297,37.97,26.38,1.51
1,230.73611111111111,2.868681397702959,38.79,25.92,1.52
1,240.40625,1.954420230351388,39.55,28.23,1.49
1,266.6875,1.732961030676961,30.91,30.89,1.49
1,222.171875,1.679442567750812,38.0,27.41,1.5
0,248.86111111111111,2.713395890262392,19.52,10.19,0.71
1,270.21875,2.99142923951149,35.5,32.29,1.5
1,224.51388888888889,1.895165560146173,38.07,25.14,1.51
1,244.31944444444443,1.759671815567546,38.54,28.91,1.52
0,267.234375,2.402010147459805,6.94,7.16,0.35
1,232.4375,1.883669110946357,37.06,27.74,1.52
0,241.47222222222223,5.278057331840198,47.99,23.63,1.5
1,236.48611111111111,2.158179688784811,34.38,26.76,1.48
1,256.4166666666667,4.069540870686372,37.78,26.4,1.51
1,237.296875,1.757897422648966,36.12,24.43,1.48
1,233.86111111111111,2.003436802162065,47.11,23.32,1.52
1,258.40740740740733,3.541944431669918,33.15,29.38,1.46
1,225.98611111111111,1.62921988301807,21.0,14.47,0.78
1,234.578125,2.391858673654497,40.85,25.13,1.52
1,267.03125,1.621202765032649,28.52,33.03,1.48
1,242.515625,2.124432326294482,37.79,29.92,1.5
1,236.36111111111111,2.263100981712341,42.06,26.98,1.5
1,242.734375,2.754124701023102,33.33,31.43,1.52
1,250.84722222222223,3.482985604968336,36.24,29.38,1.46
1,259.2916666666667,2.258122372130553,37.88,29.12,1.49
1,252.3333333333333,3.604907488657369,30.13,31.82,1.45
1,264.859375,2.448607756756246,35.27,30.6,1.48
1,233.1875,2.166735000908375,38.77,26.48,1.51
1,234.48611111111111,2.81019785006841,40.31,25.34,1.5
1,227.875,1.523021086119115,38.47,27.06,1.5
1,238.671875,1.680981751531363,39.8,27.05,1.51
1,238.109375,2.660989315249026,35.45,26.31,1.49
0,266.609375,2.963066495023668,34.82,30.11,1.49
1,237.95061728395052,2.421261209028739,38.46,23.95,1.5
1,245.609375,2.504847234115005,34.83,28.96,1.52
0,253.5,2.826637456193566,0.0,0.0,0.0
0,257.01388888888886,2.626264481080903,0.2,0.14,0.01
0,241.51388888888889,2.857256397604942,10.15,5.62,0.33
1,257.0625,3.886530201882124,32.2,29.06,1.45
1,236.40625,1.481437508016825,36.31,29.59,1.5
1,243.078125,2.061446568928659,39.15,25.44,1.5
1,236.21875,2.392005402594805,34.27,26.56,1.49
1,237.78125,2.062135679647326,38.59,28.21,1.5
1,260.28125,4.165090996772051,38.98,28.08,1.5
1,258.53125,3.408789904788136,40.75,27.74,1.52
0,232.40277777777777,2.007720010975997,14.3,11.4,0.62
1,259.12345679012344,4.281783177528852,39.71,28.46,1.54
0,239.4305555555556,3.819457660118739,42.43,24.75,1.45
0,235.0,1.449112808331847,15.63,10.44,0.61
1,237.04166666666663,2.193326209154394,37.65,29.42,1.5
1,242.3333333333333,4.058338993125492,35.36,28.31,1.52
1,246.671875,3.594756280072033,35.96,27.24,1.52
1,254.5833333333333,4.018800747891267,32.55,30.06,1.48
1,262.375,3.573282762430608,39.58,29.38,1.52
1,253.29166666666663,2.074351536730925,39.47,31.43,1.49
1,229.54166666666663,1.957702743510405,39.58,25.53,1.52
1,251.609375,3.600936448201537,37.13,29.3,1.49
1,251.734375,2.838598581962287,36.46,27.57,1.47
1,255.046875,1.496376133523881,34.02,32.71,1.49
1,228.734375,1.36676297429949,39.22,25.77,1.53
1,232.8055555555556,1.390033740136358,37.23,27.01,1.5
1,234.59375,2.555458444170654,37.45,26.64,1.55
1,264.578125,2.127083999104798,31.56,30.63,1.49
1,230.90277777777777,1.896398949126403,37.43,27.62,1.5
1,232.421875,2.225959018804133,37.55,26.48,1.53
1,242.11111111111111,2.135474951730834,36.59,30.86,1.51
1,241.046875,3.761002625338733,35.68,29.07,1.51
1,233.24691358024688,2.196126491199305,37.37,26.35,1.55
1,241.44444444444443,1.944789052009583,37.42,26.05,1.5
1,238.625,1.618087791837752,38.74,27.11,1.54
1,252.02777777777777,5.781361719800366,40.12,28.46,1.52
1,256.25,1.896468206308782,33.56,33.22,1.49
0,239.77777777777777,7.522015278538068,18.49,11.5,0.66
1,266.30555555555554,2.120735372106234,28.28,36.08,1.49
1,231.29166666666663,1.733702702654733,37.81,25.55,1.5
1,261.5625,2.307810044847429,37.79,30.9,1.48
0,249.97222222222223,3.534312018917666,21.92,7.85,0.65
1,242.65625,2.977248930372298,37.22,26.9,1.5
1,243.0,2.178184933960438,38.16,25.52,1.53
1,256.0625,2.954464012756944,36.63,32.97,1.49
1,235.98611111111111,1.462346178789933,37.39,27.95,1.5
1,229.203125,2.174715437926352,36.43,29.55,1.51
1,233.04166666666663,2.522691432800558,36.38,26.38,1.55
1,254.984375,3.276706485077739,27.66,34.95,1.45
1,252.59375,1.571243693120778,35.55,28.12,1.48
1,223.734375,1.803096989169717,38.44,26.71,1.51
0,230.875,3.882624689075682,38.81,25.67,1.35
1,237.358024691358,1.787559740337325,37.35,29.01,1.51
1,232.4583333333333,2.603534511393971,38.6,25.97,1.49
1,232.1805555555556,1.777434287799729,37.75,25.79,1.49
1,257.109375,2.64174356777221,38.29,29.75,1.47
1,242.61111111111111,1.705652402506934,38.03,25.97,1.52
1,247.828125,2.836240521632135,22.58,21.49,1.03
1,236.875,3.042752309702337,39.67,27.59,1.54
1,243.90277777777777,2.676471138166057,31.0,24.61,1.3
1,263.0625,3.173649153672159,36.48,30.99,1.52
0,268.4375,2.371953352354467,0.0,0.0,0.0
1,252.8271604938272,1.600836894394439,35.86,27.81,1.48
0,257.88888888888886,3.618282671603891,36.84,24.32,1.38
1,234.5308641975309,1.886507817992458,38.84,26.96,1.53
1,231.671875,2.390851777046919,33.87,24.15,1.36
1,240.5,3.202296040952206,22.65,18.46,0.93
1,261.30555555555554,2.002736017107964,39.44,26.51,1.47
1,261.203125,5.075219647958876,29.81,30.96,1.46
1,221.77777777777777,2.216282919877105,39.48,26.35,1.51
1,262.109375,2.065062114037573,36.55,27.89,1.52
1,239.29166666666663,1.683769973615805,37.4,29.5,1.51
1,251.22222222222223,3.440139361369757,39.34,28.85,1.5
1,265.22222222222223,1.869664968715774,35.87,29.55,1.5
1,242.34375,3.180482801049948,35.92,29.22,1.49
1,255.09722222222223,6.334978453814984,36.03,30.55,1.48
1,263.65277777777777,2.419485934078693,37.59,30.57,1.49
1,252.921875,4.146775141358378,37.33,25.17,1.39
0,267.15625,1.840309008955956,34.77,31.97,1.52
1,244.5555555555556,1.986741213334931,38.33,26.57,1.54
1,246.0,1.845069274306297,41.44,26.07,1.53
0,251.26388888888889,6.101113316085604,0.0,0.0,0.0
1,252.3125,2.134487926959991,36.72,26.4,1.49
1,232.79166666666663,2.130616006751855,40.02,25.82,1.5
1,254.66666666666663,3.857182939847311,34.51,27.29,1.48
1,231.8333333333333,1.420004271798664,38.69,25.52,1.52
1,243.8125,2.407059605233371,37.47,26.56,1.52
1,260.109375,2.285145791247487,35.85,31.27,1.48
1,233.9305555555556,2.294970591862997,38.42,25.62,1.51
0,238.84722222222223,1.414157337612576,7.27,5.11,0.28
1,233.34722222222223,2.222238046427568,37.18,26.89,1.51
1,255.0,3.927749787767728,39.56,28.57,1.48
1,259.97222222222223,4.209237411618233,28.37,32.19,1.45
1,254.9375,3.936052648350596,30.96,29.23,1.46
1,231.16666666666663,1.89087045358287,36.59,27.25,1.5
1,233.86111111111111,1.920646698110633,38.36,27.01,1.52
1,258.1111111111111,3.268666522370444,33.87,28.29,1.46
1,231.61111111111111,2.073090837233596,40.13,26.72,1.56
0,253.7083333333333,3.115211043920782,37.95,30.19,1.5
0,240.72222222222223,1.245958804256386,13.44,9.12,0.55
1,251.0,2.356325193308294,35.39,26.77,1.5
1,231.765625,1.199404769577086,40.08,26.8,1.5
1,257.88888888888886,3.124496551023589,33.8,28.04,1.46
1,242.48611111111111,2.179994833966096,36.71,29.37,1.48
1,251.75,2.605073263247808,25.13,17.34,0.97
1,255.41666666666663,5.623709888094002,34.78,26.31,1.46
1,254.20987654320996,2.896064515467043,40.44,26.64,1.51
1,254.625,3.477195623020331,40.76,24.4,1.53
1,238.48611111111111,2.738679783211814,34.56,30.16,1.5
1,229.8125,1.984194272197783,37.79,28.91,1.51
1,242.0625,2.638031710870564,35.75,28.76,1.49
1,235.328125,2.434805010445416,36.33,26.83,1.53
1,254.90625,3.149681862443686,34.73,27.32,1.47
1,240.96875,1.745540711097419,37.75,26.91,1.5
1,228.94444444444443,1.581007884608375,38.15,27.9,1.53
1,260.5,2.057392668392923,38.01,29.03,1.51
1,261.734375,3.355808226391673,35.78,31.81,1.53
1,241.25,2.35549998200602,36.45,25.76,1.51
0,259.25,4.729963656100962,9.1,7.62,0.39
1,265.58024691358025,2.376132642045433,36.09,30.39,1.49
1,256.765625,3.027476943098009,31.9,29.04,1.45
1,256.02777777777777,3.573247892161211,36.24,26.45,1.47
1,260.671875,2.249256949871778,39.28,28.01,1.48
0,235.359375,1.456086411140859,33.13,23.25,1.3
1,251.8125,2.917453926987946,35.15,28.35,1.47
0,254.734375,5.396358110010624,0.0,0.0,0.0
1,232.9375,2.734194222837687,38.66,26.01,1.54
1,233.23611111111111,2.069181243578593,37.01,27.46,1.51
1,266.4691358024691,2.33163164427251,32.85,35.61,1.51
0,250.4197530864197,5.563271557107384,39.68,28.54,1.49
1,266.90277777777777,3.479084632462925,33.63,31.05,1.5
1,231.9305555555556,1.702012549671862,39.76,26.38,1.5
1,230.51851851851848,1.803592013724056,38.52,26.17,1.51
1,248.66666666666663,2.748163819313049,36.47,27.56,1.5
0,242.34375,3.159043888561428,0.0,0.0,0.0
0,239.59722222222223,1.923592925899559,37.24,24.95,1.49
1,238.828125,2.11442400328815,37.69,27.84,1.51
0,250.890625,3.725565362721682,39.49,31.03,1.52
1,235.3125,1.652442812919617,37.24,26.87,1.52
1,257.1875,2.008038356900215,40.76,28.27,1.52
0,236.56944444444443,2.535475951929887,37.88,27.26,1.48
1,238.90625,2.188630086369812,40.68,27.81,1.51
1,243.66666666666663,4.889127398530642,36.24,27.73,1.52
1,267.5416666666667,2.480052285724216,34.54,32.55,1.52
0,267.3125,3.115503438748419,0.0,0.0,0.0
1,257.94444444444446,2.482622535692321,34.09,27.91,1.46
1,232.04938271604945,2.034563334635746,36.79,29.0,1.5
0,252.671875,5.899705837480724,27.31,20.23,1.07
0,251.66666666666663,3.838881979386012,41.22,25.16,1.52
1,252.13888888888889,4.286329136126572,36.48,25.68,1.45
1,230.6172839506173,1.614347899401629,18.39,12.73,0.73
1,254.95061728395052,3.847978032665488,41.13,27.44,1.5
1,231.32098765432096,2.475310104864615,37.25,26.61,1.54
1,254.859375,1.91536465100944,34.74,29.79,1.48
1,235.61111111111111,1.812045959134897,39.02,27.14,1.51
0,230.5,2.303839156197177,39.19,27.47,1.52
1,231.84375,2.426134018227458,38.77,25.08,1.53
1,229.47222222222223,2.013717920415931,38.54,26.06,1.53
0,253.69444444444443,5.491466343402864,0.0,0.0,0.0
1,229.5,1.503856861032546,36.73,27.16,1.52
1,222.38888888888889,1.497678976919916,39.03,27.2,1.51
1,233.02777777777777,1.851940428217252,35.71,27.69,1.53
1,262.9861111111111,3.470498704248004,41.82,25.45,1.49
1,240.78125,1.902262745425105,38.66,27.32,1.54
1,236.75,1.699405601248145,39.12,25.97,1.48
1,222.59375,2.582053776830435,25.34,16.56,1.0
1,230.27777777777777,1.943280844224824,36.58,27.4,1.52
0,242.09722222222223,2.120624829497602,40.46,26.39,1.51
1,238.71875,1.610701563768089,38.2,26.38,1.55
1,257.578125,4.55111762881279,29.47,31.55,1.45
0,252.2083333333333,4.68466826942232,0.0,0.0,0.0
1,237.25925925925927,2.940719289544188,39.15,26.99,1.5
1,231.109375,1.721790027804673,38.6,25.88,1.53
1,241.1805555555556,2.236059782405694,37.52,27.13,1.52
1,251.69444444444443,1.826577135258251,34.39,30.46,1.48
1,269.8125,1.715042584575713,34.1,29.95,1.52
1,229.5555555555556,2.289023738768366,37.96,26.7,1.5
1,261.6875,2.247537542134523,36.06,28.17,1.48
1,227.84722222222223,2.508028467496236,38.73,26.59,1.53
1,227.16666666666663,2.246540029843648,38.08,26.6,1.53
1,227.34567901234567,1.706973195811849,36.21,28.71,1.49
1,266.6296296296296,2.23970784449283,34.4,30.52,1.5
0,249.26388888888889,2.405238318774435,0.0,0.0,0.0
1,257.56944444444446,3.2583155689968,31.97,31.37,1.46
1,259.5432098765432,3.321226860270088,28.19,32.61,1.44
1,230.51388888888889,1.605782679385609,38.09,26.35,1.51
1,227.3125,1.729311493225396,40.93,25.83,1.51
0,254.6172839506173,7.350074473722482,37.04,28.76,1.51
1,257.828125,1.972475196234882,40.33,28.4,1.5
1,238.859375,2.314992570318282,39.93,29.65,1.49
1,229.578125,2.564389400184155,37.44,26.59,1.53
1,251.8125,3.51217049267143,40.16,26.08,1.48
1,253.48148148148147,3.412800637292273,38.88,28.79,1.47
0,238.78125,2.552392065525055,44.13,25.87,1.44
1,232.4583333333333,2.369234613246388,37.56,27.62,1.54
1,267.21875,2.964198078028858,35.9,30.45,1.48
1,237.25,1.570414752595954,38.37,25.72,1.5
0,246.140625,2.61062038410455,0.0,0.0,0.0
1,256.30864197530866,3.510863035549352,36.96,30.14,1.49
1,232.265625,1.302394792437553,38.25,26.01,1.49
1,236.3055555555556,2.089011872808138,36.66,26.24,1.51
1,255.81944444444443,6.97159449921714,34.26,29.09,1.48
0,227.921875,1.584960927255452,38.98,27.48,1.5
1,258.06944444444446,3.400785078605016,35.96,30.83,1.46
1,232.25,1.694418353028595,39.16,25.82,1.52
1,246.015625,4.353162761777641,32.41,32.49,1.49
1,244.56944444444443,5.330778232879108,36.39,28.78,1.54
1,251.65277777777777,2.263523524006208,37.7,26.21,1.47
1,261.7361111111111,2.645335976448324,39.49,28.84,1.49
0,232.02777777777777,1.686012307802836,30.64,20.82,1.18
0,256.53125,1.990624978207052,8.33,5.35,0.31
1,230.09722222222223,1.970175553527143,37.64,26.41,1.54
1,260.2361111111111,4.15319281236993,40.88,27.16,1.55
1,259.890625,3.69284101203084,28.13,32.23,1.45
1,264.56944444444446,2.359172013070848,34.41,27.77,1.5
1,260.08333333333326,2.995491734809346,39.87,28.43,1.48
1,260.02777777777777,4.864663513998192,37.77,27.23,1.55
1,262.4375,2.232167257927358,38.7,28.92,1.47
0,251.72222222222223,1.713810914092594,34.04,28.02,1.48
1,246.52777777777777,3.38120411336422,36.31,27.79,1.51
1,253.765625,4.224365878850222,35.32,25.57,1.47
1,226.16666666666663,2.653051286107964,38.85,27.54,1.49
1,244.61111111111111,2.978656960030397,36.62,26.35,1.5
0,250.56944444444443,5.692902291814486,38.1,27.45,1.47
1,235.828125,1.816681271418929,37.93,26.26,1.53
1,265.38888888888886,2.853194047179487,34.62,32.4,1.51
0,245.2083333333333,2.294227659702301,3.82,3.4,0.17
1,238.8125,2.225642771460116,37.05,27.04,1.51
1,235.921875,3.217713215388358,38.7,26.97,1.48
0,241.22222222222223,2.980991462130605,35.35,25.51,1.52
1,253.91666666666663,2.404555458161566,34.09,29.86,1.47
1,255.7283950617284,4.044652739424764,27.88,34.42,1.44
1,245.24691358024688,2.536959642245446,34.07,31.08,1.5
1,258.9166666666667,3.583392384151618,36.08,31.7,1.52
1,252.59722222222223,3.985417420665423,29.62,31.12,1.46
0,224.66666666666663,2.183759590817822,37.13,26.13,1.51
1,249.69444444444443,3.51600269973278,37.42,29.43,1.47
1,242.078125,2.453916171565652,38.03,27.02,1.51
1,249.0,2.868450468406081,43.31,25.11,1.52
1,254.484375,4.005223650485277,35.09,27.1,1.47
1,233.40625,2.282949836924672,39.29,25.35,1.53
1,254.453125,2.420264475047588,36.95,31.98,1.49
0,257.30864197530866,2.647197228890878,0.0,0.0,0.0
0,242.11111111111111,6.437580678198072,11.54,6.31,0.39
1,258.09722222222223,2.498146411445406,42.45,26.07,1.51
1,255.234375,4.034700794145465,32.46,27.82,1.46
0,237.8125,2.080105154775083,0.24,0.16,0.01
1,266.4166666666667,2.095789237982697,31.47,35.24,1.49
1,239.54166666666663,2.086032467583815,37.55,27.16,1.49
1,240.85185185185185,3.883246036959283,35.9,28.96,1.49
1,229.22222222222223,2.025721188220713,39.12,25.7,1.52
1,253.07407407407408,1.605034743562157,33.25,29.67,1.48
1,244.046875,2.172978488728404,39.74,27.11,1.54
1,266.375,1.647158792242408,27.03,33.76,1.5
1,229.375,2.141414011828601,37.83,26.73,1.52
1,162.65625,3.181042839373861,34.73,28.54,1.47
1,260.90625,2.266004445962608,36.39,28.48,1.46
1,227.56944444444443,1.82580617401335,39.16,25.72,1.5
1,232.4375,2.571608726866543,24.75,18.0,1.03
1,232.5,2.080930586904287,40.9,24.92,1.51
1,255.01388888888889,3.734965784682168,35.02,28.14,1.46
1,255.91666666666663,2.34742652790414,41.59,26.77,1.53
1,254.9305555555556,2.293183612326781,37.26,24.38,1.49
1,252.6805555555556,3.203302206264602,38.19,28.22,1.47
1,240.19444444444443,2.393918577167723,36.89,30.38,1.5
1,262.96875,3.628504788503051,36.9,22.71,1.32
1,238.875,1.552424740046263,38.63,28.52,1.51
1,261.40277777777777,1.93091029756599,36.87,30.08,1.5
1,255.40277777777777,1.776344482269552,34.04,32.15,1.51
1,247.234375,4.366371534764767,20.34,16.07,0.89
1,231.41666666666663,1.774252388212416,37.93,26.73,1.53
1,228.16666666666663,2.393764989243613,38.37,26.67,1.49
0,245.81944444444443,1.510898607472579,0.0,0.0,0.0
0,233.9305555555556,2.482759503026803,36.14,24.06,1.45
1,231.8125,2.678728284314275,36.86,26.77,1.53
0,246.859375,1.624756969511509,40.12,24.62,1.51
0,229.328125,1.858101160265505,35.15,25.64,1.43
1,223.0625,2.133198752067983,38.37,24.98,1.52
1,237.796875,1.857291090302169,34.73,27.52,1.5
1,257.046875,2.372263476252556,36.55,29.31,1.49
1,269.5416666666667,2.258037351071835,34.81,30.32,1.51
0,251.859375,4.07986069098115,28.8,19.13,1.11
1,236.328125,2.701674070209265,36.44,26.69,1.47
1,264.125,3.100921449251473,31.92,30.8,1.48
1,254.3055555555556,4.112114226652517,30.04,33.24,1.47
1,242.4567901234568,2.58925806372254,41.47,26.09,1.51
1,254.8271604938272,1.672524012165305,34.05,28.74,1.48
1,251.5625,4.256165067665279,38.48,29.1,1.49
1,270.03125,2.588033581152558,32.01,32.88,1.5
1,234.765625,1.654378110542893,39.38,26.93,1.49
0,238.515625,3.954687896184623,30.32,17.63,1.05
1,240.28125,1.997929208911955,40.27,27.04,1.53
0,254.671875,6.80015453696251,33.13,17.63,1.18
1,231.98611111111111,1.608505386445257,39.58,25.46,1.51
0,236.88888888888889,2.482973859633928,0.4,0.27,0.02
1,228.625,2.01917972912391,39.53,25.29,1.53
1,237.8055555555556,2.059007601605521,36.99,27.05,1.5
1,252.984375,1.89398589078337,42.8,27.08,1.52
1,240.71875,2.654811718501151,38.0,25.93,1.5
1,233.875,3.988195991143584,42.98,24.26,1.48
0,229.34375,3.221651956439018,0.0,0.0,0.0
1,234.22222222222223,2.631928907500373,38.76,25.81,1.51
1,252.69444444444443,3.309516108698315,33.26,25.36,1.45
1,231.109375,1.940309992060065,37.08,27.51,1.53
1,241.4583333333333,1.630540230207973,34.81,28.72,1.5
1,242.50617283950612,3.791198740770787,35.46,29.38,1.49
1,228.47222222222223,1.629819080233574,37.83,29.04,1.51
1,260.6666666666667,4.056686463455361,38.88,30.13,1.48
1,265.43055555555554,2.037838927573628,32.43,32.7,1.5
1,234.11111111111111,1.733861102826066,41.08,25.1,1.48
1,250.296875,2.774193577468395,36.29,26.68,1.49
1,256.13580246913574,5.301361789673936,42.11,26.75,1.53
1,243.171875,2.10408303886652,37.42,26.53,1.45
1,230.34722222222223,2.351532495684094,37.26,25.67,1.52
1,229.625,2.255688740975327,38.8,25.31,1.52
1,263.45833333333326,2.257186767955621,34.12,29.11,1.49
1,250.73611111111111,3.850994083616468,39.76,28.7,1.53
0,236.09375,1.975822596810758,37.61,26.02,1.51
1,265.6875,2.395350557751954,34.88,30.61,1.48
1,252.97222222222223,1.904264949262142,38.93,28.74,1.47
1,256.30864197530866,3.046162685494364,34.92,27.31,1.45
1,241.39506172839504,3.452713810367349,38.29,29.07,1.51
1,258.33333333333326,2.313008274561093,38.93,30.14,1.5
1,239.125,2.175071942619979,35.27,25.84,1.5
0,253.38888888888889,6.29281669192844,27.37,14.83,0.95
1,269.09375,3.024500913918018,33.64,30.09,1.51
1,247.8125,4.003679340705278,35.23,27.49,1.49
1,261.390625,3.777570026926696,39.6,27.16,1.5
1,259.875,1.985465651378036,28.77,21.68,1.15
1,228.6805555555556,2.07599243024985,38.35,26.78,1.5
1,234.6805555555556,1.719008917609851,38.84,26.16,1.53
1,256.1111111111111,4.563068995045292,39.39,25.96,1.48
1,260.1875,3.51589872315526,29.17,31.86,1.46
1,232.22222222222223,1.636535236405002,39.19,27.97,1.5
1,244.52777777777777,2.41835500465499,37.67,29.16,1.52
1,254.9305555555556,4.254801627662447,36.06,27.23,1.48
1,262.94444444444446,4.73263340857294,39.94,27.85,1.47
0,234.203125,1.445053062401712,31.96,20.77,1.25
0,234.09375,2.368074976839125,0.0,0.0,0.0
0,233.5,1.298077912069857,4.84,3.55,0.21
1,234.859375,2.252132729627192,37.33,26.02,1.51
1,233.0555555555556,1.803642014662425,38.62,26.42,1.54
1,255.8125,3.963856375776231,29.1,31.79,1.45
1,232.609375,1.956114170141518,37.36,26.8,1.48
1,253.28125,2.715021064504981,38.37,28.87,1.48
1,241.54166666666663,1.937779515981674,39.18,26.59,1.5
1,258.20833333333326,3.861847927172979,35.41,27.35,1.48
1,231.51851851851848,2.288895480426741,34.63,28.58,1.51
0,244.84722222222223,2.042496516472764,37.29,26.99,1.54
1,254.13888888888889,1.805336727864213,35.14,27.74,1.47
1,236.86111111111111,2.139997562600507,38.11,27.94,1.5
1,254.7083333333333,2.074116687807772,35.6,28.75,1.48
1,239.984375,1.878519374877214,37.15,27.32,1.5
1,243.984375,3.586601751856506,36.37,28.33,1.52
1,231.76388888888889,1.428431252638499,39.74,26.4,1.53
1,227.15625,1.764529929496348,37.15,26.71,1.51
1,230.63888888888889,1.756778981122706,38.29,26.33,1.48
0,266.828125,2.243726613931358,0.0,0.0,0.0
1,268.9382716049383,3.056819271158289,30.51,31.04,1.5
1,235.7083333333333,1.750483175946607,38.25,25.15,1.5
1,237.5,2.481723110708925,36.2,26.75,1.53
0,229.84722222222223,1.818242040773233,37.76,25.93,1.51
1,252.19444444444443,3.232556809153822,36.1,29.09,1.49
1,252.84375,5.003990784287454,32.13,26.3,1.46
1,260.03125,4.082337356172502,38.25,30.89,1.51
1,230.28395061728395,2.072267364572596,36.27,27.42,1.49
1,254.234375,3.001355952583253,39.21,29.33,1.47
1,262.921875,2.763105214573443,26.32,24.17,1.15
0,243.375,2.082351519726217,6.67,4.75,0.27
0,264.703125,8.476227901875976,42.89,27.46,1.49
1,238.90625,4.27439917717129,35.26,29.1,1.5
1,258.88888888888886,4.101863206260737,35.22,30.67,1.51
1,238.22222222222223,1.472926193641292,37.8,29.17,1.49
0,255.921875,5.047884055413306,41.96,22.89,1.51
1,253.54166666666663,1.747823909752899,33.69,32.98,1.49
1,263.65625,2.646255195140839,34.99,28.6,1.49
1,233.9305555555556,1.683775628606478,38.03,27.48,1.5
1,236.11111111111111,1.989542658682223,34.26,23.46,1.25
1,229.16666666666663,2.210622480346097,38.67,26.65,1.52
1,229.13888888888889,1.897511805548812,37.44,28.28,1.5
0,258.5416666666667,2.672428325646453,29.01,21.24,1.13
1,261.984375,1.827630000188947,38.33,26.52,1.51
1,236.34722222222223,2.204055623047882,39.63,27.19,1.51
1,267.15625,2.227358303964138,37.23,31.21,1.5
0,227.6805555555556,1.425527166989115,15.03,10.62,0.62
1,262.8611111111111,3.280829038884905,34.4,27.58,1.48
1,257.25,4.402359552681446,5.66,4.29,0.22
1,256.33333333333326,1.832725349399779,37.85,31.45,1.49
1,250.02777777777777,4.285004358324739,35.51,30.83,1.48
1,236.6875,1.278897128067911,38.77,25.26,1.49
1,268.3611111111111,2.857826214697626,35.38,30.86,1.51
1,228.84375,2.027696398086846,36.93,27.05,1.53
1,231.9305555555556,5.8231149804261,4.75,3.36,0.18
0,231.75,2.10500868037343,38.13,25.33,1.51
1,255.56944444444443,4.012841916746563,31.78,29.11,1.45
1,258.359375,3.525760589167476,38.07,29.46,1.49
1,240.72222222222223,3.210075515839788,37.22,26.98,1.54
0,254.5,4.010673561133445,40.8,26.53,1.54
1,243.61111111111111,1.653054027093781,38.07,27.47,1.5
1,242.265625,3.319718236103654,34.47,30.45,1.47
0,236.5625,2.111718612723053,42.67,24.25,1.51
0,246.84722222222223,2.004261760248078,40.57,25.09,1.52
1,232.85185185185185,1.882902383804321,43.39,25.64,1.53
1,242.625,1.966910888440907,40.85,28.29,1.49
1,259.34722222222223,5.72927102032635,33.95,28.87,1.45
1,242.7083333333333,3.85335148870945,35.24,29.3,1.49
1,266.859375,3.455272031016648,35.37,26.22,1.48
0,236.4375,1.675191793590784,0.0,0.0,0.0
1,228.31944444444443,2.216977751089467,40.64,25.46,1.52
1,265.01388888888886,2.276509332987997,32.44,32.94,1.48
1,229.515625,1.849057760089636,39.38,25.7,1.53
1,256.75,2.437618096359074,38.04,28.15,1.49
1,240.125,2.221933763888147,37.44,28.14,1.49
0,260.1851851851852,8.68766341238846,41.87,24.89,1.52
1,246.90277777777777,2.027451789213552,35.52,27.53,1.51
0,251.94444444444443,2.386375053889222,18.92,12.15,0.69
0,257.359375,2.958696478046477,32.65,28.44,1.46
0,265.4375,7.929784709587694,38.63,27.7,1.4
1,249.5,2.229453249110116,34.64,28.27,1.5
0,229.34375,2.167108531109989,18.28,12.36,0.72
1,199.77777777777777,2.694871624310812,34.25,30.37,1.52
1,263.015625,3.075445493683219,38.75,26.87,1.51
1,236.359375,1.43057715613395,50.05,22.05,1.51
1,231.5555555555556,1.402332492172718,43.05,25.2,1.52
1,258.09722222222223,4.196697824531132,29.21,32.84,1.45
0,251.4375,2.5509162414819,30.99,19.98,1.13
1,257.75,4.131379349157214,41.2,25.71,1.51
1,233.0,3.79889268345303,39.27,26.39,1.52
1,253.53125,4.474390633404255,36.94,28.84,1.48
1,254.23456790123453,2.132102608680725,36.59,27.59,1.46
1,258.69444444444446,6.61860594815678,28.29,32.21,1.45
1,266.8765432098765,2.301640129383699,31.29,30.43,1.47
1,242.921875,1.530043814331293,36.66,29.44,1.51
1,259.0416666666667,4.073392300970024,37.93,31.15,1.48
0,234.09722222222223,5.24069261385335,8.07,5.3,0.3
1,231.296875,1.779696795158088,38.41,26.56,1.5
1,252.703125,3.5797422779724,36.77,28.47,1.48
1,226.4305555555556,2.065808300342825,39.07,26.35,1.54
1,253.13888888888889,4.173085367514028,1.53,1.02,0.06
0,255.90123456790124,5.210292904465288,39.74,24.83,1.48
1,236.375,2.029168819077313,39.86,26.42,1.5
0,237.953125,3.538218196481466,38.75,25.73,1.45
1,242.23611111111111,1.899565282795164,39.22,26.89,1.53
0,240.90277777777777,2.837187985579173,14.61,8.68,0.51
1,239.875,2.412370743023025,37.41,26.56,1.51
1,249.828125,1.375213208608329,34.96,27.93,1.5
1,240.76388888888889,2.149638089868757,37.75,26.22,1.52
1,236.48148148148147,1.52351787502383,37.62,29.18,1.51
1,232.453125,1.888022330589592,38.07,26.93,1.53
1,250.25,4.482807104475796,33.19,30.4,1.5
1,258.15277777777777,3.570429499778482,37.55,28.92,1.48
0,246.578125,1.849199051968753,40.72,25.84,1.52
0,260.78125,4.395355188287795,36.44,26.47,1.46
1,261.578125,3.661896565929055,32.6,21.24,1.21
1,250.8125,4.556138575077058,37.54,28.17,1.49
1,235.56944444444443,2.13705757425891,39.96,25.8,1.5
1,239.2716049382716,2.781450212001801,38.55,27.11,1.53
1,259.1666666666667,2.413294703596168,38.41,26.84,1.52
0,255.015625,2.569700672291219,37.62,29.96,1.52
1,251.32098765432096,2.091565421334019,35.42,23.52,1.29
1,251.25,4.070824573747814,33.88,29.25,1.47
1,235.22222222222223,1.84749752531449,37.24,26.68,1.5
1,231.6805555555556,2.149121556844976,36.7,27.0,1.51
1,236.94444444444443,1.607390669484933,40.48,24.74,1.48
1,262.84722222222223,4.471049492557843,39.17,27.53,1.5
1,230.96296296296296,1.595597788139626,36.61,26.74,1.52
0,254.53125,5.539520263671876,0.0,0.0,0.0
1,224.375,2.617885623127222,38.48,25.51,1.49
1,252.8055555555556,2.200830013387733,36.96,25.87,1.49
1,264.44444444444446,2.753166273236275,33.74,31.02,1.52
1,255.453125,2.400832346640527,38.04,29.15,1.49
0,248.77777777777777,4.699141116605866,0.0,0.0,0.0
1,264.234375,2.275969607755542,35.61,30.24,1.51
1,256.3125,4.46731532830745,33.51,27.36,1.47
1,259.84722222222223,3.676302393277486,44.28,26.6,1.5
1,230.06944444444443,1.805053744051192,38.19,27.38,1.51
1,245.796875,2.388933737762272,36.55,29.39,1.49
1,261.84375,3.507358801551163,38.95,29.87,1.5
1,245.25,2.61182442959398,37.43,26.99,1.51
1,246.6875,2.985335414297879,34.9,29.22,1.47
1,252.703125,5.318567115813494,39.15,28.47,1.5
0,254.91666666666663,4.317088199986352,36.96,29.54,1.51
1,232.828125,1.985844433307648,37.42,26.71,1.49
1,232.578125,2.078612449578941,40.42,25.02,1.5
1,247.79166666666663,3.979963449968232,35.68,27.99,1.5
0,261.125,4.11977340374142,27.75,16.91,1.05
1,242.44444444444443,1.85736940552791,38.73,27.28,1.53
1,255.31944444444443,4.128813531663683,35.03,26.74,1.46
1,252.48148148148147,3.483642470689468,39.66,26.18,1.48
1,228.8333333333333,1.643044639792707,36.95,30.14,1.51
1,233.75,1.956485670059919,37.61,26.64,1.46
1,263.7407407407408,2.655101395683524,33.15,31.04,1.51
1,251.734375,3.59484308026731,40.33,28.31,1.5
1,263.30864197530866,3.109934279948105,32.76,31.46,1.5
1,245.21875,2.149573327042162,37.82,26.6,1.54
1,236.453125,1.869310174137354,36.74,27.14,1.51
0,271.98765432098764,3.44095888034797,34.56,32.44,1.5
1,227.98611111111111,2.479710160858101,37.33,26.63,1.53
1,235.0,1.783715972469913,38.09,26.26,1.51
1,243.11111111111111,2.579663160774443,39.32,27.13,1.54
0,240.9753086419753,2.782925575603674,0.0,0.0,0.0
1,225.76543209876544,1.455822327990591,38.81,25.08,1.52
0,252.3333333333333,4.393825021790869,58.13,16.22,1.43
1,259.19444444444446,2.43016692250967,39.21,27.91,1.5
1,252.22222222222223,4.965711236827904,39.63,30.87,1.52
1,259.625,4.439843939410318,28.81,33.21,1.45
1,261.328125,3.780300193466246,38.42,25.98,1.49
1,233.34375,2.279071493074298,35.93,29.24,1.52
1,245.6543209876544,3.320679355550695,35.07,28.79,1.53
1,260.13888888888886,4.720425181918674,39.02,30.12,1.48
1,232.859375,2.065635931678116,38.51,26.59,1.48
1,254.34375,3.698613977991045,38.83,26.29,1.46
1,230.36111111111111,2.165542551212841,36.14,28.36,1.52
1,241.41666666666663,1.796266766885916,40.55,28.6,1.5
0,233.59722222222223,1.673441916704178,13.44,11.15,0.59
1,249.41666666666663,3.305985504554378,35.54,30.12,1.48
1,237.54166666666663,2.4354625766476,42.05,23.62,1.48
1,261.27777777777777,4.412116689814462,35.6,28.38,1.46
1,227.09722222222223,1.556579826606645,36.05,28.27,1.49
1,225.41666666666663,2.313083007931709,20.72,14.38,0.76
1,232.109375,2.070950811728835,35.46,28.22,1.51
1,254.59375,2.484016672708094,32.92,30.57,1.47
1,241.27777777777777,2.058529165056017,36.01,27.65,1.51
1,237.5,1.935424389110671,37.87,24.92,1.54
1,256.484375,4.371621027588845,38.07,31.17,1.49
1,231.13888888888889,1.656172714299626,37.43,27.09,1.53
1,262.453125,2.449474075809121,38.44,27.49,1.53
0,260.320987654321,4.541284773820712,13.87,15.47,0.71
1,263.56944444444446,2.224127339820067,35.48,29.79,1.53
1,245.25,2.498520340770483,38.2,29.69,1.49
1,244.8333333333333,2.874756914873918,38.97,24.65,1.51
1,256.26388888888886,1.845044148464998,37.88,29.17,1.51
1,234.578125,2.39678408484906,38.23,25.51,1.51
1,230.765625,3.193459511734545,37.52,27.65,1.51
1,253.0625,3.473739057779312,40.24,26.63,1.47
1,235.59722222222223,1.772626856134997,39.41,24.65,1.5
1,249.31944444444443,1.906451568835311,37.74,28.75,1.5
1,230.8333333333333,2.293290420538849,43.72,25.93,1.52
0,253.328125,3.310066875070333,17.7,16.0,0.8
1,258.5679012345679,4.884322151725676,37.56,30.31,1.52
0,249.98611111111111,3.426826540794638,0.0,0.0,0.0
1,223.76388888888889,1.967418383393023,37.24,24.87,1.52
1,237.0555555555556,2.554706783758269,39.12,25.97,1.48
1,257.0625,2.762883308343589,36.08,27.29,1.46
1,221.4583333333333,2.921559612784121,38.91,27.14,1.51
1,245.4375,2.532106193713844,36.28,31.28,1.49
1,229.0,1.797565607354045,37.17,25.68,1.55
0,258.5,3.688757615163922,18.0,15.58,0.78
0,250.109375,3.115709067322314,41.25,23.52,1.53
0,260.96875,4.230971960350871,41.41,27.41,1.53
1,234.8125,1.488160576671362,36.41,28.44,1.51
0,231.828125,2.02287916559726,36.7,26.43,1.53
1,245.73611111111111,2.352813496357865,37.3,31.63,1.49
1,238.51388888888889,2.820356015529898,35.35,30.89,1.51
1,236.98611111111111,1.632412626511521,36.61,29.74,1.49
1,229.1805555555556,2.326550321446525,36.81,27.81,1.52
1,228.50617283950612,6.285970679771754,34.8,26.33,1.5
1,238.453125,1.80033546872437,40.03,26.25,1.52
1,238.5555555555556,2.699748563269774,39.29,27.45,1.51
1,260.515625,3.715921591967344,38.93,28.91,1.49
1,229.1875,2.689752413891256,39.89,27.61,1.52
1,236.47222222222223,2.176048402157095,37.78,25.63,1.52
1,247.9375,3.013550505973399,34.48,30.32,1.52
1,228.296875,2.596110253594816,38.54,25.62,1.51
1,245.828125,3.128908582963049,33.43,30.13,1.49
1,260.0625,3.741268238984048,39.46,27.4,1.49
1,258.88888888888886,2.668834952844514,40.6,29.62,1.47
1,252.86111111111111,3.478885832760069,36.69,24.81,1.47
0,237.54166666666663,2.372687870429622,12.98,7.37,0.46
1,231.4583333333333,1.813779100775719,36.09,27.4,1.51
1,262.1111111111111,2.747181311249733,37.78,30.35,1.53
1,253.296875,2.270758216269314,32.54,27.64,1.46
1,235.125,1.764390320413642,41.79,25.81,1.49
1,227.5625,2.573233891278505,40.05,26.84,1.53
1,238.125,1.089207402430475,36.49,26.0,1.5
1,241.234375,1.181385865435004,34.26,32.09,1.5
0,254.90625,2.933348141610622,33.13,26.8,1.47
1,229.40277777777777,1.880474152664344,37.44,27.33,1.52
1,249.41666666666663,1.637833889987734,38.03,29.23,1.51
1,224.359375,2.533083002083004,37.82,24.88,1.52
1,255.328125,1.820467717945576,34.8,28.43,1.48
1,231.3333333333333,1.962569902340571,38.01,26.62,1.52
1,267.8611111111111,2.517269176741441,33.71,30.25,1.5
1,255.46875,3.628216241486371,36.38,25.36,1.47
1,229.56944444444443,2.259963278969129,38.01,29.2,1.5
0,249.90277777777777,4.702292650938034,0.0,0.0,0.0
0,252.0625,2.797228750772774,39.52,25.84,1.49
1,238.5,2.779306613736682,37.56,27.71,1.49
0,265.06944444444446,2.041504985756344,24.5,23.05,1.08
0,245.6875,3.883779277093709,0.0,0.0,0.0
1,244.63888888888889,3.505524959829119,30.64,24.28,1.29
1,254.15625,3.296928410418332,37.81,28.5,1.5
1,249.43209876543207,4.110584173673465,38.32,29.46,1.48
1,263.77777777777777,3.622385267582205,35.09,30.03,1.53
1,238.421875,2.372395117767155,37.43,27.61,1.5
1,250.97222222222223,2.627904115451707,38.34,26.1,1.51
1,237.703125,1.622062057256699,38.39,25.88,1.54
1,235.21875,2.205727329477668,36.74,28.95,1.51
1,259.76388888888886,1.924914042154948,35.1,28.38,1.48
1,251.56790123456787,1.780784492139463,34.88,28.62,1.49
1,241.78125,2.149536793120205,37.88,26.3,1.51
0,250.19753086419752,2.788569933838315,29.73,20.51,1.13
1,241.36111111111111,2.704209869106611,37.75,26.26,1.52
0,241.90625,6.473529645241798,32.57,15.07,1.02
1,243.890625,4.142689791508019,36.82,29.4,1.5
1,252.26388888888889,3.652378992901908,32.6,26.17,1.44
1,241.015625,1.410367135889828,38.9,26.32,1.5
1,239.046875,2.312557015568018,34.09,29.39,1.5
1,250.328125,4.254896130412817,41.4,24.27,1.49
1,251.28395061728395,2.380866991149055,37.79,25.93,1.48
0,236.296875,1.856409248895943,40.12,27.64,1.48
0,239.5833333333333,2.44361340916819,0.0,0.0,0.0
1,263.01388888888886,1.805049553513527,35.49,27.46,1.4
1,226.31944444444443,1.54063523064057,39.48,25.91,1.51
1,241.125,2.759484575854407,36.24,29.45,1.49
1,223.375,1.410349177196622,38.7,28.34,1.5
1,234.44444444444443,2.278410144150257,40.08,25.9,1.53
0,251.98611111111111,4.370020169350836,37.98,26.0,1.47
1,255.4305555555556,2.354709674914678,34.07,28.79,1.48
0,239.28125,3.31449503544718,0.0,0.0,0.0
1,231.125,2.115122470590803,37.86,26.73,1.52
1,232.5625,1.714693393558264,39.39,24.93,1.5
1,262.5416666666667,3.324922415117423,33.56,30.12,1.47
1,253.40625,2.414223791100085,31.68,25.56,1.44
1,262.09722222222223,3.312945455312729,35.17,25.6,1.44
1,234.515625,1.585208696313202,43.17,25.72,1.5
1,239.1875,2.060880936682224,34.57,30.11,1.47
1,237.9305555555556,1.79554737938775,39.31,27.56,1.55
1,227.0987654320988,2.210521745828935,36.27,27.3,1.5
1,232.76388888888889,2.216006797220972,39.39,26.41,1.52
1,256.33333333333326,4.359795899854766,40.09,27.34,1.51
1,252.25925925925927,3.331978168752459,38.04,25.29,1.49
1,260.890625,2.768369243480265,39.75,28.83,1.5
1,237.0625,2.873202115297318,35.93,27.73,1.54
0,240.79012345679007,2.576776207229238,27.16,19.37,1.14
1,257.796875,3.40248360298574,35.26,29.67,1.49
1,237.296875,2.886660780757666,37.02,24.21,1.5
1,263.84722222222223,3.107907079160213,37.44,30.0,1.51
1,237.79166666666663,1.761692946155866,37.04,25.86,1.52
1,233.1875,3.669397078454494,37.51,25.16,1.5
1,263.8125,2.040990030393004,33.88,31.86,1.46
1,228.234375,2.626424917019904,38.36,25.73,1.51
0,222.9305555555556,2.606976717710495,15.28,9.79,0.6
1,260.71875,4.800813920795918,35.48,26.45,1.47
1,255.34375,1.869976535439491,35.88,28.2,1.5
1,245.96875,2.487067176029086,37.74,29.69,1.51
1,235.6805555555556,1.953233951495753,38.58,25.63,1.5
1,245.3125,2.592342593707144,35.87,26.25,1.51
1,256.02777777777777,3.790790796279907,41.41,27.82,1.54
1,234.02777777777777,1.582267175118129,36.8,25.55,1.55
1,225.86111111111111,1.56800006578366,35.78,27.84,1.49
0,251.59722222222223,3.718280229303572,2.2,0.75,0.06
1,227.15625,1.899030762724578,37.92,29.55,1.53
1,251.9375,3.704257091507316,41.67,26.55,1.49
1,258.015625,3.008227619342506,38.45,29.19,1.5
1,236.76388888888889,1.57561436874999,39.54,27.45,1.5
1,242.625,3.163238869048655,37.51,26.0,1.51
1,238.52777777777777,2.027124003403717,34.73,30.27,1.5
1,263.63888888888886,2.036455221474171,30.61,33.25,1.5
1,249.28125,2.751499580219388,39.32,30.12,1.48
0,258.38888888888886,3.757870495319366,40.66,27.01,1.5
1,230.296875,2.140123364515603,38.14,28.91,1.52
1,258.953125,3.402745479717851,39.13,29.79,1.47
1,250.953125,2.492036142386496,38.83,25.35,1.49
0,240.04166666666663,3.242971703410149,9.33,5.66,0.33
1,268.109375,2.360864780843258,31.36,29.39,1.48
1,229.3055555555556,1.607464181052314,37.75,26.23,1.5
0,236.015625,5.630010588094592,11.21,7.68,0.46
1,256.875,4.303478870126936,37.99,31.23,1.49
1,266.31944444444446,1.64940097514126,35.55,29.01,1.43
1,240.04166666666663,2.221099066237608,36.76,28.21,1.49
1,235.06944444444443,1.847322481373946,37.98,26.53,1.51
1,230.75,1.477077012260755,37.05,27.46,1.5
1,261.97222222222223,2.048209561241998,38.77,29.14,1.47
1,235.375,2.389502269215882,40.97,25.12,1.52
1,228.71875,1.986569625325501,39.1,27.68,1.49
1,239.23611111111111,2.05941240158346,38.38,27.88,1.5
1,225.0555555555556,2.085109066632059,37.87,27.44,1.51
0,241.19444444444443,1.57773991011911,38.08,25.83,1.52
1,148.22222222222223,1.52386276511585,38.87,26.38,1.53
0,254.375,2.585238399915397,38.49,31.52,1.48
1,246.328125,2.554728675633669,39.29,26.63,1.55
1,231.765625,2.334424955770373,36.61,27.63,1.51
1,233.953125,1.826633417978883,40.81,25.92,1.52
1,263.40625,3.472986576147377,35.12,27.32,1.48
0,242.94444444444443,2.262505076825619,0.0,0.0,0.0
1,267.19444444444446,1.961819017926852,29.63,34.21,1.48
1,261.27777777777777,4.642229610847102,29.39,30.92,1.45
1,232.34375,2.944802418831856,40.24,27.8,1.45
0,236.97222222222223,2.502316075066725,41.01,25.88,1.51
0,236.34375,1.824722332879901,8.52,5.66,0.32
0,257.015625,2.861713224090636,0.0,0.0,0.0
0,245.0625,2.636904153041542,5.69,3.98,0.24
1,254.578125,3.989208672195673,34.39,26.19,1.48
1,232.52777777777777,1.742003405259715,39.9,27.27,1.46
1,259.21875,4.193081619217992,27.75,32.09,1.44
0,251.53125,2.399504235014319,41.97,27.07,1.5
1,259.25,2.272868429621061,34.53,30.0,1.5
1,258.7654320987654,4.288960826249771,28.87,31.48,1.46
1,223.15277777777777,2.09111039671633,38.92,26.07,1.5
1,231.5308641975309,4.688982842145144,35.15,28.41,1.51
1,224.72222222222223,1.394883096218109,37.22,25.14,1.51
0,266.625,2.847603378817439,32.45,29.04,1.45
1,259.9861111111111,3.326840764946408,30.52,31.86,1.46
1,245.51388888888889,2.022841249075201,37.99,29.78,1.52
1,241.52777777777777,1.985175513558918,37.46,27.53,1.48
1,239.578125,2.149783705361187,37.55,29.03,1.5
1,249.5,2.769764174707234,41.03,28.54,1.53
0,251.921875,3.107562880031765,40.74,25.02,1.52
1,248.46875,1.968196698464453,39.45,29.96,1.48
1,261.875,2.344558774493635,38.35,26.65,1.52
1,257.9753086419753,3.842600818769431,40.22,28.38,1.48
1,228.9375,2.551926544867456,40.97,26.34,1.51
0,240.03125,1.427057317458093,17.03,12.39,0.7
0,246.015625,2.815149585716426,39.22,29.01,1.49
1,228.640625,1.696252095513046,38.89,26.26,1.53
1,256.875,3.685930012828774,36.21,25.22,1.47
1,264.765625,4.933480543084444,32.33,30.43,1.49
1,241.4305555555556,1.870655621091525,36.4,24.92,1.49
1,252.98611111111111,3.793292418950134,32.72,30.33,1.47
1,230.640625,1.623425329104066,38.43,26.14,1.51
1,228.4375,1.543572951108217,35.14,25.76,1.52
1,256.296875,2.905566233210266,38.6,29.83,1.5
1,250.66666666666663,4.896006017923356,32.58,25.9,1.45
1,236.0833333333333,1.815999464028411,39.48,27.53,1.5
1,236.84722222222223,1.769115942219893,34.63,31.61,1.5
1,241.875,2.010582390758726,40.53,27.33,1.53
0,254.125,4.063764113001527,36.79,29.5,1.51
1,259.953125,2.682727836072445,35.17,29.61,1.47
1,230.9305555555556,3.929118123319414,35.49,27.85,1.5
1,227.484375,2.202473012730479,38.46,26.46,1.49
1,261.9375,1.958223352208734,38.76,27.54,1.53
1,257.765625,2.74229219276458,36.56,29.56,1.49
1,233.88888888888889,2.203661849929227,38.72,26.56,1.52
0,241.96875,3.35002422798425,41.14,26.65,1.47
1,259.375,3.052421513944864,28.52,33.56,1.45
1,257.15277777777777,2.933919678131739,39.52,29.85,1.49
1,226.01388888888889,2.182174950010247,38.24,28.63,1.51
1,245.375,2.692671808931562,34.72,31.51,1.5
1,240.078125,1.860397463664412,36.38,29.33,1.49
1,235.7083333333333,1.893126616875331,35.42,24.9,1.4
1,233.3333333333333,2.152988981869486,42.82,25.01,1.52
0,244.59722222222223,2.33293683330218,40.16,26.6,1.52
0,259.890625,3.316158972680569,38.31,29.04,1.48
1,250.359375,2.546320774592459,36.49,29.62,1.48
1,267.0,3.623032195493579,36.81,30.43,1.49
1,234.90625,2.383585399948061,39.45,26.04,1.49
1,256.47222222222223,3.616402714616723,38.25,29.96,1.5
1,262.390625,3.403897810727358,36.09,29.39,1.5
1,262.1875,2.277285186573863,34.86,28.44,1.5
1,242.66666666666663,2.052442815568712,36.46,28.33,1.5
1,250.48611111111111,3.094911444518301,38.08,29.7,1.49
1,247.890625,2.4838638715446,37.93,26.95,1.5
0,241.984375,2.281597090885043,41.73,24.89,1.51
1,253.29166666666663,3.558043818506929,36.11,28.59,1.49
1,251.7083333333333,3.039926976793342,36.43,28.6,1.48
1,254.78125,2.421321775764227,34.23,29.02,1.46
1,246.234375,3.44459514785558,32.53,31.74,1.48
1,242.078125,1.9088179692626,37.19,27.44,1.53
1,251.0555555555556,1.938385446866353,37.56,28.32,1.48
0,252.2083333333333,3.901673177878062,10.5,9.45,0.47
1,232.21875,2.39769188221544,40.15,25.79,1.51
1,237.5432098765432,1.683672868911131,37.94,25.23,1.54
1,234.59375,1.859320644289255,47.37,24.97,1.52
1,267.203125,1.599589742720127,25.7,35.43,1.48
1,252.578125,3.192133117467165,35.3,27.3,1.46
1,233.734375,2.608529247934856,36.98,28.25,1.51
1,244.0625,2.44921432249248,35.2,30.31,1.53
1,257.0,2.383355661398835,39.78,26.66,1.52
0,264.609375,7.078019168227912,42.26,27.97,1.48
1,238.40277777777777,2.307650417089462,34.89,26.94,1.5
1,248.875,4.081676114350558,38.62,27.11,1.48
1,263.52777777777777,3.17664132018884,34.52,30.66,1.51
1,229.22222222222223,2.081549730565813,37.74,26.52,1.5
1,241.72222222222223,1.916275480555163,40.13,26.17,1.53
1,237.578125,2.956531480886042,35.0,26.42,1.49
1,240.76388888888889,1.898715207974116,36.51,27.23,1.5
1,234.77777777777777,2.995692011014915,38.09,26.96,1.55
1,228.98611111111111,1.89633689655198,37.55,28.18,1.53
1,258.125,2.809251558966935,40.57,29.51,1.5
1,238.75,2.843024911151992,36.85,25.72,1.49
1,261.9135802469136,3.380810854611573,40.75,26.03,1.51
1,233.40277777777777,2.042043157749706,41.73,24.85,1.51
1,229.90123456790124,2.549412475691901,37.22,27.17,1.52
1,235.453125,2.085940439254045,35.92,29.44,1.51
1,233.02777777777777,1.728481909467114,38.3,26.65,1.52
1,236.679012345679,2.108052576765602,34.3,27.39,1.5
0,268.375,1.750053902124536,26.96,33.68,1.47
1,229.171875,1.858501058071852,37.69,27.07,1.54
0,249.69444444444443,9.810435156855318,0.0,0.0,0.0
1,237.625,2.329946184323894,34.92,25.12,1.5
1,259.859375,4.427050190977752,33.0,31.83,1.48
1,264.6666666666667,2.169477445107919,32.6,29.44,1.51
1,267.421875,1.666628702543676,28.27,32.24,1.51
1,260.70833333333326,3.867148374517759,35.69,30.65,1.52
0,252.93827160493828,2.862780798364569,39.47,24.55,1.49
1,231.81944444444443,2.14595862891939,34.5,25.8,1.51
1,266.5,1.855167113244534,32.02,29.44,1.49
1,250.171875,4.653626290149988,41.03,28.7,1.54
0,250.51388888888889,2.426151299642192,0.0,0.0,0.0
1,237.328125,1.94051914382726,23.84,17.56,0.95
1,253.015625,2.389491208828986,33.73,32.74,1.49
1,260.3611111111111,3.611274004810386,32.68,29.32,1.46
1,246.31944444444443,2.412088840372033,38.06,27.76,1.54
1,237.296875,2.142759644426405,35.85,28.88,1.5
1,255.765625,3.647873182781041,41.71,25.89,1.48
1,262.45833333333326,4.278765641152859,31.74,30.3,1.46
0,251.73611111111111,4.873564896484216,0.0,0.0,0.0
1,253.17283950617283,3.877766465699231,36.49,30.09,1.49
1,238.203125,1.974444189108908,37.9,28.16,1.51
1,228.15625,2.206307791173458,39.81,27.31,1.52
0,253.625,5.841073503096898,39.98,27.14,1.54
1,254.78125,4.162673300132157,29.74,32.96,1.45
1,256.76388888888886,2.250971822275056,41.56,27.35,1.53
1,262.8125,1.64726379327476,39.09,28.06,1.47
1,249.6875,2.166063908487558,42.12,26.49,1.49
1,254.01388888888889,2.037069759435124,34.27,32.85,1.48
1,233.65277777777777,1.977288863725132,37.93,26.42,1.54
1,245.390625,4.283061744645238,36.23,28.01,1.5
1,234.77777777777777,1.914408562911881,41.78,24.21,1.51
1,237.4305555555556,2.478639581137233,34.23,28.71,1.51
1,227.16666666666663,1.869761885040336,39.16,27.91,1.52
1,247.03703703703704,2.57344381235264,34.11,29.1,1.51
1,255.65277777777777,4.75066258923875,35.44,25.39,1.45
1,235.34722222222223,2.23622651067045,40.78,24.63,1.51
1,236.59722222222223,1.798917696707778,36.35,27.69,1.52
1,243.078125,2.977726726792753,35.62,29.13,1.5
0,227.5555555555556,1.614357101917267,41.81,25.25,1.51
1,238.375,1.710445775650442,36.95,27.58,1.51
1,240.2083333333333,3.217488105926249,36.56,30.37,1.5
1,242.8055555555556,3.06671879440546,35.73,28.79,1.5
1,240.77777777777777,2.41172347098221,36.15,29.69,1.48
0,239.02777777777777,3.631646652188566,0.89,0.48,0.03
1,237.515625,2.635183741338551,38.22,26.63,1.49
0,253.6805555555556,4.88759389354123,36.18,26.75,1.48
1,264.09375,2.512954944744706,29.99,36.25,1.47
1,231.5833333333333,2.851529530353016,38.66,25.1,1.53
1,265.97222222222223,3.273617496920957,34.0,29.94,1.53
1,243.76388888888889,2.924480020172066,36.47,29.12,1.53
1,227.09375,1.885984487831593,37.89,25.75,1.51
1,249.984375,2.90379442833364,35.01,28.35,1.5
1,227.9583333333333,2.144410146607293,38.03,25.69,1.55
1,227.54166666666663,1.384737914635076,37.52,28.0,1.52
1,254.09722222222223,1.505501756237613,33.43,29.91,1.47
0,249.8055555555556,3.667644487486945,26.61,22.17,1.14
1,258.015625,3.254327011294663,32.87,29.61,1.48
0,251.9305555555556,4.490093540814188,0.0,0.0,0.0
1,244.0987654320988,2.416299471884598,36.37,25.05,1.53
0,255.484375,3.612075923010707,39.12,26.39,1.47
1,245.86111111111111,2.645685396260685,38.32,26.5,1.54
1,260.88888888888886,2.16407874557707,35.63,28.39,1.48
1,266.34375,2.420534465461969,32.93,33.67,1.51
1,265.69444444444446,1.776270274486807,34.86,28.93,1.52
1,246.38888888888889,1.938973280290763,37.06,26.74,1.5
1,254.36111111111111,2.731462943885061,37.01,27.36,1.49
0,129.82716049382717,3.055355528990428,33.2,30.71,1.46
0,266.77777777777777,1.976784640624199,34.22,30.86,1.51
0,252.5833333333333,3.330890617436833,17.97,13.38,0.71
0,237.19444444444443,1.700876793927617,43.27,25.37,1.5
1,262.19444444444446,2.002016897830698,34.45,29.74,1.49
1,266.953125,1.995705693028867,29.47,35.36,1.51
1,242.48611111111111,1.941450017193953,35.81,25.98,1.52
1,260.55555555555554,4.067650269303057,34.57,28.68,1.47
1,261.0123456790124,3.58587477898892,40.27,27.37,1.5
0,236.29166666666663,1.592008512881067,23.5,15.91,0.92
1,242.3055555555556,1.773974455065197,36.11,29.65,1.49
1,260.890625,4.197234138846399,40.91,27.21,1.46
1,235.625,2.419994302093983,38.6,25.76,1.48
1,227.32098765432096,2.068486030454989,38.5,27.23,1.51
1,250.296875,3.515316533856094,36.13,28.86,1.48
1,229.3125,2.214404468424618,38.33,27.06,1.53
1,238.8125,1.805439684540033,38.3,28.6,1.48
1,237.38888888888889,1.889482748177316,44.84,22.2,1.49
1,252.171875,3.693637436255813,33.67,26.05,1.31
1,249.5,2.417467544476191,33.44,30.1,1.48
1,231.02777777777777,1.510936857097679,39.33,25.49,1.54
1,222.0555555555556,1.702636163267824,39.53,26.85,1.51
1,262.3703703703704,3.913227747251958,31.39,31.72,1.49
1,239.1805555555556,2.05722016427252,37.27,27.11,1.49
1,228.7083333333333,1.564615111384127,40.12,26.43,1.51
1,227.734375,1.764357668347657,38.78,26.41,1.51
1,261.7916666666667,2.778328605824047,39.57,27.3,1.48
0,252.98611111111111,4.641686515675652,19.66,10.85,0.7
1,239.0,2.292639654129744,38.09,28.26,1.5
1,257.52777777777777,5.054398480388854,41.33,28.79,1.53
1,243.7530864197531,2.146549138757917,7.82,5.53,0.33
0,237.21875,1.998062091879547,15.7,9.43,0.55
0,238.19753086419752,2.517040785448051,0.0,0.0,0.0
1,254.56944444444443,1.80820597625441,33.71,31.96,1.47
0,247.28125,2.959793037734926,38.89,28.61,1.49
1,232.16049382716048,1.890628709469313,39.16,26.77,1.5
1,259.75,1.801973385115464,40.04,28.83,1.47
1,250.29166666666663,1.411386518842644,37.67,26.73,1.48
1,266.76388888888886,2.20020014875465,34.46,32.41,1.52
1,231.453125,1.677594290114939,38.91,24.63,1.5
1,249.16666666666663,2.886326311363114,36.67,28.04,1.51
1,224.94444444444443,1.703362550172541,38.45,26.95,1.54
0,240.109375,1.991618373431265,39.45,26.43,1.5
1,224.7083333333333,0.963068650828467,37.55,25.36,1.51
0,265.421875,3.091383922845125,22.85,18.06,1.0
1,250.125,2.420059151119656,38.3,28.64,1.49
1,253.23456790123453,1.709409886672173,33.77,33.13,1.48
1,257.83333333333326,2.230357045928637,36.23,29.74,1.49
1,245.703125,2.71966227889061,43.51,26.25,1.51
1,254.4305555555556,3.684401498072677,39.27,27.09,1.48
1,259.25,3.316843825909826,31.52,31.23,1.45
1,247.29166666666663,3.96025549289253,38.11,29.36,1.51
1,264.1481481481481,3.390197330050998,34.52,30.02,1.52
1,257.1666666666667,3.628400151928266,30.14,32.77,1.47
0,235.046875,2.337741824798286,36.22,24.46,1.46
1,180.78125,2.814504163829904,32.59,28.53,1.44
1,234.203125,2.012789847329259,46.46,26.51,1.51
1,263.69444444444446,3.806125260061688,28.41,35.42,1.5
1,258.5,2.753092303044266,40.67,28.44,1.52
0,249.94444444444443,2.957268589900599,38.2,25.18,1.47
1,254.921875,3.76072720438242,37.48,28.09,1.48
1,231.53125,1.40219109505415,36.36,27.74,1.52
1,251.03125,2.081868757493794,38.46,26.69,1.49
1,245.91666666666663,2.341516938474443,32.99,25.61,1.27
1,253.984375,1.502833684906363,33.7,29.91,1.46
1,238.97222222222223,2.279594803849856,37.36,28.53,1.5
1,263.27777777777777,2.453647670646509,28.72,31.92,1.44
0,245.30864197530863,2.382244503792421,38.86,25.12,1.55
1,234.875,2.012230593297216,38.52,27.62,1.49
1,233.75,2.445614428155952,36.84,25.61,1.51
1,233.14814814814807,1.855815565880434,38.08,26.32,1.47
1,228.21875,1.911058289930224,39.71,27.27,1.53
1,266.5416666666667,1.868069923586316,29.85,35.04,1.49
1,250.94444444444443,3.157051766912142,38.79,27.86,1.48
1,260.4166666666667,2.168704371485445,34.72,28.73,1.49
0,242.171875,4.136886187829077,0.0,0.0,0.0
1,268.9166666666667,1.907341690527068,25.46,35.69,1.48
1,237.984375,3.48390744253993,36.72,26.84,1.5
1,254.34375,2.07628486212343,38.11,31.76,1.49
1,260.43055555555554,3.818783146639665,35.52,28.08,1.54
0,253.140625,3.717839390970767,0.0,0.0,0.0
1,238.875,2.195514809340239,39.66,28.69,1.51
0,239.87654320987653,2.480418256771417,36.83,24.81,1.51
0,243.54166666666663,2.705114490456051,35.55,27.66,1.47
1,252.5555555555556,1.935327285693751,37.56,25.8,1.48
1,228.234375,1.662925688549876,40.18,26.49,1.52
0,263.1111111111111,4.341059880952041,0.0,0.0,0.0
1,261.47222222222223,2.200393537680308,38.01,31.5,1.49
1,235.90123456790124,1.909207124768952,36.76,27.81,1.51
0,242.71875,2.534204432740808,36.13,25.93,1.52
1,229.109375,1.893294679932296,37.95,25.9,1.49
0,244.640625,3.181120648980141,36.75,30.52,1.49
0,249.51388888888889,2.784576310879654,40.82,26.75,1.46
1,232.90277777777777,2.130149293276999,38.12,25.98,1.55
1,239.234375,2.015225487761199,37.68,27.74,1.48
1,252.81944444444443,2.864086809257666,37.5,27.31,1.48
1,232.890625,1.255053611472249,39.67,25.8,1.51
1,250.34722222222223,3.818467987080415,37.68,26.47,1.48
0,255.28125,4.493769261054695,0.0,0.0,0.0
1,265.88888888888886,1.713435375856029,34.86,31.08,1.5
1,256.5,3.702341428233518,30.35,33.18,1.47
1,237.0,2.626041499897838,38.13,26.69,1.52
1,247.875,3.368163992133406,35.4,31.07,1.48
1,247.79166666666663,1.992607146501541,39.46,26.48,1.5
1,267.01388888888886,1.833599646058347,31.46,34.24,1.5
1,254.21875,2.013632453046739,37.05,31.51,1.49
1,256.15625,2.415418971329927,37.31,27.59,1.46
1,254.75,3.985084066167474,37.78,30.63,1.49
1,253.7083333333333,2.805100241469012,30.36,33.06,1.47
0,254.61111111111111,4.086681264970037,0.0,0.0,0.0
1,256.4166666666667,3.995687657760249,34.88,27.6,1.48
1,259.109375,5.078801648691298,31.48,29.26,1.46
1,244.51388888888889,2.60597278840012,35.55,30.2,1.51
1,256.125,5.608562529087068,41.57,26.2,1.47
1,243.69444444444443,3.914475490649541,36.38,27.77,1.5
0,233.0,1.981851828284562,6.3,4.35,0.25
0,248.65277777777777,2.691727615892887,18.28,11.89,0.68
1,245.015625,1.488989806734025,26.36,17.92,1.06
1,250.328125,3.672879751771688,39.59,28.91,1.52
1,245.88888888888889,3.641557572064576,35.59,31.45,1.51
1,235.703125,1.526769005693495,35.26,26.84,1.51
1,260.93055555555554,4.279045245713659,42.12,28.0,1.49
1,231.015625,2.05014331638813,39.18,26.06,1.51
1,263.09722222222223,4.239161623020969,36.29,29.47,1.53
1,243.79166666666663,1.958524706463019,36.27,29.74,1.48
1,244.52777777777777,2.308074423836337,37.34,30.11,1.5
1,263.7916666666667,1.923980759249793,34.76,29.13,1.53
1,229.91666666666663,1.73500610060162,36.77,26.56,1.51
0,248.453125,2.815418841317296,0.0,0.0,0.0
1,242.765625,2.060026139952242,40.1,24.9,1.55
1,236.375,1.206816676072776,38.32,26.02,1.54
0,258.171875,5.300845228135586,26.97,17.17,0.99
1,266.203125,2.578485390171409,30.76,31.25,1.5
1,266.94444444444446,2.176201519038942,35.75,30.26,1.51
1,231.609375,1.325994081795216,36.8,26.26,1.51
1,256.6111111111111,2.780316876868407,34.24,28.16,1.49
1,234.328125,2.361930656246841,38.52,25.12,1.52
1,249.3333333333333,1.558698483639293,39.23,27.41,1.51
0,261.72222222222223,3.801913120680385,37.73,27.92,1.54
1,235.01388888888889,2.468755018379953,40.07,26.78,1.51
1,259.53125,4.57995566725731,40.75,24.57,1.51
1,254.40625,3.279625765047967,34.16,26.51,1.46
1,230.91666666666663,1.485158295267158,36.3,27.76,1.52
1,241.52777777777777,4.044379359318153,39.54,25.66,1.49
0,251.0833333333333,2.468530597786109,0.0,0.0,0.0
0,244.86111111111111,2.54003551022874,0.0,0.0,0.0
1,245.875,3.648008741438389,35.56,28.12,1.49
1,230.796875,2.257532599382102,38.26,27.18,1.53
1,257.09375,1.519033417105675,36.27,29.55,1.49
0,266.9135802469136,4.114564799968109,31.53,22.94,1.2
0,238.61111111111111,5.387767812444104,0.0,0.0,0.0
1,269.2345679012346,2.496729414404174,32.82,30.45,1.5
1,235.859375,1.796061591245234,35.19,26.17,1.5
0,245.921875,2.842322232201695,36.4,26.22,1.52
0,244.77777777777777,1.400807425563718,31.52,22.76,1.27
1,255.015625,3.061965627595782,33.43,30.07,1.48
1,265.546875,2.017041596584022,34.91,27.88,1.5
0,238.546875,2.538361170329154,20.22,11.56,0.69
1,265.75,3.296381103806198,35.59,32.65,1.5
1,247.13888888888889,3.355531231396728,33.82,24.87,1.32
1,239.91666666666663,3.333371114399698,37.59,25.16,1.51
0,253.671875,2.208577183075249,14.52,10.2,0.55
1,267.140625,2.128091799095273,30.52,30.63,1.5
1,230.71604938271605,1.823644327528683,38.71,25.46,1.49
1,240.28125,2.825568064115942,38.11,27.05,1.51
1,255.0,4.652643818408252,33.33,30.17,1.46
1,231.546875,1.53784469421953,40.06,24.3,1.52
1,261.88888888888886,3.590866110391087,38.69,27.92,1.51
1,236.21875,1.628222407773137,45.35,23.5,1.46
1,236.9375,1.481755062937737,36.27,28.43,1.51
1,255.91666666666663,3.301715509759055,30.9,33.8,1.47
1,264.5,2.308853815827105,38.08,31.17,1.49
1,263.140625,3.623313219286501,32.01,32.27,1.49
0,233.03125,1.849527078680694,32.93,22.77,1.3
0,254.21875,3.026575496420264,0.0,0.0,0.0
1,233.5,2.342871963977814,39.95,25.98,1.49
1,236.86111111111111,2.27348959694306,40.18,26.36,1.49
1,260.81944444444446,4.278076959980859,37.09,30.0,1.51
1,239.7083333333333,2.722756268249618,37.92,27.63,1.51
1,250.04166666666663,2.04299538085858,35.41,27.99,1.49
1,264.875,2.108729971572757,36.78,29.07,1.48
0,245.75,2.737177518935039,40.15,25.76,1.54
1,265.140625,1.690429599024355,34.91,29.1,1.48
1,253.31944444444443,3.311182261341148,39.46,26.7,1.48
1,233.125,2.367630712687969,36.74,27.36,1.49
1,265.328125,2.966676313430071,31.51,34.54,1.49
1,252.265625,4.163342699408531,35.42,25.73,1.47
1,236.171875,3.505320725031197,36.81,26.35,1.52
1,244.875,1.844260272052553,39.8,25.19,1.52
1,255.97222222222223,2.196303565469053,34.08,28.61,1.5
1,257.77777777777777,2.550556715991762,36.95,29.21,1.44
1,230.90625,2.028635766357183,37.43,26.9,1.53
1,251.56944444444443,2.170160146223174,36.66,26.91,1.47
1,236.86111111111111,2.924477212131023,33.67,18.62,1.13
1,234.70370370370367,2.355029792697341,39.03,26.33,1.52
0,259.28125,2.760629320517182,40.41,29.34,1.54
1,237.94444444444443,1.73989370961984,37.6,25.95,1.5
1,267.0625,2.064344960264862,34.02,29.46,1.51
1,225.06944444444443,2.014686507483324,38.08,25.14,1.53
1,253.29166666666663,2.396139830350876,36.21,28.16,1.46
0,260.59375,7.314351327717304,0.0,0.0,0.0
1,230.0625,1.899792104959488,36.88,26.25,1.53
1,267.953125,2.32253791578114,31.93,30.82,1.5
1,239.21875,1.69921079557389,40.23,26.17,1.48
1,267.359375,3.768706368282437,37.41,30.11,1.47
1,251.27777777777777,2.819225089417563,39.5,28.32,1.48
1,258.76388888888886,3.107884486516317,12.63,14.64,0.66
1,241.984375,2.455273497849703,37.79,28.2,1.51
0,236.4583333333333,3.124071704844634,36.85,22.39,1.32
1,241.4583333333333,4.20947331107325,35.9,29.11,1.5
1,229.5,1.736347995698452,38.52,27.0,1.54
0,257.796875,11.721331048756838,15.57,8.2,0.53
1,229.34375,1.750337328761816,37.2,28.12,1.53
1,235.3703703703704,1.776981547290896,42.75,24.46,1.5
1,250.46875,2.221169373951852,39.97,26.2,1.51
1,247.953125,2.57660819683224,39.28,30.18,1.49
1,232.109375,1.457373762503266,38.77,25.97,1.52
1,257.9166666666667,3.197806109156874,37.75,28.8,1.5
1,258.53125,2.22145495377481,40.6,27.31,1.48
1,241.265625,1.498331563547254,38.58,26.75,1.52
1,226.9375,1.833891083486378,37.4,25.24,1.51
1,241.921875,5.58037898875773,41.74,26.41,1.48
1,225.078125,1.180876418016851,38.29,26.15,1.5
1,260.83333333333326,3.197894772721662,38.05,30.04,1.48
1,224.3333333333333,1.761979119645225,19.48,13.0,0.79
1,252.390625,4.611033687368036,32.35,30.14,1.44
0,237.265625,2.056948324665427,0.09,0.06,0.0
1,233.328125,1.83487727958709,36.42,27.48,1.5
1,251.203125,3.692381688393652,39.58,24.39,1.48
1,238.390625,2.100903886370361,38.93,26.36,1.51
1,262.515625,2.107874069362879,34.58,30.93,1.48
1,251.01388888888889,1.78949937886662,34.72,27.34,1.5
0,255.63888888888889,3.647981773647997,6.47,4.82,0.26
1,254.265625,3.811349007301033,35.09,29.71,1.47
1,239.96296296296296,1.763686254436587,39.4,26.47,1.5
1,249.15625,3.279866020195186,32.23,32.3,1.49
1,239.265625,1.524763175286353,33.62,31.73,1.49
0,247.9375,6.85313056409359,0.0,0.0,0.0
1,225.31944444444443,1.786914972795381,38.84,26.3,1.54
1,247.65277777777777,1.918377060029242,41.86,25.15,1.51
1,254.703125,1.980318405665457,33.96,30.52,1.48
1,231.96875,2.983810840174556,37.46,27.7,1.53
1,262.1111111111111,1.745035522513919,38.68,28.01,1.5
1,237.50617283950612,2.4631916122672,37.99,28.02,1.48
1,255.71875,3.468286049552262,37.11,26.79,1.48
1,234.47222222222223,2.391729459994369,38.15,26.34,1.51
0,250.609375,2.867831125855446,0.0,0.0,0.0
0,266.25,2.762233650311828,5.07,5.64,0.23
1,235.0833333333333,2.797974538471964,35.52,25.93,1.49
1,254.1875,1.727289609611034,33.59,33.8,1.49
1,254.19753086419752,2.661140968770157,32.74,29.44,1.46
1,235.71875,2.414305780082941,40.81,25.22,1.48
1,254.15277777777777,4.175291688905822,30.91,30.81,1.45
1,229.07407407407408,2.167128089033527,39.26,25.7,1.51
1,231.828125,1.962740056216717,38.05,26.81,1.51
1,256.375,2.47959735410081,37.29,32.91,1.49
1,264.296875,2.610683451406658,35.18,29.16,1.53
1,245.88888888888889,4.817867626746496,40.75,27.17,1.51
1,251.91666666666663,3.093908942408032,35.12,26.32,1.46
1,235.5,2.082062501874235,36.33,28.95,1.5
1,244.984375,1.643361031077802,38.62,27.86,1.49
1,260.21875,2.255487347021699,42.4,24.74,1.51
1,243.453125,3.457158458419144,33.46,30.08,1.51
0,242.59259259259252,1.9093416929245,37.43,27.8,1.51
1,259.546875,2.717696854844689,38.97,27.63,1.48
0,255.671875,2.663503648713231,33.57,32.59,1.51
1,246.046875,3.181506199762225,36.15,28.16,1.51
1,255.72222222222223,3.784835656483968,31.98,29.24,1.45
1,232.77777777777777,2.225456154180898,35.74,25.65,1.52
1,230.984375,1.468988589011133,37.74,27.56,1.53
0,239.27777777777777,3.55877607398563,33.22,30.8,1.49
1,263.4320987654321,2.210037550072611,34.6,30.77,1.48
1,250.890625,4.945609754882754,30.85,26.95,1.37
1,257.95833333333326,4.424338731500838,32.85,27.6,1.46
1,249.36111111111111,4.938613328668806,32.2,27.46,1.46
1,234.15625,1.341639121063054,37.09,26.2,1.51
1,236.3333333333333,2.164046290020148,39.97,27.35,1.51
1,254.96875,4.588318074122072,39.88,26.05,1.5
0,238.296875,2.019586795940995,35.6,21.65,1.23
0,230.0123456790124,1.707075269869816,39.42,25.38,1.53
1,224.609375,2.577966203913093,36.7,24.96,1.51
1,242.13580246913577,3.401521159542932,39.64,26.15,1.46
1,233.640625,1.822001225315034,37.94,26.82,1.55
1,249.9583333333333,1.765495311882761,39.8,25.85,1.48
1,252.3333333333333,1.92400894065698,36.7,26.53,1.48
1,237.86111111111111,2.43538095553716,34.35,30.59,1.49
0,239.78125,1.569552367553115,31.96,24.34,1.36
1,230.6805555555556,1.555364592207803,37.19,27.07,1.5
0,240.28125,1.98058317694813,37.4,29.02,1.5
1,253.21875,2.704658427275717,33.26,26.28,1.46
1,255.015625,1.822363409213722,33.55,33.12,1.5
1,259.703125,2.531050309538841,39.2,26.55,1.52
0,249.51851851851848,2.314617347570113,0.0,0.0,0.0
1,254.484375,5.334792057052256,41.53,25.84,1.47
1,230.59722222222223,2.056644024948279,36.67,27.42,1.53
1,222.8333333333333,1.490277119419154,38.75,26.19,1.5
0,242.90625,2.43427281267941,16.73,11.61,0.63
1,256.70833333333326,3.217679139640596,31.38,30.16,1.47
0,256.88888888888886,2.260737722118696,37.6,33.7,1.49
1,253.625,2.965533534996212,32.45,29.8,1.47
1,244.921875,4.208104157820344,34.52,29.14,1.5
1,245.11111111111111,2.158524701992671,42.71,26.72,1.51
1,257.38888888888886,3.564900169769923,34.98,28.59,1.47
1,231.75,2.277920973797639,38.0,24.31,1.52
1,236.65625,1.802146540954709,37.08,27.16,1.51
1,231.90123456790124,3.061885807249281,37.7,24.93,1.5
0,248.27777777777777,3.133861433300707,37.8,26.56,1.48
1,229.91666666666663,2.11069507482979,38.31,26.44,1.49
1,234.171875,1.401930070482194,46.43,26.76,1.51
1,263.40625,2.26398041471839,36.86,29.83,1.54
1,231.21875,2.674932450056076,39.54,25.27,1.56
1,265.5,2.154138436747922,29.25,34.15,1.49
1,238.890625,3.360596424899995,17.34,11.25,0.63
1,262.21875,2.178970005363226,38.87,26.4,1.51
1,243.875,2.2083291541785,37.13,30.46,1.51
0,261.31944444444446,3.021930661466387,37.35,29.22,1.48
1,258.84375,2.760904926806688,39.88,27.55,1.52
0,232.4305555555556,2.161977310147551,35.46,27.69,1.52
0,268.58024691358025,2.965703119466334,0.0,0.0,0.0
1,269.703125,2.284476346336305,31.66,29.94,1.49
1,266.34375,2.629251765087247,37.57,30.55,1.49
1,240.625,2.452344436612394,36.47,27.55,1.49
0,239.40625,1.623619145713747,0.0,0.0,0.0
1,266.40277777777777,3.189543118079504,29.37,34.58,1.5
1,256.796875,4.182053400203586,35.19,27.7,1.46
1,244.75,1.781243647448719,37.37,28.29,1.51
0,259.08333333333326,4.62779315147135,38.49,28.44,1.53
1,246.5625,6.13589672278613,38.55,26.75,1.51
1,243.5833333333333,3.084100643793742,35.34,29.76,1.5
0,248.421875,3.052280218340456,0.0,0.0,0.0
0,241.421875,3.125293730758131,38.8,26.47,1.48
0,261.58333333333326,2.657597184181213,36.95,28.16,1.46
1,233.5,2.090360970132881,35.74,24.81,1.5
0,254.765625,3.68515258282423,0.0,0.0,0.0
1,266.09722222222223,2.147143128017584,32.09,29.38,1.5
1,234.41666666666663,2.341077087654008,40.01,24.19,1.51
1,226.17283950617283,2.119594451821881,38.89,26.61,1.52
0,269.875,3.110035944316122,31.13,31.05,1.51
0,252.265625,3.426866712979972,11.42,7.46,0.44
1,239.41666666666663,1.941601485013962,36.65,27.22,1.5
1,259.52777777777777,4.264001000258657,39.84,30.59,1.51
1,239.421875,2.418029473163188,35.77,30.02,1.49
1,263.15277777777777,4.435633636183208,31.94,29.91,1.47
1,255.22222222222223,2.951357543468475,38.34,31.41,1.48
1,232.1875,1.949268519878387,36.92,26.72,1.53
1,256.640625,3.625942140817642,33.39,28.53,1.46
1,231.34375,2.283702433109283,39.42,25.28,1.53
1,238.59375,2.442683450877666,37.38,27.03,1.53
1,254.578125,4.426576105877757,36.77,25.06,1.41
1,237.56944444444443,2.73571514007118,38.38,27.79,1.48
1,229.47222222222223,2.173697878089216,37.51,27.91,1.5
1,231.09722222222223,1.549567571944661,39.17,25.62,1.52
1,240.578125,1.806984790600836,35.07,29.78,1.47
1,267.71875,3.219727771356702,28.48,34.11,1.51
0,265.28125,1.877944651059806,37.12,25.77,1.54
1,245.953125,1.93002596590668,39.17,28.78,1.49
1,229.44444444444443,1.50142899238401,38.31,26.13,1.52
1,244.65625,2.44198215380311,37.86,30.03,1.51
1,258.56944444444446,3.278960011899471,40.59,25.3,1.5
1,239.15277777777777,3.020834360685614,36.28,25.16,1.52
1,251.9375,3.011138913221657,31.39,26.05,1.45
0,258.96875,4.886486599221826,39.18,25.18,1.53
1,229.75,1.957239599691497,37.49,27.26,1.52
1,229.13888888888889,1.562665795286496,40.33,25.77,1.52
1,257.28125,4.293384620919824,33.94,29.05,1.47
1,258.34375,2.89441891759634,36.54,29.19,1.48
1,247.921875,2.484575169160962,40.15,27.05,1.49
1,249.1805555555556,1.509069435298443,35.68,26.09,1.49
1,231.3125,1.926231206394732,43.81,25.55,1.5
1,232.4375,1.786125876009464,39.45,26.85,1.5
1,234.265625,1.458953527733684,45.11,25.63,1.49
1,267.56944444444446,2.105903377963437,37.15,30.32,1.49
0,250.5,3.002768078818917,0.0,0.0,0.0
1,256.421875,3.558868360705674,33.68,28.89,1.45
1,266.56944444444446,1.522169256375896,32.36,32.53,1.49
1,241.625,2.131883066561487,39.46,26.51,1.5
1,251.734375,2.901831038296223,31.2,26.86,1.45
0,244.5555555555556,1.335356792642011,39.98,24.97,1.53
1,264.640625,2.23093677777797,37.08,30.08,1.49
1,228.765625,2.319198523648083,37.15,26.79,1.54
1,255.84722222222223,4.713262827859984,34.04,28.42,1.46
1,252.453125,1.744848934933543,37.43,26.63,1.48
1,232.4375,1.895321215502918,40.51,25.3,1.51
1,255.61111111111111,3.291638034085433,33.17,29.99,1.46
0,252.4375,3.470992849208415,29.65,26.0,1.25
0,255.7530864197531,2.818290647165275,0.0,0.0,0.0
1,231.54166666666663,1.68089162475533,38.96,25.21,1.51
1,253.58024691358025,2.127887241634322,36.08,28.35,1.47
1,245.44444444444443,4.60530272871256,35.78,28.78,1.5
1,229.28125,2.054013059474528,37.48,27.16,1.52
1,254.16666666666663,1.604343032671346,33.78,33.16,1.5
1,240.734375,2.3570367526263,38.45,27.04,1.5
1,232.23611111111111,2.917294354622181,34.86,27.43,1.5
1,231.9753086419753,1.804076687053398,38.04,26.19,1.49
1,243.59375,3.199366309680045,35.26,30.22,1.52
0,256.47222222222223,3.524662238028315,0.0,0.0,0.0
1,250.94444444444443,2.305464922553963,35.53,27.45,1.48
1,265.671875,2.665468540973961,34.08,32.08,1.51
1,241.48611111111111,1.757726532717546,41.81,25.5,1.51
1,235.16666666666663,1.715313058760431,38.23,25.41,1.54
1,256.48148148148147,1.934192770057254,34.09,33.27,1.49
1,257.26388888888886,4.342889819708136,33.33,29.86,1.46
1,250.25,4.137123316526413,19.79,16.18,0.81
1,238.86111111111111,2.585252003537284,39.07,26.99,1.53
1,229.0,2.05180459552341,38.12,27.1,1.52
1,241.859375,3.652168057858944,36.56,31.08,1.5
1,230.8125,2.019904625602067,39.6,24.86,1.55
1,257.046875,2.530189307406545,37.8,28.66,1.47
0,236.9305555555556,2.087930103970899,34.73,29.56,1.5
1,231.69444444444443,1.533945557971795,44.19,25.31,1.51
0,235.84375,3.23656967561692,37.93,26.57,1.49
0,252.765625,4.633294774219394,0.0,0.0,0.0
1,241.0617283950617,1.329776526969156,40.86,26.15,1.53
0,267.94444444444446,3.528633346160253,0.0,0.0,0.0
1,259.234375,3.381951916031539,40.15,25.45,1.51
1,266.01388888888886,2.410008187095324,34.18,29.88,1.5
1,245.1805555555556,2.04818044271734,34.15,29.15,1.53
0,256.88888888888886,3.501232779688305,40.62,28.9,1.51
1,225.8125,1.862625857815146,40.06,25.78,1.51
1,248.56790123456787,2.071053549831296,38.98,28.62,1.51
0,234.625,1.820692477954759,0.59,0.43,0.02
1,265.72222222222223,2.160010883377658,35.25,29.42,1.5
1,238.47222222222223,2.026235847009553,34.08,28.72,1.51
1,251.66666666666663,4.46168903178639,38.48,25.68,1.47
1,242.79166666666663,1.596579430831803,36.25,27.73,1.5
0,269.5416666666667,2.055255142350992,26.58,33.84,1.48
1,259.796875,3.002089374698699,40.48,28.62,1.5
1,234.48611111111111,2.028022627035777,38.43,26.17,1.51
0,261.875,4.306136743889917,7.54,5.63,0.28
1,251.515625,1.58471920248121,37.49,26.04,1.48
1,237.2083333333333,2.297272877560721,37.02,28.28,1.49
1,252.61111111111111,4.00526046504577,41.55,23.86,1.5
1,240.94444444444443,4.66560955428415,33.75,29.88,1.51
1,255.34375,1.397032253444195,35.97,28.66,1.46
1,244.94444444444443,5.010310590267182,37.21,26.13,1.51
1,188.81944444444443,2.45047497600317,27.13,34.01,1.46
1,226.6875,2.484187226742506,35.98,28.22,1.49
0,243.02777777777777,5.155612610280514,31.5,32.05,1.51
1,229.58024691358025,1.797562660258493,37.8,27.93,1.51
0,249.875,3.116780673153698,0.0,0.0,0.0
1,231.15625,1.714954356662929,40.83,25.33,1.53
1,253.79012345679007,2.319561656610465,38.78,31.56,1.49
1,226.77777777777777,1.909719165000651,35.97,28.21,1.49
1,232.09375,2.451820699498057,37.67,26.65,1.51
1,227.0833333333333,1.787547316816118,38.22,28.66,1.5
1,249.9305555555556,5.0006712526083,38.96,28.15,1.48
1,266.8024691358025,2.051835175649619,30.29,33.04,1.48
1,240.22222222222223,2.415699978669485,37.04,26.93,1.5
1,227.71604938271605,2.124894139943299,39.61,28.17,1.52
1,235.27777777777777,2.965213393999471,35.26,26.0,1.48
1,231.4375,2.208209133706987,37.6,26.25,1.5
1,235.9135802469136,2.086535883538517,40.17,25.86,1.53
1,237.234375,1.743750501424074,39.26,28.53,1.5
1,254.125,2.443627115339041,37.34,25.45,1.47
1,255.43209876543207,3.004079587665605,32.92,28.03,1.47
1,249.84722222222223,3.376421955724557,40.45,28.69,1.54
1,255.3333333333333,3.678923166460461,37.95,29.06,1.47
1,255.15277777777777,3.171763280199634,34.18,28.47,1.45
1,238.734375,1.803698380477726,37.79,25.69,1.54
1,250.11111111111111,3.526352249085903,35.59,28.55,1.47
1,255.125,1.564479842782021,35.14,28.95,1.5
1,246.09375,1.372598952613771,36.21,27.6,1.49
1,224.71604938271605,2.262904702881236,38.7,27.94,1.51
0,244.73611111111111,1.883623386422793,12.2,10.15,0.52
1,230.390625,1.524203796871006,36.15,29.75,1.52
1,231.3125,3.452078150585294,38.75,26.89,1.52
1,252.95061728395052,3.972937283692537,37.07,26.39,1.48
1,264.515625,2.04793696757406,30.96,34.41,1.48
1,259.85185185185185,2.034682550548035,39.37,30.92,1.48
1,162.625,4.767716019494194,34.94,27.62,1.47
1,257.0246913580247,3.582172631481547,34.06,28.27,1.48
1,246.56944444444443,2.071643231643571,39.39,25.9,1.5
1,267.43055555555554,2.087331329782804,34.0,29.69,1.5
1,250.97222222222223,3.516383772095045,35.45,24.33,1.44
1,228.734375,1.823229715228081,38.62,27.04,1.54
1,255.375,2.126018076203763,33.48,30.66,1.49
1,229.52777777777777,2.326397910714149,38.57,26.38,1.51
1,253.63888888888889,4.100003761549792,39.77,27.23,1.5
1,227.09722222222223,1.777154528432422,39.55,26.39,1.5
1,248.875,1.456488679680559,36.71,30.19,1.49
1,229.0833333333333,2.127707355552249,38.1,26.91,1.51
1,264.45833333333326,2.363709742824236,18.4,16.29,0.78
1,234.765625,2.246691111475229,35.78,27.76,1.53
1,238.38888888888889,1.848917185432381,38.17,26.33,1.55
1,238.21875,2.027350578457117,39.87,26.23,1.49
1,242.27777777777777,1.69538713991642,38.73,28.47,1.5
1,230.890625,1.898178308270872,36.98,25.74,1.52
1,226.38888888888889,1.863623950216505,39.02,24.74,1.52
0,251.5833333333333,5.150329633719392,0.0,0.0,0.0
1,228.29166666666663,1.822132132947445,38.76,26.59,1.52
1,251.96875,2.954448144882917,37.91,27.9,1.5
1,230.390625,2.087029329501092,41.65,25.38,1.54
1,234.046875,1.865458890795708,39.52,26.11,1.54
0,269.734375,1.511288199573755,22.89,19.36,0.97
1,223.734375,2.143666869029403,38.61,25.85,1.52
1,256.45833333333326,1.476292105184661,35.59,28.0,1.49
0,252.90277777777777,2.307187671462695,24.55,15.41,0.88
0,251.09722222222223,1.561656064457364,38.06,26.61,1.48
1,228.421875,1.725547891110182,37.58,26.88,1.51
1,262.0,1.39611847884953,39.13,27.92,1.47
1,231.765625,2.093633227050304,36.14,27.89,1.54
1,230.125,2.160452333589395,38.01,26.24,1.5
1,270.90625,2.424618924967945,31.97,30.02,1.47
1,227.84375,1.688156095333397,37.09,26.28,1.53
0,261.28125,1.458179105073214,40.89,27.43,1.49
1,259.59375,3.364389080554247,38.86,29.42,1.48
0,252.7083333333333,3.683245470954312,0.0,0.0,0.0
0,241.91666666666663,2.73950431164768,32.85,16.89,1.1
1,251.546875,3.2861168095842,38.94,28.35,1.48
1,262.94444444444446,4.234283840490712,30.58,30.5,1.46
0,269.30555555555554,1.812761029435529,35.45,29.85,1.51
0,242.06944444444443,3.678385389347871,38.51,26.47,1.45
1,225.921875,2.392442855983973,39.24,26.87,1.52
0,241.56944444444443,2.936604396336608,0.0,0.0,0.0
1,260.09722222222223,4.945657541354498,40.23,28.33,1.53
1,237.09722222222223,1.871321806477176,38.75,27.72,1.5
1,243.52777777777777,1.920265726745129,37.53,27.3,1.49
0,240.51388888888889,1.523264322843817,23.84,19.72,1.07
1,247.21875,2.509081438183784,34.1,27.5,1.49
0,233.6875,1.929475694894791,40.74,25.24,1.41
1,230.51851851851848,1.616804694687879,38.34,26.47,1.53
1,230.13888888888889,1.628072010146247,35.71,29.77,1.51
1,233.171875,1.737872312776744,38.76,25.03,1.53
0,239.63888888888889,1.630178099705113,39.01,24.64,1.45
1,255.87654320987653,3.658803305508178,37.63,31.84,1.52
1,268.125,2.373281439145406,33.31,30.09,1.49
1,260.78125,3.124054091982543,38.88,27.22,1.5
1,253.5555555555556,2.73578824268447,35.62,29.94,1.48
1,237.16666666666663,1.464689929452207,35.21,29.48,1.5
1,240.890625,3.875469541177154,36.31,29.12,1.5
1,236.15277777777777,2.080195753938622,35.3,26.14,1.49
0,270.58333333333326,2.267177894711494,32.54,34.97,1.51
1,241.22222222222223,3.025602259569698,35.41,28.7,1.51
1,225.34375,1.27619593590498,39.24,25.17,1.52
1,262.515625,2.682554306462407,33.77,30.79,1.49
1,228.1875,1.735023745335639,38.84,26.67,1.49
1,264.28125,1.930757189169526,33.87,30.61,1.51
0,215.046875,1.379124281141493,0.0,0.0,0.0
1,233.15625,1.401171123608947,39.24,26.49,1.52
1,256.34722222222223,3.994901367359691,37.5,32.3,1.5
1,254.25,6.193176217377186,41.7,25.66,1.53
1,255.09722222222223,2.102795631521278,33.78,33.64,1.49
0,244.890625,4.50178407225758,0.0,0.0,0.0
0,229.78125,1.529806000180542,37.53,27.21,1.5
1,260.0625,3.271335928700864,39.04,30.34,1.47
0,273.59375,8.073889404535294,32.68,33.82,1.5
1,257.90277777777777,5.071442905399534,33.42,30.19,1.44
1,261.19444444444446,4.603699195716116,38.62,30.22,1.49
1,242.75,2.141775895324018,38.01,28.64,1.54
1,232.359375,1.983895965851843,37.41,26.62,1.53
1,237.66666666666663,2.013949453002877,38.1,29.08,1.52
1,233.63888888888889,1.14125614778863,44.77,26.3,1.5
1,253.703125,1.265693755820394,33.21,31.58,1.48
1,234.52777777777777,2.467595969637235,36.56,26.09,1.5
1,228.1875,2.648387546651065,11.68,7.44,0.41
0,249.125,5.428246017545462,0.0,0.0,0.0
0,237.4583333333333,1.844060876303249,37.48,26.8,1.49
1,236.8125,1.769849516451359,38.18,25.98,1.5
1,230.46875,2.304744612425566,37.94,26.36,1.53
1,246.765625,1.542487077414989,39.15,28.15,1.5
1,229.36111111111111,1.523428103162183,37.34,27.04,1.53
0,230.9375,1.926975831389427,27.54,18.71,1.08
1,245.59375,2.096538655459881,34.52,30.12,1.53
1,249.796875,3.980489989742637,40.52,28.88,1.52
1,233.3333333333333,1.938323208027416,38.95,25.34,1.49
1,266.875,2.534001532010734,33.24,30.05,1.51
1,242.21875,2.429944702424109,38.95,25.35,1.51
1,242.546875,2.207273031584918,37.08,29.79,1.5
1,256.84722222222223,1.860020914839374,40.23,26.72,1.5
1,250.8125,3.124819322489202,33.16,26.83,1.45
1,256.95833333333326,1.780661793218719,40.25,26.01,1.51
0,232.03125,1.352695320732892,23.02,14.83,0.92
1,270.078125,4.829236560501158,37.08,31.49,1.5
1,236.28125,2.450396773405373,39.33,26.98,1.51
1,231.02777777777777,2.770249817106459,39.5,26.07,1.56
1,222.625,1.7747170496732,38.55,26.97,1.51
1,228.125,2.253996681008074,39.08,26.12,1.51
0,258.421875,3.174725282937288,38.86,29.18,1.46
1,255.765625,1.857691721059382,32.99,31.86,1.5
1,266.94444444444446,2.150220696296957,38.5,27.17,1.51
1,252.43209876543207,2.118500332773467,33.32,32.04,1.48
1,252.828125,3.53916775714606,31.6,25.57,1.46
0,235.953125,2.184464797377586,39.5,24.93,1.48
1,246.15625,3.065311780199409,37.35,31.44,1.52
1,231.375,2.020023588091135,39.68,28.02,1.54
1,265.015625,2.035177433863282,36.45,30.52,1.51
1,251.65277777777777,3.40356924964322,39.02,27.23,1.47
1,250.3055555555556,3.304773159325123,35.79,28.93,1.49
1,237.84375,2.243201714009047,37.86,27.06,1.48
1,265.01388888888886,2.479968972504139,31.48,29.72,1.5
1,264.875,2.117377578280866,36.77,29.23,1.48
0,239.8055555555556,2.796758270098104,37.42,19.28,1.2
1,258.69135802469134,4.343767239723676,41.93,26.77,1.51
1,265.09722222222223,1.758673431972663,28.91,35.86,1.46
1,235.984375,2.999221105128527,36.27,27.73,1.53
1,247.94444444444443,3.498154006898403,38.3,28.82,1.51
1,246.44444444444443,2.164808517528905,37.11,28.32,1.5
1,266.65277777777777,1.535298564367824,32.99,31.23,1.52
1,259.31944444444446,4.191006412108739,22.66,19.59,0.97
1,244.75,2.618568205171161,39.17,28.52,1.49
1,231.81944444444443,1.860163618293073,37.4,28.01,1.53
1,242.859375,3.054716880433261,37.69,26.36,1.52
0,256.7916666666667,2.741754490468237,17.41,11.92,0.68
1,266.34375,1.872712020762265,37.35,30.05,1.48
0,241.0,2.491000394336879,35.02,29.85,1.47
1,230.015625,1.683466071262956,37.7,28.45,1.5
1,242.21875,2.133822960779071,36.45,27.02,1.5
1,259.88888888888886,1.974327195021841,39.94,27.76,1.53
1,234.51851851851848,2.070629179477692,36.6,27.26,1.49
1,263.45833333333326,2.939608440630966,27.97,34.38,1.5
1,233.15277777777777,2.174862156311671,37.65,26.88,1.51
1,238.765625,2.093852669931948,37.22,30.32,1.48
1,260.7361111111111,2.68859489262104,38.97,29.44,1.51
1,229.11111111111111,1.417408304909865,37.53,26.84,1.51
0,239.52777777777777,1.686893678373761,0.0,0.0,0.0
1,263.8024691358025,2.728262902777872,31.84,31.45,1.48
1,254.578125,2.518556845374405,40.15,26.49,1.53
1,253.1805555555556,3.184054375522666,37.61,22.95,1.47
1,250.171875,3.816155344247818,37.16,28.85,1.47
1,269.015625,2.40290676895529,30.79,31.81,1.48
1,258.078125,2.18147028516978,35.73,29.32,1.49
1,236.95061728395052,1.837410390377045,39.22,25.75,1.5
1,260.109375,2.203999095596373,37.83,26.51,1.47
1,247.03125,3.68894371483475,34.66,29.39,1.5
1,234.44444444444443,1.893731767932574,37.69,26.0,1.51
1,255.78125,2.907271407544613,43.35,26.85,1.48
1,266.484375,2.251021788455546,36.6,32.1,1.53
1,251.484375,4.671956507489086,35.64,30.61,1.48
1,263.40277777777777,3.556657889650928,33.58,31.42,1.48
1,238.75,2.256225435063243,37.91,25.72,1.49
1,238.296875,2.216729714535177,34.78,30.95,1.5
0,230.22222222222223,2.116335478829749,38.29,26.48,1.52
0,249.359375,1.451393259689212,18.32,12.27,0.74
1,240.69444444444443,1.891215626564291,36.61,25.75,1.52
0,252.84722222222223,4.39935424261623,0.0,0.0,0.0
1,225.328125,2.139200227335095,34.65,24.24,1.34
1,244.5,2.95277004606194,35.04,29.72,1.52
1,249.44444444444443,2.377404967943827,37.86,26.98,1.5
1,230.953125,1.447687857784331,39.22,25.31,1.53
1,237.88888888888889,1.634616008235349,38.32,25.77,1.54
0,251.51388888888889,2.850830271012253,0.0,0.0,0.0
1,262.69444444444446,4.62446423371633,31.37,31.76,1.46
1,230.54166666666663,1.566225468284554,38.07,27.33,1.51
1,233.36111111111111,1.227705097032918,38.29,26.9,1.52
0,251.71875,3.740709338337183,39.59,26.52,1.55
1,268.203125,2.228904048912227,30.13,30.75,1.47
1,264.96875,2.146265137940645,38.08,29.59,1.5
1,245.52777777777777,2.07508098334074,37.63,30.0,1.48
1,253.390625,1.749036056920886,33.57,31.86,1.47
0,259.796875,2.503964920528233,38.6,27.9,1.52
0,262.40277777777777,6.47423176964124,32.58,27.96,1.45
1,236.140625,1.68371167127043,35.79,29.52,1.51
1,233.90625,2.019725264050066,39.69,26.94,1.52
1,238.734375,2.547728836536407,35.62,30.48,1.49
1,262.05555555555554,5.144815100563898,29.05,31.55,1.46
1,229.04938271604945,1.985448661484296,40.16,25.86,1.52
1,229.359375,2.398955964483321,37.14,28.1,1.52
1,238.31944444444443,1.895418776406182,40.08,26.97,1.5
1,265.09722222222223,1.967115129033725,31.74,30.72,1.48
1,258.6666666666667,4.182813010281987,34.17,28.53,1.46
0,244.41666666666663,2.600795201957226,40.46,26.07,1.52
1,222.65277777777777,1.636749537454711,37.96,23.83,1.51
1,266.796875,2.010641125030816,29.3,34.24,1.48
1,236.76388888888889,1.424643961091836,34.41,28.87,1.51
1,240.859375,1.981061437167227,34.47,27.23,1.49
0,232.679012345679,2.773266034361757,23.72,15.13,0.9
0,262.01388888888886,1.760791810850302,38.13,30.08,1.5
0,253.16049382716048,5.851735894326812,13.51,8.42,0.5
1,258.21875,1.821608289144933,34.55,30.47,1.48
0,261.453125,2.64602680131793,26.57,29.77,1.35
1,237.8333333333333,1.73017472277085,37.2,31.08,1.49
1,266.53125,2.517430659383535,31.91,30.95,1.47
1,237.015625,2.110255349427462,38.5,26.0,1.52
1,237.6875,2.646323058754206,36.03,25.49,1.52
1,249.06944444444443,4.382568726936978,38.75,26.14,1.48
0,266.4861111111111,2.561075593862268,33.74,30.41,1.43
1,221.125,2.865467932489183,37.46,24.32,1.47
0,247.19444444444443,2.110577132966784,19.34,16.0,0.84
0,256.18055555555554,6.060620174639756,29.67,15.53,1.05
0,264.4861111111111,2.909654856555992,27.92,21.66,1.15
1,245.78125,5.989602277986706,35.75,27.62,1.52
0,252.640625,3.187557020224631,0.0,0.0,0.0
1,257.06172839506166,3.744843620576976,35.63,26.72,1.46
1,260.44444444444446,1.990581601858139,40.38,26.23,1.51
0,244.54166666666663,3.436060246494081,35.43,27.24,1.49
1,264.640625,2.908693859353662,30.43,30.0,1.48
1,255.26388888888889,1.699300669961505,41.51,26.81,1.51
1,233.375,1.494624584913254,39.1,25.31,1.54
1,261.75,4.496569529175759,35.31,30.3,1.5
1,245.265625,1.458393899723887,43.84,25.28,1.52
1,232.203125,2.569561323150992,40.14,24.9,1.51
1,244.9305555555556,3.887560981015364,36.51,28.19,1.53
1,231.109375,2.304797826334834,39.19,26.69,1.53
1,236.27777777777777,1.133239277535015,39.18,26.5,1.49
1,244.04166666666663,2.342110452552637,37.66,28.98,1.5
0,267.4861111111111,1.736355560521285,12.61,8.74,0.49
1,224.38888888888889,3.023563322921594,18.58,13.28,0.74
1,257.9166666666667,2.507305102215873,40.64,27.97,1.49
0,263.84375,2.504096696153283,36.5,29.63,1.53
1,270.2361111111111,2.065401757756869,26.88,31.96,1.49
0,262.21875,1.836598846130073,39.19,28.93,1.49
1,252.9375,5.382989750243724,38.23,28.77,1.48
1,261.95833333333326,3.284414124985536,37.16,31.31,1.51
1,257.01388888888886,2.73141994410091,33.02,31.96,1.47
1,253.65277777777777,3.686560829480489,30.24,28.74,1.44
1,246.0123456790124,4.56606274916802,34.83,29.51,1.49
0,246.63888888888889,1.998154005242719,31.71,19.36,1.14
1,257.15277777777777,4.547167610790996,38.76,28.88,1.48
1,239.15625,2.730913260020316,36.1,25.1,1.52
1,248.1875,3.254677888937294,36.68,29.14,1.48
1,253.8333333333333,3.052538452876939,37.55,28.68,1.48
1,247.54166666666663,4.455146295328935,36.43,28.72,1.5
1,244.296875,2.509331924840808,36.32,25.23,1.52
1,237.5555555555556,1.966789957181907,37.64,25.59,1.5
1,148.97530864197532,1.723158802927994,40.41,25.44,1.5
1,244.140625,1.974098730832338,37.47,27.77,1.5
1,255.47222222222223,2.437427605191866,38.01,32.38,1.48
1,249.953125,2.888609023764729,40.96,27.48,1.52
1,232.48611111111111,2.320814604560534,38.08,27.83,1.51
1,229.875,1.689314098821746,40.77,27.55,1.52
1,231.921875,1.599072717130184,39.69,24.9,1.53
1,260.7037037037037,2.448824048778157,40.13,27.21,1.53
1,248.84722222222223,1.603293547199832,34.97,25.86,1.5
1,262.703125,5.001734117977322,37.84,27.48,1.49
1,260.12345679012344,3.659899286281915,36.18,26.36,1.55
1,264.51388888888886,2.699183887077703,30.31,32.18,1.48
0,220.66666666666663,2.055583497624339,38.64,24.29,1.5
1,231.84722222222223,1.645400795671675,37.54,27.77,1.53
1,257.94444444444446,3.33642419675986,34.39,28.26,1.47
1,229.09722222222223,1.423493197394742,37.65,26.82,1.51
1,241.125,2.297529223892424,38.28,25.5,1.51
1,258.09722222222223,2.745371345016691,37.7,28.58,1.46
1,268.0,2.207062092920145,33.43,30.12,1.51
1,242.8125,2.944811483845115,37.91,26.6,1.5
0,234.703125,1.928019571118057,39.99,26.38,1.51
1,234.15625,3.526114623993635,37.35,26.18,1.55
1,242.8125,1.39696685783565,34.72,29.68,1.51
1,255.421875,4.083905903622508,32.62,29.64,1.49
0,259.34722222222223,2.896856611801518,39.8,28.18,1.46
1,223.27777777777777,2.606067194706864,36.78,24.38,1.43
1,221.7083333333333,1.255658019747999,37.86,28.29,1.49
0,240.28125,2.663866796530783,15.46,8.92,0.52
0,249.69444444444443,1.33273621979687,16.3,12.31,0.68
1,242.48611111111111,1.426142447524601,36.59,26.06,1.53
1,259.02777777777777,4.88128701514668,37.67,30.22,1.5
0,255.5555555555556,3.950200236505932,41.64,25.48,1.51
1,252.01388888888889,2.773010785380999,37.46,25.46,1.49
1,240.0555555555556,1.728516173859437,37.15,25.83,1.52
1,230.359375,2.001654447056353,39.49,26.84,1.55
1,235.358024691358,1.995005750361784,38.09,26.43,1.51
1,262.80555555555554,2.232898483673731,33.4,30.83,1.51
1,229.96296296296296,1.37551588187983,37.04,25.2,1.54
1,229.3125,1.358354986645281,37.4,28.37,1.5
1,227.453125,1.961029290221632,37.14,25.89,1.49
1,230.75,2.017449583858252,38.09,28.5,1.52
1,246.25,2.147535218960709,38.91,27.08,1.52
1,253.4305555555556,2.491003967821598,39.07,28.97,1.5
1,237.47222222222223,2.299131877720356,39.21,27.64,1.5
1,234.76388888888889,1.792066586514314,38.03,25.74,1.51
1,230.71875,2.30118140950799,35.68,29.95,1.51
1,247.953125,4.175052988342941,39.03,25.65,1.5
0,234.15277777777777,2.027938733498255,0.0,0.0,0.0
1,255.54166666666663,4.161162886354658,35.38,26.93,1.47
0,250.34722222222223,2.147850622733434,5.23,2.08,0.15
1,254.578125,3.764915463514626,30.56,31.93,1.47
1,224.6875,2.577264057472348,37.84,25.01,1.47
1,224.296875,1.956025449559093,38.91,26.95,1.51
1,231.01388888888889,2.102047594885031,31.63,21.06,1.21
1,240.046875,2.225333442911506,37.8,29.17,1.49
1,232.14814814814807,1.103723243430809,38.48,25.54,1.52
1,232.94444444444443,1.712078580425845,37.67,25.85,1.51
1,231.34567901234567,1.891263759430544,40.3,26.32,1.49
1,241.4691358024692,1.976360259232698,39.32,26.11,1.5
1,256.625,3.804998872801661,39.02,29.33,1.49
0,238.890625,2.813461464829743,0.0,0.0,0.0
1,230.8125,2.192947214469314,39.39,27.94,1.53
1,258.015625,2.234777146950364,38.07,28.73,1.53
1,230.109375,2.328631181269884,37.51,26.02,1.49
1,253.0,3.276655138470232,35.35,25.9,1.47
1,229.27777777777777,1.905424530307452,38.4,26.65,1.52
1,223.984375,1.910682555288076,38.62,26.58,1.51
0,233.765625,2.891526986844838,11.97,8.57,0.48
1,255.515625,2.015387133695185,34.06,29.77,1.47
1,240.640625,2.694209674373269,42.2,25.53,1.48
1,234.72222222222223,2.864047246674696,40.63,27.35,1.45
0,227.44444444444443,2.589310390253862,39.59,25.38,1.51
0,265.08641975308643,2.925823622279697,39.6,26.54,1.54
1,230.0625,1.367389606311917,38.6,26.58,1.53
1,261.6111111111111,2.881015420787864,29.47,31.48,1.5
0,251.16666666666663,2.230105780892902,0.0,0.0,0.0
1,231.8125,1.441081038676202,36.84,26.89,1.54
1,254.72222222222223,3.242546257873376,37.97,27.68,1.51
1,256.94444444444446,3.565096841090255,33.52,29.23,1.45
0,246.76543209876544,3.029203453181702,0.0,0.0,0.0
1,239.7407407407408,1.519680705335405,35.86,26.0,1.5
0,239.84375,2.171943262219429,24.79,15.42,0.87
1,261.7037037037037,2.263228312686638,37.81,27.48,1.53
1,243.6875,4.429910442791879,35.56,29.63,1.5
1,221.828125,1.550560605712235,37.37,24.41,1.5
0,253.875,3.087294970949491,40.59,22.96,1.46
1,248.2716049382716,2.065430829554428,37.32,33.11,1.48
0,237.88888888888889,3.254698824551371,35.48,25.51,1.51
1,229.23611111111111,2.477670567731062,38.3,25.79,1.51
0,243.359375,2.085634517483413,37.41,26.1,1.53
1,256.97222222222223,5.18235754304462,40.18,28.44,1.49
1,266.56944444444446,2.069737596644296,34.09,32.88,1.51
1,231.1805555555556,2.247875807185968,37.1,26.19,1.52
1,228.890625,2.475482511334121,38.99,27.11,1.49
1,246.51851851851848,3.268176912525554,38.06,28.71,1.49
1,232.77777777777777,2.472559640804926,39.8,24.63,1.53
1,263.02777777777777,2.305474002328184,34.49,30.99,1.48
0,251.734375,2.031124711036682,42.2,26.09,1.47
0,250.34722222222223,3.220709950559669,41.91,28.29,1.46
1,233.65277777777777,1.982441982461347,40.17,27.41,1.48
0,252.625,1.415086246199078,34.51,26.78,1.5
1,258.609375,3.175134834833443,38.43,28.95,1.46
0,252.6172839506173,3.468016361748731,9.78,7.48,0.4
0,240.75,3.539017401635647,35.73,25.65,1.52
1,241.11111111111111,2.424311518669128,37.1,27.1,1.51
0,260.5,3.867194356189834,37.32,31.13,1.49
1,230.5625,2.035761718638241,39.3,25.99,1.56
1,254.171875,1.477393942885101,33.16,29.83,1.46
0,261.609375,2.720905790105462,39.65,27.3,1.5
1,234.84722222222223,1.752795170578692,38.21,28.46,1.5
0,247.72222222222223,2.797130375272698,0.0,0.0,0.0
1,256.6875,5.747713677585126,27.93,33.04,1.45
1,266.79012345679007,2.481971035768956,29.08,34.87,1.51
1,231.8055555555556,2.303342783616649,38.69,26.71,1.52
1,251.125,2.612435667775571,35.71,26.61,1.48
1,242.40277777777777,6.47503702590863,41.88,26.68,1.49
1,225.66666666666663,2.215184276302656,37.28,25.21,1.51
1,225.8395061728395,1.528738547254492,37.2,26.42,1.5
1,223.87654320987653,1.885634526794339,37.71,24.16,1.45
1,243.734375,2.790941648185253,30.77,24.34,1.3
0,240.328125,2.9584517814219,0.0,0.0,0.0
1,250.9305555555556,4.874207197792,38.14,27.89,1.51
1,234.171875,2.056397248990834,37.83,24.84,1.53
1,231.9305555555556,1.642016563150618,34.83,28.89,1.5
1,251.859375,4.363287223502994,37.51,24.42,1.38
1,238.90277777777777,2.278312695523103,35.8,28.49,1.49
0,256.4166666666667,4.53158346646362,44.65,19.93,1.44
1,245.171875,3.396608636714518,36.53,28.22,1.52
0,229.19444444444443,1.680366973082225,18.49,13.72,0.78
1,243.41666666666663,2.274519195159276,39.18,27.08,1.52
1,242.98611111111111,3.805773726767964,40.01,25.14,1.44
1,143.09722222222223,2.42953472211957,38.66,29.29,1.5
0,246.640625,1.923537871800363,27.37,17.95,1.09
1,259.40277777777777,1.805509462952614,38.72,29.06,1.5
0,246.0555555555556,3.259328980412748,0.0,0.0,0.0
0,258.765625,3.72082765866071,16.5,17.42,0.81
0,266.640625,2.398084533400834,21.96,20.61,0.94
1,229.453125,1.504372362978756,36.43,25.57,1.51
1,255.34722222222223,2.280986427432961,34.69,29.48,1.48
0,255.046875,7.002275586128236,39.54,30.07,1.52
1,231.86111111111111,1.668531690206793,38.8,29.22,1.54
1,234.52777777777777,2.658296935260296,38.57,26.57,1.52
1,255.5833333333333,3.114826851420932,33.53,27.19,1.46
1,252.390625,2.744671269319952,37.54,30.07,1.49
1,255.21875,1.933537574484944,35.09,30.44,1.49
1,228.390625,1.928298780694604,28.53,20.27,1.17
1,250.890625,3.001557380892336,37.0,27.99,1.48
1,258.6111111111111,4.370532789991961,35.77,26.36,1.37
1,257.65277777777777,1.885636361936728,36.33,30.2,1.49
1,254.2083333333333,3.654329980413119,38.41,24.89,1.5
1,243.8333333333333,2.739095747470856,35.3,28.75,1.51
1,228.015625,1.895075153559446,38.0,27.97,1.51
1,259.6666666666667,3.204815160897043,39.32,28.2,1.49
1,243.41666666666663,3.60228868573904,34.92,30.03,1.52
1,251.0833333333333,3.402020729250378,33.37,30.32,1.47
1,254.02777777777777,4.717908873326248,27.81,34.35,1.44
0,252.21875,4.272503077983856,0.0,0.0,0.0
1,234.46875,1.720835919491947,38.22,25.99,1.51
0,238.679012345679,1.352759956577678,38.11,26.84,1.52
1,263.38888888888886,1.747483999364906,36.97,31.23,1.5
1,250.0,3.155064642429352,34.2,29.25,1.5
0,251.375,3.249209356494248,0.0,0.0,0.0
1,250.66666666666663,1.905583453767094,37.15,26.47,1.48
1,231.27777777777777,2.163492381572723,38.95,25.16,1.52
1,232.1805555555556,1.570851533777184,38.43,26.19,1.51
1,231.34375,2.298437857069075,43.16,26.17,1.47
1,231.51388888888889,1.561273049149248,37.04,25.89,1.51
1,239.5555555555556,3.110771558350987,36.97,27.44,1.51
1,257.2716049382716,3.210456254305663,39.53,26.45,1.5
1,233.84375,2.077583783306181,36.67,25.85,1.55
1,265.078125,3.72293271496892,31.95,30.8,1.49
1,248.34375,2.145548012107611,38.33,28.76,1.48
1,246.21875,2.111011339351535,42.21,25.78,1.52
1,254.7530864197531,2.670346456545371,34.31,32.61,1.49
1,262.43055555555554,4.108772332469623,36.06,29.87,1.52
0,239.66666666666663,2.576380890276697,22.73,18.79,1.02
1,229.5833333333333,1.897481732070446,37.21,26.69,1.51
0,234.875,1.565343770198524,39.07,25.86,1.49
1,260.140625,3.005860170349479,38.27,27.65,1.49
1,255.66666666666663,3.802336453563637,32.41,29.92,1.47
0,244.875,3.225904813967645,36.06,27.88,1.48
1,246.09375,2.949751059524715,39.64,24.97,1.53
1,254.484375,4.327594911679628,38.22,29.1,1.49
1,255.02469135802468,3.57940928288448,29.36,32.5,1.45
0,235.44444444444443,2.701209645304415,37.74,26.25,1.44
0,250.859375,4.06532627902925,0.0,0.0,0.0
1,257.5925925925926,3.324225257944178,39.99,28.97,1.49
1,237.03125,2.1261000726372,39.11,25.54,1.51
1,246.88888888888889,2.198201794683198,40.09,26.61,1.49
1,256.109375,4.315656591206789,29.92,30.42,1.45
1,264.03125,1.862454651854932,29.86,31.77,1.5
1,262.72222222222223,1.950773076050811,39.74,27.21,1.46
1,256.328125,4.765491797588766,36.31,27.8,1.46
0,262.84722222222223,3.519004725747638,10.51,9.76,0.45
1,229.4583333333333,1.504840613239341,37.78,26.3,1.52
1,243.75,2.134362488053739,39.8,26.55,1.52
0,249.3333333333333,8.28402323689726,0.0,0.0,0.0
0,241.48611111111111,2.081453332470523,4.59,3.19,0.19
1,233.27777777777777,1.534555341634485,38.7,26.94,1.52
1,224.15277777777777,1.878263586097293,37.59,24.11,1.45
0,254.5555555555556,5.346159982092588,18.01,10.06,0.65
1,233.75,3.1653304166264,39.14,26.33,1.52
1,233.25,1.889179885387421,39.34,25.48,1.53
1,240.11111111111111,2.124125574106051,38.12,26.9,1.52
1,229.078125,1.912643412128091,38.08,25.74,1.52
1,228.078125,1.683073366060853,38.76,26.47,1.52
1,253.140625,2.363613964058459,35.63,26.01,1.45
0,238.796875,2.909574226476252,36.57,25.45,1.51
0,241.671875,2.319901770912111,38.23,27.3,1.5
1,230.43209876543207,1.890257681593483,37.85,27.54,1.54
0,231.046875,2.32727958727628,29.18,19.05,1.05
1,241.81944444444443,1.926630796657668,37.05,30.21,1.49
1,261.30555555555554,2.556017356614272,36.63,30.45,1.52
1,243.984375,2.406108157709241,42.2,25.85,1.52
1,244.203125,2.510220568627119,38.0,27.69,1.52
1,245.65625,3.751599178649485,36.6,28.26,1.5
0,236.4305555555556,1.932390616999732,33.99,28.18,1.49
1,252.953125,1.816052397713065,37.03,27.83,1.48
1,238.3333333333333,4.675391244391602,35.13,30.42,1.47
1,241.9753086419753,1.843082001179825,39.19,25.62,1.49
1,241.015625,1.607591482810676,39.13,26.27,1.51
1,259.63888888888886,2.100448152257337,39.4,29.6,1.47
1,263.4691358024691,2.272843697924673,34.07,30.47,1.5
1,261.6111111111111,1.96035649213526,37.59,29.78,1.52
0,243.73611111111111,3.890404469437069,19.89,12.26,0.72
1,252.72222222222223,3.798662907547421,33.93,29.13,1.46
1,231.9305555555556,1.449039532078637,39.06,25.57,1.51
1,229.171875,2.430664164945483,38.61,26.56,1.53
0,255.125,5.759266894724634,39.71,28.29,1.51
0,232.59375,2.061113770119846,39.38,26.46,1.52
1,230.1875,2.186888597905636,37.25,27.66,1.51
0,254.79166666666663,3.651679406563441,13.45,7.6,0.49
1,232.97222222222223,1.65543835858504,41.19,25.18,1.51
0,251.5,3.339200614951551,1.57,0.73,0.05
0,263.90625,4.322382536716759,36.08,29.75,1.52
0,247.796875,2.78285320661962,31.96,30.26,1.5
1,253.61111111111111,2.732169690231482,36.97,24.23,1.47
1,231.4305555555556,1.50348412245512,39.27,25.88,1.51
1,252.390625,3.1515002688393,40.13,24.21,1.49
1,250.11111111111111,2.917190159360568,42.12,24.96,1.53
1,255.3055555555556,2.119857256611188,34.38,28.84,1.47
1,233.265625,1.427744037471712,38.54,27.81,1.49
0,248.984375,3.223237642087042,0.0,0.0,0.0
1,248.51388888888889,3.182150451673402,35.91,27.45,1.49
1,235.65625,2.3926817830652,39.48,25.73,1.51
0,245.22222222222223,2.883255180753308,20.53,12.06,0.75
1,228.30864197530863,1.675458862457746,39.64,26.02,1.51
1,235.5,3.548643714748323,35.91,27.69,1.54
1,231.7083333333333,2.379312473038832,39.42,25.14,1.54
1,261.9166666666667,4.938860901527936,32.22,31.93,1.49
1,242.5555555555556,2.359437877105342,34.9,30.33,1.51
1,236.0,1.985196893597827,37.62,26.09,1.51
1,256.8125,4.479293812997639,36.51,29.39,1.51
1,235.5,2.505218669772148,41.99,25.04,1.49
1,248.625,3.481499549932778,30.78,27.92,1.48
1,263.1111111111111,2.864953094058567,30.99,33.85,1.5
0,267.51388888888886,1.414142780833774,35.33,30.71,1.51
1,228.875,2.050663951784372,37.08,28.04,1.52
1,251.234375,1.835148142650723,35.63,26.7,1.49
1,230.90277777777777,1.613033503293991,38.08,28.5,1.52
0,249.765625,2.524755558930337,0.0,0.0,0.0
0,260.109375,3.084727083332837,0.0,0.0,0.0
1,235.0625,2.31786563899368,39.22,24.86,1.54
0,248.81944444444443,6.646817945771748,0.0,0.0,0.0
1,262.390625,3.794639528729022,30.98,32.03,1.49
0,249.265625,4.109197571873665,0.0,0.0,0.0
1,232.46875,1.660838169977069,41.03,24.87,1.49
1,234.36111111111111,1.388224525584115,37.81,26.08,1.5
1,265.0740740740741,2.292439693286095,36.29,30.06,1.49
0,251.71875,3.383717099204659,44.24,26.23,1.49
1,239.34567901234567,2.489101975788305,42.44,26.09,1.49
1,237.75,3.055608726106584,38.9,27.91,1.49
1,242.375,2.233186842873693,36.48,31.76,1.49
1,255.484375,4.205731524154544,38.92,26.65,1.5
1,249.5308641975309,4.297286694432482,37.96,27.93,1.48
1,249.90277777777777,4.505866438150406,36.36,28.15,1.48
1,239.66666666666663,1.981896855764919,38.43,28.24,1.54
1,230.9583333333333,1.820579144689772,38.62,26.58,1.49
1,251.9305555555556,1.91794198917018,34.03,28.87,1.5
1,248.1875,3.489587727934122,38.99,27.91,1.51
1,232.390625,2.347564391791821,38.83,27.68,1.52
1,253.31944444444443,3.281083895100488,37.67,29.68,1.49
1,228.6805555555556,1.718684141006735,37.01,27.67,1.51
1,255.77777777777777,1.588331758975983,34.3,33.36,1.49
1,229.2962962962964,2.015654487374388,37.78,25.66,1.49
0,252.48148148148147,3.968360152509478,0.0,0.0,0.0
1,255.828125,1.636764196678996,36.57,34.06,1.49
1,228.8055555555556,1.918051290843222,38.73,27.18,1.52
1,254.28125,1.714602269232273,34.76,28.75,1.49
0,248.9305555555556,4.267450834314029,44.44,23.4,1.53
1,263.17283950617286,2.565886381231708,35.97,30.34,1.49
1,234.43209876543207,2.138390831005426,38.71,25.39,1.52
0,257.2345679012346,3.486007099534258,34.29,28.78,1.47
1,237.375,1.673931940458715,37.74,24.64,1.5
1,251.65625,3.965191235765815,38.7,28.64,1.48
1,260.06944444444446,4.104059274825785,36.72,28.43,1.48
1,230.4375,2.315404956229031,37.32,25.99,1.51
1,229.625,1.54880943056196,37.39,29.41,1.5
1,253.3055555555556,3.504114930828413,33.38,26.22,1.45
1,258.58024691358025,2.418399359708951,37.28,29.57,1.55
1,242.71875,2.94795845169574,37.25,29.72,1.5
1,249.19444444444443,3.489431877930959,39.5,23.92,1.46
1,257.921875,3.36615888401866,37.99,29.31,1.49
1,233.34375,2.420102371834219,38.25,26.34,1.5
0,248.015625,3.36142042092979,28.26,18.24,1.03
0,257.828125,6.679859475232662,0.0,0.0,0.0
1,259.671875,4.585354172624648,42.15,28.25,1.48
1,250.21875,3.137830439023674,36.57,29.79,1.48
0,265.984375,1.335951758548617,4.24,3.65,0.19
1,241.09375,2.992523610591888,39.09,27.13,1.51
1,255.875,3.589214583858848,32.57,27.34,1.45
1,237.23611111111111,2.154564395546913,34.32,29.48,1.5
1,252.390625,1.382267906330526,33.55,32.65,1.48
1,256.5061728395062,1.939748137085526,36.93,32.28,1.49
0,266.25,1.442922574467957,34.17,35.01,1.51
1,234.31944444444443,2.466443166964584,41.32,24.9,1.48
1,240.29166666666663,2.453265445927779,41.83,26.71,1.54
1,234.75,1.848511448130012,37.36,26.75,1.51
0,264.34722222222223,1.555443219012684,37.41,30.3,1.49
1,230.640625,2.2062050960958,39.59,26.63,1.53
0,257.671875,3.22048151306808,2.48,2.11,0.11
1,229.515625,1.85236812196672,39.36,25.41,1.54
1,241.015625,2.431294648908079,40.89,25.8,1.51
1,250.51388888888889,3.454711391694016,36.42,29.09,1.49
1,264.56944444444446,3.871337603363726,37.38,29.91,1.52
1,254.94444444444443,2.754270191821787,32.29,28.8,1.47
1,245.25,2.037298755513297,19.59,10.82,0.68
0,237.39506172839504,2.423688605979637,37.85,27.03,1.51
0,255.48611111111111,3.185091972351074,36.4,29.12,1.48
1,244.46875,2.965851035900414,34.75,28.67,1.51
0,241.9305555555556,1.698833377824889,41.33,27.8,1.48
1,225.6875,2.184916412457824,37.84,25.03,1.52
1,246.59375,4.072954645380378,36.28,29.77,1.5
1,265.58024691358025,1.906004264030928,28.47,36.06,1.47
1,228.48611111111111,2.053610362112522,40.49,26.58,1.52
0,247.84375,2.330401762388647,41.42,28.83,1.48
1,233.11111111111111,2.055805915759669,37.34,28.39,1.52
1,247.26388888888889,1.557767213218742,41.02,26.09,1.52
1,228.9375,1.160320695489645,38.44,26.28,1.51
1,263.109375,3.057747796177864,29.9,31.88,1.5
1,268.15277777777777,3.899936426844862,34.59,32.94,1.5
1,258.9166666666667,1.439361040790876,38.94,28.05,1.49
1,232.625,3.939780043438077,36.49,26.07,1.51
0,230.90277777777777,2.054427137805356,19.84,14.43,0.8
1,239.90625,2.717696372419596,32.41,30.53,1.49
1,234.4583333333333,3.979027094940344,34.69,23.78,1.33
1,249.79166666666663,1.984862354894479,40.36,28.55,1.5
0,266.75,3.278340168297291,35.31,31.76,1.49
0,230.046875,0.078338880091906,29.72,18.23,0.96
1,238.109375,1.898099027574062,38.62,27.77,1.5
1,244.36111111111111,2.654242380625672,36.56,31.09,1.48
1,257.015625,4.430797325447202,39.13,28.68,1.49
1,223.5,1.886560489734014,37.27,24.8,1.51
1,234.765625,2.337496056221426,41.33,25.01,1.48
1,241.078125,1.784040155820549,37.19,27.87,1.5
0,260.421875,4.10286099743098,38.6,28.51,1.51
1,245.36111111111111,4.738919525510736,33.68,29.14,1.53
1,232.31944444444443,2.202050377925237,38.52,26.45,1.49
1,245.1851851851852,3.119435912297096,35.7,29.3,1.53
1,238.953125,2.403661865741014,35.06,30.13,1.5
0,263.625,4.059964992933806,0.98,0.92,0.04
1,252.890625,2.84290558937937,36.96,23.34,1.47
1,265.71604938271605,2.217208652584641,34.33,30.12,1.5
1,238.97222222222223,1.148290514945984,40.51,26.37,1.53
0,227.11111111111111,2.356144017643399,37.16,27.33,1.53
0,242.6805555555556,2.36103537099229,0.0,0.0,0.0
1,245.515625,3.606626709923148,35.23,28.58,1.51
1,244.22222222222223,2.273694936140084,37.49,27.14,1.49
1,262.80555555555554,2.113919470045301,34.61,29.86,1.55
1,233.734375,2.148670362308621,37.49,27.61,1.53
1,264.33333333333326,3.973045768009292,39.09,28.02,1.5
0,254.0625,4.624826201237738,40.35,27.92,1.52
1,246.56944444444443,4.269352537062433,37.15,29.87,1.48
1,237.66666666666663,2.76686787025796,38.78,27.11,1.51
1,260.375,3.594276529736817,36.25,26.31,1.51
1,240.3055555555556,1.744086145526833,34.69,31.66,1.49
1,243.25,3.026445629696051,35.14,28.63,1.53
1,234.66666666666663,1.930471448986619,36.93,26.59,1.53
1,249.53125,3.538621999323368,39.71,28.94,1.53
0,232.78125,2.378685940057039,39.79,27.91,1.48
1,240.671875,2.114857098087668,35.79,26.92,1.52
1,259.44444444444446,2.780422223938836,38.55,28.84,1.49
1,239.88888888888889,2.247341376211908,36.11,25.53,1.52
1,253.890625,4.159858622588218,32.76,28.49,1.45
1,232.97222222222223,1.865753458605872,37.69,26.14,1.5
0,237.6049382716049,2.261426953621853,6.71,4.52,0.28
1,229.4305555555556,2.601070106857353,37.97,26.48,1.49
1,247.9305555555556,2.686944242980745,35.42,31.12,1.49
1,243.0,3.592807618901134,37.28,26.14,1.52
1,249.88888888888889,2.200394081572691,36.59,26.91,1.48
1,265.58333333333326,2.20530558625857,34.29,28.66,1.5
0,232.63888888888889,1.854181033041742,28.72,19.57,1.1
1,264.33333333333326,3.504764959216118,34.86,28.94,1.48
1,228.76388888888889,1.993441365659237,36.57,25.79,1.5
1,251.77777777777777,3.50599380582571,40.77,25.27,1.49
1,235.44444444444443,1.573434866964817,35.52,26.38,1.49
0,256.265625,3.070044793188572,44.33,23.0,1.52
1,234.125,1.77385219766034,37.51,25.66,1.53
1,265.984375,1.978846906684339,30.42,29.19,1.48
1,257.875,4.763547729286882,36.21,27.93,1.46
1,242.015625,2.039256690070033,37.76,26.94,1.52
1,244.69444444444443,2.232798192236158,34.86,32.17,1.51
1,238.21875,2.30508857127279,39.26,27.02,1.48
1,262.9375,4.906884064897896,30.16,32.27,1.5
1,251.3125,2.76279972679913,33.48,29.63,1.47
1,254.171875,1.545034703798592,32.82,32.9,1.49
1,252.0,5.97092872671783,40.13,29.16,1.52
1,269.046875,1.531949628144503,23.75,37.1,1.48
0,270.9012345679012,3.038033612716345,32.53,29.78,1.5
1,255.6805555555556,4.250689504875077,38.22,28.34,1.49
1,229.9305555555556,2.162053298619059,37.4,27.73,1.51
1,233.078125,2.002926256507635,39.17,27.05,1.52
1,233.3125,2.302128460258245,38.75,24.96,1.53
1,252.5,2.717682104557753,33.91,28.12,1.47
1,225.640625,1.306724154390395,37.16,25.45,1.51
1,259.65625,3.527873900718987,40.04,28.59,1.49
1,190.52777777777777,4.063645482063293,29.14,29.21,1.48
1,231.31944444444443,2.525526900258329,39.29,26.2,1.51
1,253.76388888888889,4.304060719079441,29.06,32.41,1.45
1,252.77777777777777,3.312064784544486,32.39,26.13,1.44
1,251.0,4.474489397472805,38.65,28.56,1.5
1,258.96296296296293,2.955775875368236,42.06,26.28,1.47
1,245.125,2.115322473458946,38.38,28.12,1.52
1,234.11111111111111,1.95321001443598,38.68,25.55,1.49
1,236.4197530864197,2.441958747528218,38.95,28.74,1.49
1,229.4691358024692,2.015860681916461,37.01,25.3,1.5
0,239.16666666666663,2.93892919520537,10.45,5.93,0.34
1,242.4375,2.134679211303592,38.76,26.31,1.5
1,241.875,2.388435957332452,29.52,19.49,1.11
0,255.02777777777777,3.789952828652329,35.16,25.61,1.46
1,237.75,2.586407370865345,35.7,30.57,1.51
1,253.84722222222223,1.691353577706549,35.83,28.29,1.48
1,248.484375,2.766358932480216,33.81,30.29,1.5
1,262.26388888888886,3.873165885607401,36.24,26.23,1.46
1,233.52777777777777,1.816476836800575,41.09,24.88,1.51
1,229.609375,1.714314041659236,38.2,27.59,1.54
1,230.625,2.763188201934099,36.05,27.51,1.51
1,254.125,2.050917821936309,34.11,29.47,1.47
1,266.0416666666667,3.192013671828641,31.66,25.74,1.35
1,270.5625,1.652043670415878,29.87,32.16,1.48
1,254.52777777777777,1.921176683571604,38.9,29.11,1.51
1,242.91666666666663,2.055065806541178,36.23,30.9,1.5
1,264.85185185185185,2.714620893384204,32.97,31.0,1.49
0,253.640625,5.755621331743896,0.0,0.0,0.0
0,247.71604938271605,3.112040846436112,31.97,20.26,1.24
0,230.328125,2.000763607211411,38.09,25.59,1.5
1,256.46875,2.883170948363841,39.56,26.75,1.53
1,247.40625,3.892253348603845,35.78,27.67,1.5
1,257.828125,2.347964744083583,41.64,25.67,1.51
1,238.16666666666663,2.187598425481054,37.09,27.64,1.5
1,236.09375,2.276396743021905,37.81,27.65,1.5
1,232.0123456790124,2.421050547081747,39.66,26.43,1.54
1,269.63888888888886,1.674849836362733,31.35,30.04,1.5
1,246.81944444444443,3.469749509460396,35.07,28.94,1.53
1,253.56790123456787,4.147467932583373,36.26,28.97,1.48
0,257.27777777777777,3.718827809724543,34.65,27.13,1.46
1,229.0987654320988,1.541435928992283,38.94,25.63,1.52
0,243.171875,2.190445337444544,37.95,28.11,1.51
1,234.859375,1.868230372667313,42.77,24.99,1.5
0,258.20833333333326,2.043729938566685,38.86,28.57,1.5
1,258.625,3.374799512326717,39.78,27.84,1.46
1,234.46875,2.083161493763328,38.93,25.36,1.48
1,265.828125,2.951661213301122,34.52,29.62,1.49
1,235.41666666666663,2.025568009250694,37.5,27.02,1.51
1,253.13888888888889,4.214591021339099,35.76,30.88,1.48
1,229.51388888888889,2.259255182411936,41.27,26.34,1.52
0,262.9166666666667,2.721050696240531,31.79,28.39,1.46
1,251.78125,1.755124419927597,35.19,27.0,1.5
1,234.43209876543207,2.220835667333485,38.69,25.87,1.51
1,252.94444444444443,3.090694400171439,40.88,24.91,1.48
1,237.09375,2.230804839171469,34.7,30.07,1.5
1,256.140625,4.45864173397422,41.79,26.05,1.47
1,243.34375,2.280815287493169,37.33,29.58,1.45
0,265.72222222222223,2.531457747850153,30.48,32.67,1.46
1,238.26388888888889,2.589700570536984,34.0,28.11,1.49
1,253.3333333333333,4.294806636042065,39.44,25.71,1.48
1,252.4375,3.951526123099029,37.85,27.38,1.48
1,231.5625,2.1326969191432,38.7,25.83,1.53
1,251.5625,1.832608945667744,37.67,28.84,1.48
1,237.51388888888889,3.92202055785391,36.9,25.45,1.36
1,254.84375,3.866856808774173,35.27,27.49,1.45
1,262.671875,4.565971525385976,39.31,26.67,1.47
1,261.55555555555554,3.892007497449716,32.99,30.27,1.47
0,245.03125,3.078605419024825,0.0,0.0,0.0
1,232.48611111111111,1.866945706307888,35.97,28.34,1.53
1,263.59375,2.729227821342647,36.12,28.81,1.48
0,244.65277777777777,2.613377235001988,39.01,29.33,1.48
0,250.02777777777777,2.698425521453222,10.39,5.34,0.37
1,238.3333333333333,2.311012391414907,38.29,24.91,1.54
1,245.34722222222223,2.866400175624424,34.69,28.69,1.47
1,222.36111111111111,1.551870308816433,37.46,24.08,1.49
1,258.796875,4.679808026179672,38.97,29.43,1.45
1,234.22222222222223,1.925429840146759,39.67,26.38,1.52
1,241.71875,4.044465435668826,36.38,28.07,1.52
1,235.765625,1.941028884612024,36.43,27.41,1.5
1,250.5308641975309,3.523403452502357,38.31,28.45,1.48
1,231.52777777777777,1.799351299802462,38.18,26.44,1.51
1,232.36111111111111,2.453597964511977,36.97,26.91,1.53
1,246.09375,2.290985760279,34.49,28.92,1.51
1,263.671875,3.08755490463227,33.89,31.04,1.5
1,229.79012345679007,2.355494155560011,37.19,27.4,1.53
0,236.94444444444443,2.422177967925867,33.25,24.96,1.48
0,267.26388888888886,2.655748728248808,19.29,13.56,0.79
1,241.109375,1.938725837506354,36.4,25.18,1.48
1,231.75,1.958801405504346,36.62,26.69,1.52
1,229.46875,1.766408951021731,37.78,27.98,1.5
1,258.015625,1.795880987308919,34.65,30.25,1.49
1,261.4375,3.21033616643399,36.46,28.53,1.46
0,234.48611111111111,2.205891731712553,38.03,26.51,1.49
1,262.46875,2.851254024542868,34.11,30.12,1.49
1,228.796875,2.298902221024036,37.42,27.15,1.52
1,265.19444444444446,2.249226254721483,34.49,30.9,1.49
1,232.8125,1.835593232885003,39.59,24.38,1.48
1,238.19753086419752,2.063949042632256,38.06,29.21,1.5
1,230.71875,2.017550645396113,37.38,27.09,1.51
1,261.88888888888886,2.709188512078038,37.71,28.63,1.49
1,257.515625,3.651309860870242,28.35,32.53,1.45
0,249.5625,1.971497131511569,0.0,0.0,0.0
1,235.04166666666663,2.696008322139581,39.91,23.64,1.48
1,229.75,3.016936806961894,38.79,25.53,1.52
1,240.296875,3.208103724755347,41.32,26.8,1.5
1,252.09375,2.765919178724289,38.22,28.2,1.48
0,260.95833333333326,2.911743871039814,35.07,30.71,1.5
1,253.84722222222223,2.38000084956487,33.41,32.54,1.48
0,251.5833333333333,3.316379639837477,0.0,0.0,0.0
1,245.484375,2.412889912724495,37.12,26.73,1.51
1,227.625,2.221190251410007,39.41,27.31,1.51
1,242.16666666666663,2.438331628839175,35.77,28.26,1.48
1,230.1875,3.675053781829774,0.57,0.38,0.02
1,227.3055555555556,2.260081253117985,38.88,28.14,1.5
1,232.52777777777777,1.944168692661656,39.99,25.91,1.5
1,253.19444444444443,1.822316833668285,36.21,29.95,1.5
0,232.02777777777777,2.07333011014594,5.3,3.62,0.2
1,232.15277777777777,2.035382433897919,39.63,25.4,1.5
0,244.40625,2.258102535270154,38.8,28.07,1.49
0,231.28125,1.789892747998238,11.46,8.08,0.45
0,265.63888888888886,2.684233778880702,37.44,30.61,1.5
1,238.48611111111111,1.879190993805726,37.41,27.59,1.5
1,227.125,2.172290630638599,37.53,26.45,1.49
0,259.796875,3.215042779222131,37.81,28.17,1.56
0,252.921875,5.409475455060602,42.46,23.93,1.54
1,234.125,1.949374842147032,43.63,24.94,1.5
0,254.9375,2.883029194548726,0.0,0.0,0.0
1,233.296875,2.668658899143338,37.76,26.16,1.54
1,239.0,5.433880805969238,10.61,6.42,0.37
1,232.21875,2.257136484323922,33.36,27.89,1.5
1,235.59375,1.741590105928481,38.51,28.85,1.51
1,231.7530864197531,1.86457390991258,38.75,28.3,1.51
1,239.0555555555556,2.390559703939491,37.76,25.56,1.5
1,240.9305555555556,2.958615665634473,36.43,30.93,1.51
0,258.296875,5.709676204249264,38.01,26.12,1.52
1,178.96296296296296,1.370732389796864,38.21,24.95,1.51
0,234.29166666666663,1.823635062409772,40.19,24.8,1.49
1,264.1111111111111,1.967065105467667,34.44,31.48,1.5
0,172.53125,2.141104251997811,42.11,26.35,1.5
1,231.90277777777777,1.675805960264471,39.42,24.82,1.51
1,252.46875,3.882391384802759,38.45,28.09,1.47
0,248.95061728395052,3.447141622319633,28.39,19.75,1.09
0,255.859375,1.925951709970832,0.0,0.0,0.0
0,256.015625,4.09595253970474,27.56,23.6,1.2
1,253.90625,1.986258836463094,34.29,29.22,1.46
1,244.3333333333333,3.476156911088361,37.85,30.03,1.51
1,252.796875,3.272250695154071,39.2,26.89,1.48
1,263.22222222222223,3.534344539046288,34.14,31.89,1.52
1,233.9753086419753,1.681818235067674,38.12,25.74,1.54
1,252.81944444444443,3.368656208117803,39.94,24.16,1.5
1,129.06944444444443,2.67508613122137,42.36,27.1,1.47
0,233.75,1.526877378424009,37.72,27.75,1.51
1,264.19444444444446,2.245378322071499,36.72,31.36,1.49
1,256.52777777777777,3.690192904737261,40.53,26.55,1.49
1,264.546875,2.654781209304929,34.63,29.87,1.51
1,249.20987654320996,3.155573908193612,31.91,30.36,1.48
1,240.81944444444443,2.389647805856334,37.88,26.17,1.51
1,231.375,1.720728137530386,37.99,29.69,1.48
1,264.078125,1.676503675989807,37.3,29.31,1.48
1,257.9259259259259,1.875295225484872,38.43,27.41,1.51
1,233.5625,1.668149823322892,46.55,26.18,1.52
1,234.41666666666663,1.90619470924139,38.14,25.25,1.52
1,249.734375,3.297192822210491,33.3,30.55,1.47
0,238.23611111111111,2.044763524499205,35.11,25.42,1.53
1,252.2716049382716,3.087981361665844,39.95,26.17,1.48
0,266.70833333333326,2.78635368661748,23.45,23.03,1.06
1,235.38888888888889,1.791705998281638,33.15,23.76,1.36
0,243.578125,1.765216760337353,0.0,0.0,0.0
1,235.44444444444443,1.879192265371482,36.3,28.03,1.52
1,230.38888888888889,1.562841955158446,39.05,26.16,1.53
1,251.48148148148147,2.717084423995312,34.7,29.67,1.47
0,242.515625,2.790660348720849,0.0,0.0,0.0
1,265.51388888888886,1.834224191804727,32.15,29.56,1.49
0,248.34722222222223,2.724873228205575,39.02,26.87,1.48
0,250.3055555555556,5.05051253653235,0.0,0.0,0.0
1,241.46875,3.073390934616327,36.34,26.51,1.5
1,244.265625,1.763525947928429,39.53,28.56,1.49
1,257.6875,3.192683850415051,34.32,27.95,1.48
1,241.1875,1.649649941362441,19.13,13.51,0.76
1,260.0625,2.682609674520791,41.16,26.89,1.48
1,263.19444444444446,2.483722686767578,33.83,29.67,1.49
1,229.65277777777777,1.345689483814769,37.41,28.59,1.53
1,208.9583333333333,2.069972124256072,38.41,25.93,1.52
1,231.09722222222223,1.690700680845314,39.56,26.66,1.51
0,220.98611111111111,1.924396917871807,41.24,25.33,1.53
1,266.515625,2.033353324048221,30.56,35.59,1.48
0,238.984375,2.16352648101747,36.73,26.52,1.53
1,255.0,3.377869314617581,34.65,27.4,1.47
1,258.4938271604938,2.889222351121314,37.86,29.09,1.49
0,267.5,2.280656030401587,33.32,29.82,1.51
1,231.7530864197531,1.918603436446484,39.11,26.76,1.52
1,265.75,2.809945940040052,35.99,30.96,1.49
1,230.84722222222223,2.016413277222051,39.1,26.45,1.53
1,227.8333333333333,1.854091972112656,36.87,28.49,1.48
1,240.65625,1.749693484045565,38.53,28.72,1.49
1,240.06944444444443,2.215940653449959,35.42,29.15,1.48
1,245.828125,3.483870656229556,38.19,30.75,1.49
0,258.7361111111111,3.633692024482621,2.09,1.37,0.08
0,261.25,4.197429377171728,39.65,28.63,1.47
1,234.5555555555556,1.699557108183702,36.76,26.85,1.55
1,256.59375,4.324754452332855,36.81,32.49,1.5
1,240.796875,2.312793524004519,38.47,26.69,1.52
1,255.47222222222223,2.406829637785753,35.61,28.21,1.49
1,262.484375,1.791077804751694,35.13,28.75,1.49
1,242.641975308642,2.548064590972147,30.06,24.92,1.32
1,233.53125,1.904912590049207,38.06,25.79,1.52
1,240.140625,1.811433639377356,37.23,28.95,1.51
1,231.40625,2.362491585314274,38.48,26.57,1.51
1,235.22222222222223,2.173933999405967,37.09,26.16,1.5
0,240.6049382716049,1.985253615143858,34.87,30.14,1.51
1,257.5625,2.40404714923352,41.5,27.21,1.51
1,269.890625,2.238559221848845,34.51,29.83,1.51
0,233.59375,2.320690128952265,0.0,0.0,0.0
1,245.84375,4.275456160306933,36.93,24.68,1.45
1,231.79166666666663,1.947729735738701,38.14,29.04,1.54
1,243.5555555555556,5.58561789823903,36.34,28.08,1.52
0,237.84722222222223,1.463505086799463,0.0,0.0,0.0
1,250.953125,3.185934669338167,33.55,30.35,1.47
1,228.5833333333333,1.969296116795805,37.99,26.54,1.49
1,254.26388888888889,1.791229891280333,39.0,26.34,1.51
0,242.2083333333333,2.237340423795912,37.63,29.62,1.5
1,234.421875,1.938870402984321,38.42,25.75,1.5
0,236.2962962962964,2.300972443303944,41.3,24.91,1.48
1,260.515625,1.880804325453937,37.64,28.84,1.51
1,226.46875,1.741994123905897,40.09,25.06,1.52
1,231.6805555555556,3.477161954674456,38.65,27.69,1.52
0,269.75,1.916178826656606,24.71,34.53,1.49
0,246.0,1.93793638329953,37.5,26.47,1.51
1,228.859375,1.587073395960033,38.29,26.58,1.53
1,232.9375,1.376844140700996,37.15,27.72,1.52
0,238.94444444444443,2.981414409975211,23.53,16.57,0.88
1,229.3125,2.167913827113807,37.73,27.64,1.53
1,242.09722222222223,2.196822905706035,37.58,26.44,1.5
1,222.515625,1.617521623149514,38.58,26.53,1.51
0,254.578125,2.744184961542487,32.66,30.79,1.46
1,249.2083333333333,1.850273386471801,28.01,19.24,1.05
1,234.16666666666663,2.019282492498557,37.74,25.33,1.49
1,232.625,2.351994453929365,37.18,27.6,1.53
1,238.4583333333333,1.672504258652528,34.49,31.14,1.5
0,238.3333333333333,3.34234164820777,27.9,21.1,1.2
1,246.12345679012347,2.825617503236841,36.62,27.26,1.52
1,260.484375,4.91199320089072,41.21,25.69,1.51
1,253.21875,2.454438032582402,39.51,25.75,1.47
1,251.38888888888889,3.571657574839062,39.4,25.96,1.49
1,238.3055555555556,1.909476263655557,38.59,25.77,1.52
0,251.3827160493827,2.078271044625176,0.0,0.0,0.0
1,266.453125,2.131101546809077,31.24,34.49,1.49
1,237.0,1.829277761188554,35.03,29.93,1.49
0,269.15277777777777,2.24018521938059,0.0,0.0,0.0
1,250.31944444444443,2.10336808860302,37.01,28.5,1.49
1,233.203125,2.124754387885332,40.4,24.52,1.53
1,239.0,2.278770934376452,35.45,28.21,1.5
1,248.90625,3.312357483431697,38.75,25.73,1.48
1,238.875,1.958311215043068,38.13,26.76,1.53
1,250.0,4.181592121720314,39.56,28.52,1.52
1,248.375,3.706233438518312,35.4,28.27,1.51
1,222.9135802469136,1.638658162252403,38.22,24.02,1.5
1,231.0,2.158608039841056,37.48,26.47,1.53
1,248.90277777777777,1.82168765945567,39.74,27.65,1.5
1,237.875,1.80861007142812,38.53,27.65,1.5
1,234.69444444444443,1.735702850752407,36.98,26.34,1.52
1,259.1875,3.492145972326398,27.83,32.2,1.45
1,254.203125,3.330646574497223,37.47,26.68,1.49
1,238.92592592592592,1.849371722450963,37.1,28.85,1.51
1,234.1805555555556,2.037733420729637,37.57,25.85,1.49
1,235.625,2.217987363537153,34.13,22.0,1.29
1,251.828125,3.074285169132054,35.22,27.26,1.47
1,242.375,2.150970997909705,34.9,21.64,1.34
1,247.15625,2.214061621576548,37.87,26.99,1.52
1,267.484375,2.037245344370604,32.35,33.44,1.5
1,257.796875,2.940281588584185,40.69,28.84,1.51
1,222.98611111111111,1.987373466293017,38.5,26.84,1.51
1,248.63888888888889,3.462803776065508,34.06,30.13,1.5
1,235.23456790123453,2.721644425392151,36.0,27.36,1.5
1,231.171875,2.104775439947844,37.06,26.63,1.53
1,265.609375,2.316778417676687,35.47,30.1,1.48
1,268.0,4.868542744778098,38.15,28.79,1.46
1,238.03125,2.178001552820206,37.07,29.97,1.49
1,237.0625,1.96844831481576,39.03,25.92,1.54
0,250.48611111111111,8.96842196583748,3.49,2.3,0.13
1,239.484375,1.815567103214562,37.76,27.25,1.49
0,253.3333333333333,2.998149777452151,0.0,0.0,0.0
1,258.046875,5.246432079002262,36.46,27.9,1.48
1,224.06944444444443,1.557834374407927,38.14,24.64,1.5
1,254.046875,3.152800995856524,34.82,27.11,1.45
1,233.38888888888889,2.372169265316592,36.27,26.51,1.52
1,254.15625,4.43052763864398,27.88,34.4,1.45
1,244.77777777777777,1.943253965013557,36.24,27.86,1.47
1,227.51388888888889,1.648525661892361,37.67,26.74,1.51
1,257.037037037037,3.16052594670543,33.7,27.46,1.47
1,227.5308641975309,2.144699097415547,39.59,26.5,1.5
1,243.52777777777777,6.198405337002542,36.19,27.17,1.53
1,256.30555555555554,3.464501846167776,41.14,27.95,1.5
1,262.5925925925926,3.139182449123006,33.11,30.85,1.48
1,262.38888888888886,3.090540356106228,37.2,28.39,1.47
1,246.4197530864197,3.509720936233615,36.17,27.54,1.52
1,235.015625,1.81191817484796,36.05,29.26,1.51
1,228.0,2.539440386825138,34.87,24.5,1.41
1,260.4375,3.589603464119136,36.5,30.22,1.53
1,267.15277777777777,1.778040043181843,35.14,30.04,1.49
1,253.1805555555556,3.323955583903524,37.77,26.31,1.48
1,246.609375,2.405712041072547,37.33,32.05,1.49
0,259.890625,4.34052680619061,38.67,28.52,1.49
1,265.609375,2.623142146505415,31.76,33.82,1.5
1,258.421875,1.890406308695674,34.32,30.27,1.48
1,266.515625,2.229698675684631,34.61,32.03,1.52
1,257.84722222222223,4.082928300731713,31.8,30.3,1.46
1,239.65625,2.223956421948969,37.7,26.46,1.51
0,254.4583333333333,3.443078693416384,39.0,26.55,1.5
0,252.38888888888889,5.482893341117436,59.47,18.93,1.54
1,240.515625,1.788920609280467,39.85,26.44,1.51
0,268.15277777777777,2.928914766344759,10.29,6.65,0.4
1,250.25,3.63789653364155,38.84,26.02,1.47
1,266.71875,2.376454679295421,29.21,34.24,1.49
1,250.046875,2.035764507949352,36.89,23.01,1.32
1,238.15625,1.994223681278527,36.58,27.75,1.49
1,249.078125,3.794542078860104,38.03,28.09,1.48
1,228.12345679012347,2.144777275897838,39.61,25.91,1.5
0,244.75,1.904410922692882,20.66,12.14,0.75
1,259.22222222222223,4.19399411065711,38.95,26.82,1.49
1,231.65277777777777,2.911295125053988,37.11,27.73,1.52
1,240.640625,4.20151246432215,30.1,27.12,1.34
1,230.34567901234567,1.734088898440938,37.88,26.84,1.53
1,241.015625,2.586941384710371,35.48,29.49,1.49
1,240.69135802469137,1.925056122703317,34.34,32.83,1.5
1,231.13580246913577,1.751571115888195,39.05,26.68,1.51
1,234.34375,1.520464853383601,39.3,26.65,1.52
1,246.125,2.278067370255788,36.54,29.5,1.51
1,242.31944444444443,2.031282226244608,38.1,26.88,1.5
1,262.234375,2.263958015479147,28.49,33.61,1.49
0,251.125,8.004886284470558,0.0,0.0,0.0
1,229.56944444444443,1.524352527327008,36.08,28.68,1.48
1,254.0,1.66629000660032,34.21,32.37,1.5
1,230.59722222222223,1.737844905091657,38.27,24.75,1.53
1,266.70833333333326,1.52597074293428,33.3,30.22,1.52
1,248.46875,3.400967571884394,36.67,29.13,1.47
1,226.875,1.721511486917734,38.26,27.55,1.51
1,264.5625,2.29304407350719,36.26,30.35,1.51
0,242.984375,1.654063575901091,14.95,11.85,0.61
1,228.0617283950617,1.600796322763702,36.66,25.94,1.51
1,241.046875,2.626429785974324,34.48,23.44,1.34
1,256.46875,3.910591538064182,43.54,25.97,1.5
0,260.69444444444446,5.990580783949958,39.07,27.08,1.49
0,265.078125,1.642304295673966,33.61,30.9,1.49
1,252.4583333333333,3.188465917276011,38.77,26.02,1.48
1,238.625,2.625258449051115,39.12,26.88,1.47
1,222.1875,2.003114027902484,37.35,25.05,1.5
1,263.34375,2.391625821590424,22.57,18.22,0.94
1,259.44444444444446,4.507834660510222,37.56,30.4,1.48
1,258.38888888888886,1.626883016692267,41.04,27.19,1.51
0,261.71875,2.624366765841842,0.0,0.0,0.0
0,244.63888888888889,1.712597181399663,38.81,25.27,1.5
1,242.66666666666663,3.262113637394375,35.84,28.86,1.5
1,239.8125,2.490752911195159,35.1,29.14,1.48
1,262.25,3.38113280882438,35.95,29.73,1.48
1,243.01388888888889,1.475005452831586,34.2,23.3,1.38
1,264.4375,2.386067288927734,38.27,28.89,1.49
1,243.015625,2.527199987322092,35.63,29.09,1.49
0,239.84722222222223,2.606323638723956,0.0,0.0,0.0
1,236.203125,2.037322441115975,38.06,28.34,1.49
1,254.609375,2.649064449593425,33.53,34.23,1.49
1,240.7083333333333,2.576696920726034,36.63,29.18,1.47
1,250.765625,4.49436319898814,33.89,30.62,1.46
1,254.25,1.693423450820976,33.47,31.69,1.48
1,240.59375,1.919134224765003,42.11,25.53,1.47
1,235.44444444444443,2.787616651919153,37.77,27.18,1.54
1,230.03125,2.124242239631712,36.45,28.86,1.5
0,234.91666666666663,3.565707253913085,36.9,27.18,1.49
1,254.9305555555556,2.945226354731454,33.4,29.93,1.45
1,246.24691358024688,4.197385763680494,35.8,27.23,1.51
1,248.59722222222223,3.13112805204259,40.44,27.54,1.51
1,255.0625,5.73045981116593,26.91,22.77,1.07
1,247.640625,2.201886624097824,37.35,26.83,1.52
1,255.44444444444443,3.998226485318608,37.58,27.25,1.46
1,253.953125,3.320971576496959,36.61,30.33,1.51
0,246.23611111111111,2.070279960831007,4.75,3.14,0.19
0,240.23456790123453,4.486316464565421,46.58,19.6,1.36
1,234.859375,1.240444900467992,37.99,25.81,1.53
1,242.25,2.09877303822173,35.88,27.09,1.49
1,243.03703703703704,2.849600198092284,36.63,26.97,1.51
1,261.44444444444446,2.676690997348891,36.19,30.52,1.52
0,245.51851851851848,2.661374459296097,38.16,27.05,1.54
1,256.6875,3.38188911229372,33.71,28.49,1.46
0,265.320987654321,2.650229885990237,7.76,7.18,0.36
1,254.6049382716049,5.149439608609236,38.14,29.11,1.49
1,237.0,1.882043530911575,35.44,29.88,1.51
0,250.75,8.979068292511833,0.0,0.0,0.0
1,243.890625,1.956736624240875,39.9,28.41,1.5
1,231.265625,1.805649570189416,39.68,25.64,1.51
1,247.859375,3.360430899076164,36.57,28.62,1.5
1,256.296875,3.834350856021047,34.45,26.72,1.48
1,231.25,2.226721109615432,37.45,26.81,1.53
1,265.84375,2.121501442976296,37.85,30.27,1.5
0,257.1666666666667,2.309132189386421,39.35,25.57,1.52
1,242.6875,2.41332115419209,35.86,29.44,1.49
1,260.8611111111111,3.795232826636897,38.16,31.72,1.46
1,259.33333333333326,3.148364157312446,38.33,29.23,1.48
1,243.890625,5.563866537995636,36.07,27.99,1.49
1,245.109375,2.500037123449147,37.54,27.78,1.48
1,252.3333333333333,2.088823591669401,37.03,27.03,1.48
1,260.921875,1.9715571757406,39.52,28.01,1.53
1,228.06944444444443,1.965066330300437,37.16,25.78,1.51
1,259.30555555555554,5.166989722185666,30.23,28.4,1.44
1,229.859375,1.768594332970679,37.15,27.26,1.49
1,241.375,2.352404191158712,42.94,25.04,1.5
1,260.859375,3.020095206797123,36.37,30.51,1.52
0,263.171875,3.393693764694035,39.96,28.37,1.48
0,241.8055555555556,2.607129000127316,0.0,0.0,0.0
1,265.88888888888886,5.015222522119682,34.87,26.38,1.47
1,253.078125,3.630904364399612,38.63,29.61,1.49
1,237.24691358024688,1.644566625724604,37.4,27.33,1.5
1,235.453125,1.647839515469968,38.15,26.55,1.52
1,244.859375,1.811167254112661,39.01,27.97,1.55
1,240.9305555555556,2.093430981867843,35.2,30.89,1.5
1,251.19444444444443,2.599795818328857,35.04,27.82,1.49
1,235.953125,2.975631037726998,35.4,29.15,1.5
1,238.04938271604945,2.19512207566956,37.81,28.65,1.49
1,227.5,1.899684680004915,38.74,27.69,1.49
0,251.3055555555556,1.876489097045527,34.31,26.94,1.48
1,254.11111111111111,3.75436592184835,32.72,29.57,1.45
1,254.046875,2.141022399067879,40.34,26.64,1.5
1,247.875,2.442839567549527,36.49,28.81,1.5
1,248.84722222222223,1.56017268780205,37.97,31.25,1.49
0,267.671875,2.97342521790415,33.57,30.88,1.5
1,259.25,4.170414942834112,32.82,28.72,1.45
0,254.66666666666663,2.044516126314799,37.67,30.02,1.49
1,235.13888888888889,2.446720903118452,37.26,25.45,1.5
1,261.453125,3.433802154846489,40.67,27.89,1.48
0,245.641975308642,2.896522526387815,41.48,23.95,1.5
0,257.90625,4.477749207988383,32.2,20.05,1.17
1,227.5625,1.812679720111191,38.52,27.21,1.51
1,261.77777777777777,3.679693085451921,32.38,30.74,1.5
1,235.86111111111111,1.731814740432633,37.3,26.56,1.5
1,265.19444444444446,2.476137709286478,27.77,33.58,1.5
1,242.28125,3.037857781164348,37.92,27.47,1.48
1,237.4375,2.221476512029767,34.88,26.82,1.49
1,230.65277777777777,1.513417051898108,37.61,26.9,1.53
1,259.484375,2.201213167980313,37.95,30.98,1.48
1,239.5432098765432,2.031189808139095,35.04,29.51,1.47
1,241.6296296296296,1.833137260542975,37.43,26.96,1.51
0,236.828125,1.939981165342033,35.22,25.92,1.48
1,234.52777777777777,2.000115955869357,47.86,22.83,1.51
1,240.375,2.172663105858697,34.25,31.75,1.5
1,233.06944444444443,1.809021947284539,40.79,24.63,1.51
1,262.4375,5.863466910086572,39.02,26.6,1.5
1,246.63888888888889,1.709333229396078,36.82,29.14,1.49
1,241.6875,2.491656665690243,35.95,28.94,1.51
0,245.09722222222223,2.052623376250267,40.32,28.91,1.5
0,264.53125,3.240160888060927,36.88,29.67,1.48
1,237.19444444444443,2.176860246393415,37.63,25.27,1.54
1,235.3055555555556,1.893333397805691,37.91,25.41,1.51
1,261.2962962962963,3.159677306811015,36.83,27.42,1.47
1,259.3611111111111,2.903025700814194,29.88,31.52,1.45
1,239.91666666666663,2.616715556217565,37.77,26.92,1.52
1,254.34375,1.829467815347016,33.35,33.06,1.48
1,238.16666666666663,2.294195727341705,35.66,29.84,1.49
1,249.71875,3.606276666745543,31.47,27.21,1.46
1,245.78125,3.649546911008656,35.23,29.37,1.54
1,237.79166666666663,1.810940521662352,33.95,30.22,1.5
1,242.078125,2.298629393801093,37.07,29.15,1.5
1,235.5,2.091526110139158,37.11,26.67,1.51
1,249.1805555555556,3.717251128620572,24.3,18.76,1.03
1,259.0,4.02182198315859,33.89,29.13,1.47
1,236.25,1.867553566582501,37.28,27.5,1.5
1,244.7083333333333,1.918461931248506,38.29,26.75,1.5
1,243.78125,1.602491851896048,37.48,29.54,1.51
1,233.13888888888889,1.595611904230383,39.85,26.12,1.53
1,231.29166666666663,1.631074050234424,38.8,25.22,1.53
0,239.328125,2.111764620058239,0.0,0.0,0.0
0,232.3125,2.001045390963554,43.82,26.75,1.42
0,237.0555555555556,2.387586428887314,13.16,8.05,0.46
1,249.56944444444443,2.954544545047813,38.22,28.55,1.52
1,227.8125,1.805949219502509,39.01,25.66,1.51
1,257.90625,3.557157738134265,31.49,29.4,1.47
0,250.70370370370367,4.74151051633152,0.0,0.0,0.0
0,236.78125,2.42329468857497,30.09,17.43,1.1
1,258.83333333333326,4.50677288737562,40.57,28.16,1.49
0,246.328125,3.150939414277673,37.32,26.26,1.5
1,224.53125,2.316953472793102,37.67,25.87,1.51
1,251.11111111111111,4.305343176111763,38.91,27.39,1.47
1,256.17283950617286,3.408207044189359,40.57,27.83,1.46
1,234.515625,1.698496768251061,39.68,26.52,1.53
1,241.22222222222223,3.918453440897995,39.1,26.31,1.45
0,266.890625,2.277290098369122,3.41,2.03,0.12
1,232.36111111111111,1.945180976556407,37.12,26.38,1.53
1,265.953125,2.316704050637782,31.67,32.46,1.48
1,241.40277777777777,1.576671227812767,36.77,30.11,1.49
1,234.40277777777777,2.329233063591851,38.78,26.58,1.52
1,233.06944444444443,1.929353737168842,38.25,26.61,1.52
1,232.54166666666663,2.472397977279292,36.96,26.42,1.53
1,241.09375,1.882809055037796,38.43,26.68,1.49
1,243.171875,2.32969909440726,40.56,25.95,1.44
1,260.0123456790124,1.496133915436121,38.33,28.12,1.51
1,243.328125,3.245851034298539,35.52,29.41,1.52
0,243.140625,2.672023525461555,39.93,24.03,1.5
0,232.56790123456787,1.995018573454869,38.56,26.42,1.49
1,249.46875,3.706319346092641,37.06,28.76,1.49
1,258.2345679012346,4.230687431347224,37.29,28.58,1.48
1,261.44444444444446,2.643764916393492,36.61,29.41,1.48
1,237.046875,2.869491982273757,34.0,27.35,1.5
0,256.1851851851852,4.414024236761493,36.67,34.54,1.5
1,243.65625,2.627759887836874,36.59,27.5,1.49
0,252.921875,1.687185219489038,37.19,26.11,1.5
1,249.125,2.779745549894869,37.98,27.05,1.48
1,246.4197530864197,3.207389468028222,34.58,29.69,1.51
1,242.640625,4.407377971336248,35.65,29.9,1.5
1,236.7083333333333,1.905499405331082,37.77,27.01,1.47
0,244.40277777777777,2.59108770887057,6.8,4.65,0.27
1,200.921875,1.573895767331123,37.81,26.81,1.51
1,261.0416666666667,2.71670779834191,35.25,29.09,1.46
1,242.96875,2.565654505044222,36.07,28.24,1.5
1,268.01388888888886,2.140277983413802,34.11,32.49,1.49
1,242.328125,2.518575760535896,35.09,24.07,1.43
1,257.75,4.636081412434578,34.28,28.95,1.48
1,258.09722222222223,4.979481843610604,39.28,29.15,1.46
1,250.34375,1.93525119125843,36.63,27.57,1.51
1,230.66666666666663,1.984881714538292,37.78,26.41,1.54
1,265.58024691358025,2.007942718488199,34.19,29.59,1.54
0,245.48611111111111,3.433658547699451,15.88,12.82,0.69
0,243.9135802469136,1.987671577636106,40.14,27.6,1.52
1,251.7407407407408,3.624952477437478,34.88,29.27,1.47
0,248.0,1.618801055476069,40.88,28.25,1.52
1,256.44444444444446,3.625269689493709,38.26,29.25,1.48
1,237.3055555555556,2.096808535357316,38.45,26.05,1.51
1,234.54166666666663,1.859334779282411,39.58,27.13,1.48
1,241.90625,2.213255941867828,39.11,25.01,1.54
0,244.78125,2.334863680414855,37.72,25.93,1.52
1,234.34722222222223,1.51484599047237,40.94,25.05,1.51
1,229.54166666666663,1.918584202726682,39.98,28.41,1.52
1,227.25,2.073633218184114,38.84,28.47,1.51
1,246.54166666666663,2.162315069801278,34.7,30.91,1.49
0,246.01388888888889,4.377959317631192,8.23,6.93,0.34
1,262.125,2.325904412195086,28.2,34.06,1.5
1,238.703125,2.32576556969434,33.67,31.44,1.49
1,229.625,2.186457576230168,38.53,27.44,1.54
1,245.98611111111111,2.637655935353703,34.96,28.67,1.5
0,266.33333333333326,2.639435179531574,7.09,8.46,0.35
1,262.34375,4.99821908492595,33.69,30.69,1.48
1,265.01388888888886,2.904423952102661,35.26,30.79,1.49
1,255.25,3.641130091415511,37.15,27.22,1.47
1,234.0123456790124,2.759901605270527,46.82,25.75,1.48
0,259.47222222222223,3.499144058260653,39.96,27.85,1.47
1,228.52777777777777,2.619720358815458,35.8,29.39,1.51
1,226.171875,2.013166356831789,37.87,25.18,1.53
0,241.72222222222223,4.62143445842796,0.0,0.0,0.0
1,239.4583333333333,1.978807421194182,38.92,27.65,1.5
1,252.44444444444443,2.480909721718894,34.98,29.15,1.49
1,227.875,3.292681970633566,38.0,26.3,1.46
1,258.0,4.104255649778578,39.38,26.49,1.49
1,233.09375,1.768226669169962,37.79,26.29,1.49
1,268.51388888888886,2.245804045763281,33.38,30.77,1.47
1,231.3333333333333,1.713850573993023,39.6,24.7,1.52
1,242.984375,2.16819420363754,35.81,31.54,1.51
1,261.7361111111111,3.456131242215633,38.98,27.5,1.51
1,259.359375,4.090321986936033,34.55,27.33,1.45
1,252.4375,2.045158172957599,36.2,29.19,1.5
1,237.34375,1.514087028801441,34.75,31.4,1.5
1,262.97222222222223,2.403078651262654,34.42,30.9,1.51
1,252.25,1.675589337013662,35.92,30.81,1.48
1,250.03703703703704,1.976690259244707,36.29,26.52,1.5
1,229.34375,2.388812154531479,37.77,26.82,1.53
1,251.21875,3.344884285703301,32.71,27.28,1.46
1,242.0555555555556,3.106505480905374,33.16,30.95,1.52
1,229.22222222222223,1.858191837039259,39.1,26.94,1.54
1,247.203125,1.968034150078893,39.17,26.59,1.51
1,265.921875,1.560839149169624,28.42,35.57,1.47
1,253.59722222222223,3.977881032559607,32.87,29.7,1.47
1,235.53125,2.324019170366228,38.17,26.67,1.52
1,232.94444444444443,1.789808040691747,37.46,26.69,1.49
1,263.21875,2.731996543705463,35.33,30.02,1.53
1,192.69444444444443,1.84304216785251,40.14,24.94,1.52
0,246.79166666666663,3.904590138130718,0.0,0.0,0.0
1,255.625,2.165349011619886,39.81,26.61,1.52
1,236.515625,2.11060138605535,38.06,26.33,1.51
1,242.453125,2.088476883247495,38.36,25.62,1.56
1,240.0625,1.566054750233889,35.16,30.82,1.49
1,229.15625,1.818352609872818,36.8,27.52,1.53
1,238.40277777777777,3.132153958082199,35.49,30.19,1.5
1,256.671875,2.074044504202902,37.95,30.57,1.49
1,251.90277777777777,3.570072672433323,39.5,26.53,1.48
1,232.984375,2.15019063372165,36.98,27.97,1.53
1,250.578125,2.077090403996408,35.64,27.15,1.48
1,238.98611111111111,2.048729932142629,37.86,28.34,1.5
1,229.5,1.3896401392089,37.67,25.1,1.53
1,235.6875,1.533425679430366,36.67,27.28,1.53
1,260.93055555555554,3.906721033155918,37.27,26.75,1.56
1,248.609375,3.27268815971911,34.63,28.45,1.51
0,248.86111111111111,2.8223682269454,36.31,28.49,1.48
1,228.0833333333333,1.540972878535589,38.64,27.76,1.51
1,231.625,1.828978926874697,38.0,26.45,1.51
1,248.109375,1.648590974509716,35.35,28.73,1.49
0,261.15625,2.577202232554555,23.99,19.39,0.96
1,255.703125,3.291008698754013,34.14,27.89,1.45
1,255.125,4.636750547422304,38.85,25.63,1.47
1,231.40625,2.339545970782638,39.67,25.67,1.51
1,267.984375,2.522928421385586,33.3,30.24,1.48
1,252.5833333333333,3.836887350512876,32.15,28.55,1.47
0,252.6805555555556,3.859579453865687,23.48,6.53,0.58
0,263.5,3.186660478512446,19.92,25.62,1.09
0,256.52777777777777,5.124593005412156,33.68,24.35,1.32
1,243.578125,3.421590887010098,38.3,28.2,1.45
1,256.953125,2.182758945040405,34.49,27.71,1.48
1,267.140625,3.116861771792173,33.32,30.29,1.5
1,234.23611111111111,2.029636730750402,40.99,25.19,1.48
0,239.63888888888889,1.848034977912903,0.0,0.0,0.0
1,255.02777777777777,4.006240240401691,36.21,30.39,1.47
1,249.9375,3.566631247289479,37.11,26.6,1.47
1,244.34375,3.273319195024669,36.5,28.2,1.53
1,230.34375,1.822596672922373,38.28,26.95,1.52
1,241.96875,3.798452557995915,42.16,26.68,1.49
1,240.6296296296296,2.848183361100562,35.77,26.98,1.48
1,257.7654320987654,4.608314964506362,35.45,27.78,1.46
1,254.40277777777777,3.850225663019551,40.54,24.7,1.49
1,228.3333333333333,1.900031888190611,37.52,26.86,1.52
1,234.4074074074074,3.038230355139132,38.06,25.02,1.53
1,235.56944444444443,1.99795992175738,40.1,26.37,1.51
1,256.13580246913574,4.793434567657518,34.13,29.37,1.48
1,235.39506172839504,2.682040906246797,41.62,25.33,1.49
1,229.69444444444443,1.559755951993995,37.94,28.08,1.51
1,230.23611111111111,1.793929075201352,37.91,27.03,1.52
1,238.23611111111111,1.599420994520187,34.78,30.14,1.51
1,233.96875,1.837590680457652,40.6,24.83,1.5
1,241.296875,3.146965526044369,37.0,29.3,1.48
1,235.546875,1.533029118552804,37.76,26.68,1.47
1,230.79166666666663,1.754623134103086,34.62,29.06,1.49
1,237.61111111111111,2.704539092050658,39.59,25.81,1.49
1,230.40625,1.51196642126888,38.08,26.52,1.53
0,249.4567901234568,3.35118137391997,0.0,0.0,0.0
1,241.9583333333333,2.172546335392528,35.87,29.03,1.51
1,236.484375,6.664115522056818,25.61,17.82,0.95
1,263.796875,2.732612872496247,32.39,32.92,1.49
1,249.375,3.424276158213615,33.66,30.85,1.46
1,241.01388888888889,2.235903344220585,40.73,27.9,1.51
1,236.828125,3.70129038227929,38.87,29.66,1.5
0,248.484375,2.789287587627769,29.4,15.38,1.07
0,242.97222222222223,2.214287429220147,0.0,0.0,0.0
1,265.72222222222223,1.658090502023697,29.65,33.4,1.49
1,239.46875,1.644480504095554,37.9,26.48,1.52
1,261.78125,2.556298057548702,37.21,28.98,1.45
1,252.890625,3.946938230656087,33.74,30.05,1.47
1,243.296875,2.134140867739916,38.28,27.82,1.53
1,263.5,2.442332156002522,1.94,1.81,0.09
1,245.859375,3.420290039852262,32.84,31.48,1.49
1,253.56944444444443,3.793195962905884,38.89,29.76,1.5
1,263.77777777777777,2.011827198995484,36.55,29.82,1.49
1,229.8641975308642,1.972583828149018,37.77,26.56,1.52
1,250.58024691358025,2.658504522141115,39.68,25.98,1.48
1,252.8125,1.876445649191737,35.67,28.17,1.47
1,234.90277777777777,2.108755889866087,37.89,25.23,1.5
1,260.546875,3.909999725408852,38.48,27.25,1.49
1,230.484375,1.91165014076978,38.8,26.58,1.53
1,268.3125,2.101670279167593,33.09,30.92,1.51
1,246.875,3.578156023389763,36.24,27.07,1.53
1,249.77777777777777,4.114381442467372,40.15,27.98,1.48
1,255.25,3.9835443533957,36.73,27.66,1.49
1,260.83333333333326,4.665375562177764,35.78,29.27,1.49
1,237.734375,2.336781051941216,37.3,27.68,1.47
1,262.38888888888886,4.755414109263156,39.68,27.45,1.5
0,267.8125,2.401893611066043,33.27,31.98,1.51
1,256.70833333333326,3.62981508175532,37.23,29.89,1.46
1,255.234375,3.480417453683913,33.82,26.61,1.46
1,267.77777777777777,1.871265927950541,31.93,29.97,1.51
0,249.30864197530863,2.079763023205746,0.0,0.0,0.0
1,241.5,1.900127395987511,38.06,26.02,1.51
1,240.54166666666663,2.087370100120703,34.3,32.05,1.51
0,260.0,4.731662951409818,38.51,29.27,1.48
0,252.53125,2.669303258880973,27.26,17.35,1.02
1,234.0,2.683414205908775,37.82,26.61,1.52
1,263.84722222222223,2.091032538149092,37.61,28.4,1.49
1,254.140625,4.517704700119794,36.72,29.25,1.48
1,241.8395061728395,2.086906886395113,38.25,27.04,1.5
1,245.078125,2.476117216050625,36.36,29.23,1.5
1,231.76388888888889,2.10502745045556,36.68,25.75,1.51
1,264.5,2.200004989902178,31.69,32.78,1.48
1,256.22222222222223,4.184511323769887,37.0,29.57,1.48
1,268.65277777777777,2.658686735563808,34.01,32.87,1.48
1,231.625,1.618484582338068,38.26,26.95,1.5
1,238.15277777777777,3.185893803834915,33.3,29.83,1.49
1,254.52777777777777,2.148866908417808,34.17,31.5,1.48
1,266.0,2.614372876472771,34.64,30.98,1.49
1,243.86111111111111,2.405609337819947,29.77,25.56,1.28
1,234.375,2.116347311064601,37.8,24.51,1.55
1,239.375,1.830633896092574,36.24,28.66,1.49
1,230.77777777777777,2.234735460744964,38.7,26.04,1.53
0,221.88888888888889,2.131393015384674,38.72,27.27,1.46
1,251.63888888888889,1.668239254918363,37.92,28.09,1.5
1,232.34375,2.238242506980896,38.85,26.61,1.49
1,225.890625,1.619860621169209,37.72,25.59,1.5
1,252.51388888888889,4.752093131343524,38.85,25.38,1.48
1,254.88888888888889,3.575908722149001,36.73,23.87,1.48
0,253.9305555555556,5.66445447670089,3.66,1.4,0.1
1,244.109375,3.385803612880409,36.45,28.61,1.49
1,225.3055555555556,2.373529497947958,38.01,27.02,1.51
1,263.9166666666667,3.501783950461282,33.45,31.55,1.52
1,233.5555555555556,2.21636428270075,39.32,26.46,1.52
1,234.73611111111111,1.832283168203301,38.29,27.69,1.52
1,223.3055555555556,1.690056688255734,38.57,26.58,1.52
1,244.98611111111111,2.47743107461267,38.09,27.94,1.49
1,256.25,3.338601155413522,40.48,28.1,1.47
0,240.015625,2.35425384901464,0.0,0.0,0.0
1,229.609375,2.060070483013988,38.59,26.35,1.5
0,244.63888888888889,2.686738047334883,0.0,0.0,0.0
1,231.1875,1.577829195186496,39.38,26.33,1.52
1,230.828125,1.949546698480844,39.92,24.84,1.52
1,253.1875,1.511304727755487,35.22,28.52,1.48
0,238.390625,1.909249634481966,40.17,27.05,1.47
0,254.84375,2.65741662774235,0.0,0.0,0.0
0,249.86111111111111,4.171661546660795,53.38,16.95,1.39
1,250.36111111111111,3.147182736959723,35.98,27.9,1.49
1,248.0,2.505494433455169,33.63,31.62,1.49
1,250.265625,3.46680492348969,37.02,27.36,1.47
1,257.515625,4.111707948148251,40.15,29.14,1.47
1,228.203125,2.117551962845027,40.01,26.52,1.52
1,235.296875,1.763136144727468,41.46,24.98,1.48
1,236.75,1.16068746894598,37.38,26.63,1.51
1,254.65277777777777,2.663992372651895,33.65,33.21,1.49
1,255.0123456790124,3.415052034972626,32.98,29.2,1.45
1,238.76388888888889,2.347490560677317,35.71,29.33,1.47
1,257.80555555555554,2.221770333747069,39.23,29.15,1.5
1,247.28125,2.03314262535423,38.3,31.09,1.5
1,229.20987654320996,1.998635919005783,38.43,24.95,1.52
1,239.3055555555556,2.291862582994832,38.58,26.73,1.52
1,269.45833333333326,2.191155715949006,32.74,34.13,1.5
1,230.734375,2.155918438918889,38.79,25.64,1.51
0,244.04166666666663,2.42891042596764,38.86,25.17,1.52
0,238.515625,2.967053255997598,41.36,26.18,1.5
1,231.14814814814807,1.617673411781405,38.49,25.8,1.53
1,251.328125,2.233866558410227,40.01,28.59,1.51
1,224.34722222222223,1.658207626806365,37.34,24.84,1.5
1,268.3611111111111,2.955411968959702,33.78,29.9,1.51
1,234.22222222222223,2.063398451440864,41.35,24.95,1.51
1,267.59375,2.464539448730648,33.7,31.74,1.52
0,265.53125,1.498354285955429,32.31,31.88,1.48
0,238.109375,2.705788678489625,0.0,0.0,0.0
1,229.76388888888889,2.113834788401922,38.83,25.51,1.51
1,228.5,1.51394193371137,36.5,26.47,1.53
1,231.359375,1.761500032618642,37.98,27.85,1.51
0,238.625,3.800764628686011,27.48,20.0,1.06
1,254.296875,2.602266829460859,33.08,28.27,1.46
1,261.2361111111111,3.419743359088898,39.99,24.92,1.48
1,231.203125,1.652311817742884,39.18,27.84,1.52
1,243.66666666666663,3.456658279454266,35.89,30.42,1.51
1,236.4305555555556,1.492495490445031,36.73,25.76,1.49
1,261.734375,2.133105088956654,34.85,30.58,1.51
0,256.75308641975306,4.546167290505068,34.22,28.58,1.46
0,244.9135802469136,3.600802066885395,0.0,0.0,0.0
1,237.296875,1.712484329938889,36.0,23.93,1.47
1,229.46875,1.557971798814833,39.13,27.43,1.54
0,257.38271604938274,2.110205305947198,6.2,3.95,0.23
1,250.328125,2.944389253854752,35.76,28.67,1.47
1,240.375,1.936368806287646,37.76,28.0,1.49
1,252.8125,3.455116339027882,39.94,27.6,1.49
1,247.953125,2.060379254631698,35.76,27.07,1.48
1,238.72222222222223,2.962993854449855,38.25,24.66,1.49
1,260.265625,2.91528164409101,38.36,31.19,1.47
1,229.171875,2.155236047692597,38.42,27.84,1.51
0,258.5,3.337108930572867,40.93,26.73,1.5
1,260.51388888888886,2.099035587575701,36.2,31.3,1.48
1,243.28125,1.894274459220469,36.47,28.91,1.5
1,263.20833333333326,5.042586382892398,31.92,30.24,1.49
1,262.40625,3.81301642768085,37.49,27.15,1.52
1,250.125,3.050786740250058,36.26,28.73,1.5
0,242.79012345679007,2.576198411576542,17.11,12.6,0.72
0,253.56944444444443,5.91855207996236,0.0,0.0,0.0
1,235.015625,1.620299260132015,38.07,26.02,1.5
1,264.015625,2.28604942932725,32.68,33.26,1.5
1,229.609375,2.177894033491611,38.78,27.74,1.54
0,248.765625,1.995652183890343,0.0,0.0,0.0
1,258.48148148148147,2.119378573364682,35.4,29.92,1.49
1,242.1805555555556,1.822133329179552,39.19,28.45,1.49
1,237.94444444444443,2.39485201653507,41.6,26.4,1.47
0,239.21875,3.565275385975838,19.06,15.81,0.85
1,251.140625,2.539392086677253,33.56,30.4,1.46
1,249.875,3.412649511463112,35.77,27.58,1.52
1,228.16666666666663,2.167640497287115,36.45,27.19,1.5
1,249.92592592592592,4.279687562842428,38.01,26.21,1.49
0,257.25,2.458033772806326,35.0,27.99,1.51
0,251.8055555555556,3.246982334388627,0.0,0.0,0.0
1,251.515625,3.221272070892155,35.43,30.31,1.48
1,263.625,3.789660550653934,37.77,28.74,1.52
1,246.16666666666663,1.679358734852738,35.99,26.91,1.48
1,240.5,2.12660824176338,38.38,26.79,1.52
1,236.625,1.954177767969668,38.17,25.45,1.54
1,249.21875,2.025265735574067,34.89,27.41,1.49
0,245.75,4.767907892664274,0.0,0.0,0.0
1,237.36111111111111,2.114286301864518,38.09,27.12,1.51
1,242.3703703703704,3.570455337748116,33.84,29.78,1.51
0,264.0740740740741,2.886877998157784,32.21,28.94,1.43
1,259.38888888888886,2.006240422526995,36.28,28.96,1.5
1,230.84375,1.884327941574156,41.49,24.83,1.49
1,245.34722222222223,2.247638560003705,43.7,25.0,1.51
1,228.56944444444443,2.057330652243561,38.53,27.66,1.51
1,256.31944444444446,3.671035404834482,30.26,30.3,1.44
1,253.3333333333333,4.587814656396708,37.7,26.83,1.49
1,225.703125,1.726830460131168,36.13,28.63,1.49
1,264.8641975308642,1.900568588280384,33.95,31.24,1.53
0,259.0416666666667,3.983359040485488,4.48,2.53,0.16
1,238.2962962962964,2.063713942045047,36.98,27.94,1.52
0,241.34375,2.914585255086422,40.61,25.44,1.52
1,253.5,4.59324915541543,38.06,29.03,1.52
1,248.11111111111111,2.592776221993529,35.09,27.35,1.53
1,238.0833333333333,2.26507210979859,39.77,27.14,1.5
1,242.96875,3.886807004921138,39.24,26.7,1.46
1,222.4197530864197,1.751065489686566,37.02,28.97,1.5
0,245.1851851851852,2.301281621426712,40.1,26.07,1.52
1,266.375,1.657043640812238,32.63,35.01,1.51
1,231.87654320987653,2.273025458977546,38.02,27.52,1.54
0,255.44444444444443,2.888234957224793,37.02,34.18,1.48
0,256.859375,2.800702545791864,0.0,0.0,0.0
1,266.578125,3.111446942202747,37.66,30.48,1.52
1,260.859375,3.238263120874763,35.86,30.28,1.52
1,257.5416666666667,5.53881328387393,36.88,29.4,1.48
1,230.984375,2.168830381706357,37.45,28.5,1.5
1,250.078125,2.160001636482775,34.33,28.26,1.5
1,248.0625,1.905259335413575,34.85,26.43,1.49
1,247.875,5.620374247431756,36.32,29.42,1.5
1,253.8125,2.577293849550188,39.47,29.09,1.47
1,234.75,2.601582181122568,32.47,21.38,1.23
0,239.4583333333333,2.330176380773386,0.0,0.0,0.0
1,236.90277777777777,1.994248054921627,38.56,25.64,1.53
0,259.5625,4.092665985226631,41.04,26.4,1.54
1,232.734375,1.562832709401846,45.04,25.51,1.52
1,228.125,2.251834227703512,39.5,27.56,1.53
0,252.96875,2.282288136892021,38.58,25.33,1.48
1,244.265625,2.12986917141825,38.25,27.74,1.54
1,237.859375,2.152553012594581,34.24,28.44,1.48
0,238.4583333333333,2.295173969533709,36.42,25.73,1.51
1,237.25,1.945469840809151,30.37,34.66,1.47
1,241.22222222222223,2.39165003101031,37.96,26.74,1.55
1,263.96875,4.88563573267311,32.84,29.35,1.46
1,228.921875,1.49674370046705,38.06,26.79,1.5
1,234.875,1.866237977312671,37.82,25.4,1.53
1,247.171875,6.567736461758614,37.1,29.17,1.51
1,225.921875,1.49954753741622,39.21,26.49,1.5
1,226.96875,2.29999512899667,38.93,26.91,1.51
1,260.15277777777777,4.951244672967328,34.63,28.45,1.46
1,260.015625,3.085336903110147,36.36,29.09,1.54
0,251.140625,3.205594453960657,13.38,9.31,0.51
1,255.875,3.528051918372512,34.29,30.1,1.45
0,241.234375,1.942406661808491,5.61,3.8,0.22
1,267.9166666666667,1.612587235867977,31.86,27.49,1.36
1,258.9135802469136,2.86095768507616,31.53,30.77,1.46
1,246.8271604938272,2.376613745718827,35.07,29.59,1.49
1,251.671875,3.450991899706423,37.31,28.65,1.47
1,254.796875,1.945407669991255,40.75,25.79,1.48
1,245.72222222222223,2.449909043808778,39.98,26.74,1.54
1,244.3125,2.183452799916267,38.37,27.5,1.51
0,231.25,1.500360728138023,43.28,26.22,1.43
0,264.20833333333326,4.304159156150288,40.38,26.44,1.53
1,232.171875,2.212727385573089,38.34,29.23,1.53
1,254.34722222222223,2.628051393561893,37.98,31.3,1.5
1,243.22222222222223,3.516207789381345,35.76,29.11,1.52
1,240.0833333333333,3.196505693097909,39.55,25.74,1.51
1,238.86111111111111,1.718028089238538,38.12,26.43,1.55
1,229.640625,2.136124721728265,39.7,25.38,1.5
1,254.90625,1.520130109041929,33.57,30.55,1.47
0,252.140625,6.017133491113782,0.0,0.0,0.0
1,238.51388888888889,3.381186372703976,34.79,28.06,1.47
1,254.7083333333333,3.527883959313234,36.79,23.97,1.48
0,240.984375,1.789892931468785,36.24,27.5,1.51
0,256.46875,2.136780817992985,26.03,24.69,1.2
1,247.23611111111111,1.651723634865549,39.24,27.28,1.5
1,240.84375,2.916679590940475,37.98,27.53,1.5
1,240.81944444444443,1.890599735909038,38.57,26.15,1.54
0,267.641975308642,5.662082743497542,36.88,30.18,1.49
1,222.13888888888889,1.482401977810595,37.26,28.28,1.5
0,235.15625,2.191515620797873,45.04,24.38,1.51
1,223.22222222222223,1.925693770249685,36.97,28.84,1.51
1,244.640625,2.35561906453222,38.17,29.97,1.52
1,261.828125,2.941312544979155,38.13,29.37,1.54
1,236.22222222222223,3.058853461510605,36.21,27.97,1.5
1,234.7083333333333,2.032358973390526,42.59,25.31,1.51
1,252.77777777777777,2.630392559700542,35.75,30.85,1.47
0,265.046875,2.419414137490094,35.43,29.22,1.51
1,233.65277777777777,1.473832379612658,41.29,24.41,1.49
1,245.22222222222223,2.177517298195097,36.06,27.21,1.47
1,147.34375,3.497852820903063,40.12,25.25,1.51
1,251.625,2.961641944944859,39.29,28.46,1.47
1,258.59375,4.268635660409929,41.01,25.57,1.5
1,239.4583333333333,2.404092552761237,38.94,27.46,1.5
1,251.73611111111111,4.194660797715187,38.66,28.27,1.48
1,267.4861111111111,2.48010271622075,37.05,30.85,1.52
1,242.265625,2.285154197365046,38.96,25.39,1.54
1,245.34375,2.337577918544412,39.37,28.72,1.55
1,234.375,2.065609252080321,39.09,26.61,1.52
0,245.6875,3.34070982504636,3.92,2.66,0.16
0,237.6543209876544,2.906360631371722,0.0,0.0,0.0
0,224.26388888888889,1.424999189873536,37.34,26.96,1.47
1,250.625,2.377215723507106,39.93,28.35,1.51
1,250.70370370370367,4.33333060770859,37.76,25.66,1.52
1,238.2716049382716,2.758257932133145,38.05,30.09,1.5
1,248.359375,3.856952809728682,34.97,29.67,1.5
1,258.75,2.438785338567363,39.77,28.98,1.54
1,240.609375,2.150107875466347,34.3,31.52,1.48
1,243.8148148148148,2.021608021524218,37.84,30.04,1.53
1,247.59722222222223,2.10074709686968,42.29,25.93,1.5
1,242.81944444444443,2.307161630855666,36.69,28.57,1.5
1,258.59375,3.931152247823775,32.62,30.63,1.46
1,243.01388888888889,2.587962687015533,38.37,29.46,1.5
1,241.265625,2.348447729833424,38.37,28.05,1.49
1,250.234375,1.918077569454908,36.53,26.73,1.49
1,228.5833333333333,1.894472097357114,37.53,27.68,1.5
1,250.9375,1.892269009724259,35.18,27.76,1.48
0,244.015625,2.175697496160865,0.92,0.64,0.04
1,240.453125,2.23309526219964,38.37,28.57,1.49
1,255.90625,4.23264532443136,39.83,28.83,1.46
0,250.109375,3.373326882719994,0.0,0.0,0.0
1,240.484375,2.167904342524707,39.17,27.9,1.51
1,221.8055555555556,1.964501963721381,37.96,28.69,1.49
1,261.8611111111111,3.061393156647682,37.79,28.23,1.5
1,261.65625,3.711360069923103,29.47,34.53,1.5
1,236.515625,2.352201683446765,37.27,27.9,1.49
0,245.52777777777777,2.877329731980959,38.76,26.13,1.54
1,256.25,3.432532294653356,28.74,32.2,1.46
0,251.796875,5.80033061746508,33.58,28.78,1.41
1,240.046875,2.027375806123018,38.55,26.21,1.55
1,254.984375,3.103426649235189,40.29,28.03,1.52
1,254.625,1.774609018117189,34.45,29.22,1.49
0,252.30864197530863,4.181314281475397,0.0,0.0,0.0
1,259.69444444444446,1.885702181193564,38.97,29.8,1.49
1,235.703125,2.161768083460629,39.31,26.27,1.51
1,232.265625,2.236146916635334,40.08,26.59,1.54
1,258.796875,3.311713382601738,40.45,26.82,1.5
1,257.25,3.412076839970218,37.6,30.96,1.49
1,242.6805555555556,3.925661510891385,37.18,25.22,1.44
0,236.04166666666663,1.948328745861848,0.0,0.0,0.0
1,231.26388888888889,1.772223693629106,35.79,28.77,1.48
1,262.375,1.611875751055777,34.19,31.35,1.5
1,255.734375,2.525687281042337,37.52,30.35,1.51
1,252.515625,4.237481041811407,33.52,30.04,1.47
1,245.125,2.229669448402193,37.63,30.14,1.5
1,258.58333333333326,2.560995786554284,40.55,26.54,1.51
1,233.125,2.329376459121704,39.32,26.57,1.52
1,261.6666666666667,4.695287517375416,35.97,28.62,1.47
0,250.9583333333333,2.516248744395044,0.0,0.0,0.0
1,251.54166666666663,2.818354371521208,36.21,26.4,1.48
1,254.359375,1.885292774997652,41.64,27.95,1.54
0,228.359375,1.691016440279782,37.24,27.96,1.52
1,240.91666666666663,3.839541532927089,35.76,29.57,1.5
1,264.921875,1.806167243979871,35.95,28.93,1.52
1,257.26388888888886,3.62394741922617,37.6,29.56,1.46
1,254.52777777777777,3.721189960837364,30.52,31.84,1.45
1,229.203125,2.238261022605002,37.65,27.14,1.52
0,237.63888888888889,2.23432807955477,0.0,0.0,0.0
1,222.02777777777777,1.99732414053546,38.96,26.04,1.49
1,252.984375,2.116736128926277,38.95,28.83,1.47
1,243.9375,2.758006625808775,36.86,29.34,1.48
1,252.31944444444443,3.306851372122765,33.18,30.46,1.47
1,247.52777777777777,2.848353784945276,40.95,26.02,1.51
1,230.0625,1.828942244872451,38.16,26.2,1.51
1,233.23611111111111,1.437476369241873,36.33,27.07,1.53
1,256.47222222222223,4.467936615977022,27.77,33.51,1.44
0,240.641975308642,2.188835427348996,0.0,0.0,0.0
1,255.88888888888889,4.522627849637726,32.82,30.47,1.47
1,243.44444444444443,3.544652812182903,35.7,29.63,1.52
1,237.75,1.808245781809092,38.59,26.08,1.51
1,259.43055555555554,2.328503530886438,39.18,28.18,1.47
1,244.4375,3.04881261382252,39.68,25.78,1.51
1,249.140625,2.807824411429465,36.79,24.89,1.51
1,238.75,2.469987154006958,36.24,29.27,1.49
1,228.04166666666663,1.20342952840858,36.95,26.85,1.53
0,234.61111111111111,2.306984347601732,40.97,24.89,1.48
1,266.21875,1.824002365581691,34.42,30.02,1.5
1,226.640625,2.132342014461756,38.6,26.25,1.52
1,240.71875,3.011315013282001,36.38,28.2,1.52
1,235.22222222222223,1.837800144413371,37.89,28.8,1.5
1,243.40277777777777,3.490357711083359,34.6,29.57,1.49
1,234.234375,1.768206135369837,42.45,25.34,1.5
0,239.25925925925927,3.827081191686936,44.19,19.52,1.41
1,258.3611111111111,2.479783185654216,40.56,26.71,1.51
1,235.625,2.296496932705244,37.77,25.61,1.51
1,239.171875,2.323457761667669,32.99,30.95,1.45
1,257.25,3.129237681627274,38.19,26.81,1.49
1,268.8395061728395,1.674889064129488,36.13,31.56,1.5
0,220.69444444444443,0.945349121259318,38.62,24.96,1.51
1,246.0625,3.177250076085329,38.11,30.3,1.48
1,234.296875,1.434019189327955,40.7,25.24,1.52
1,227.27777777777777,2.026285943885644,38.86,27.93,1.49
1,253.91666666666663,2.032945695022742,36.6,28.5,1.48
1,261.6111111111111,1.980359810921881,35.79,29.16,1.48
1,235.125,2.451985928229988,37.96,24.88,1.52
1,256.51388888888886,3.316001445055008,38.78,30.91,1.48
1,243.13580246913577,2.260869852554651,36.23,30.75,1.49
1,253.84375,4.696094016544522,34.46,27.28,1.46
1,257.44444444444446,3.605818113519086,42.75,27.23,1.46
1,236.5308641975309,2.286648735587979,37.81,26.1,1.5
1,248.54166666666663,2.962062112987041,36.23,27.74,1.49
1,255.6875,5.920084623619914,28.33,32.37,1.45
0,240.6875,2.15728800278157,37.62,26.78,1.55
1,253.953125,4.986079221591354,32.9,29.75,1.47
1,267.69444444444446,1.941876937945684,31.99,29.68,1.5
1,254.97222222222223,2.055414371192455,39.76,28.76,1.47
1,231.0625,1.317178482189775,38.93,25.23,1.52
0,239.75,2.715850342065096,0.0,0.0,0.0
1,257.109375,3.826125636696815,34.2,27.19,1.47
1,233.76388888888889,2.385524243944221,38.43,26.64,1.52
0,247.4305555555556,1.86931513581011,37.98,31.57,1.48
1,262.80555555555554,3.256183927257856,37.63,29.63,1.5
1,236.671875,1.857649384066463,38.54,25.89,1.53
1,240.78125,1.411489109508693,37.8,28.29,1.49
1,253.61111111111111,5.078660756349564,26.79,25.39,1.25
0,237.98765432098764,2.015153661186313,0.05,0.04,0.0
0,247.8125,1.83429828286171,12.88,7.49,0.46
1,234.078125,1.787627715617418,37.61,26.34,1.52
1,241.203125,2.694375887513161,36.26,30.89,1.51
1,258.47222222222223,2.150477781891823,38.08,26.05,1.47
1,255.7283950617284,3.139102709146194,32.57,30.45,1.45
1,263.890625,3.495162790641189,33.12,27.78,1.46
1,267.5679012345679,3.527266673099847,31.78,30.15,1.49
1,245.15277777777777,3.885141332944234,33.64,32.04,1.5
1,262.5925925925926,2.631310782314819,38.5,30.22,1.53
1,236.8055555555556,1.833343281514115,32.08,23.21,1.29
1,240.36111111111111,2.403636867801348,42.29,25.69,1.5
1,256.90277777777777,2.262363468607267,38.85,28.44,1.5
1,255.625,4.235729129778014,32.17,29.11,1.46
0,245.0555555555556,2.435071858266989,37.39,27.07,1.53
1,265.82716049382714,3.676082555158639,32.66,30.2,1.48
1,232.640625,1.494886358268559,39.42,27.51,1.54
1,231.63888888888889,2.091994380785359,39.2,29.24,1.54
1,233.171875,2.089711956679821,38.4,26.69,1.51
1,234.3055555555556,1.875911122394933,37.62,26.14,1.52
1,237.02469135802468,1.829855365517699,36.59,25.59,1.5
1,252.48611111111111,2.784340935448805,32.31,26.66,1.45
1,231.36111111111111,1.637739814817905,39.7,25.62,1.51
1,256.09375,2.835702046751976,40.71,26.86,1.5
1,244.79166666666663,3.322745926678181,38.75,26.85,1.44
0,254.234375,2.1408357527107,0.0,0.0,0.0
1,241.53125,2.252543482929468,38.43,26.74,1.53
1,258.375,2.618506527505815,31.52,31.33,1.45
1,241.53125,3.846771498210728,36.3,31.17,1.51
1,229.66666666666663,1.747235643366973,37.64,27.41,1.54
1,262.30555555555554,3.828506599697802,35.75,29.12,1.47
1,269.0416666666667,2.875509915252527,32.3,32.26,1.5
0,240.65625,2.160182934254408,37.93,26.01,1.52
1,231.97222222222223,1.738383701278104,38.41,25.16,1.5
1,262.95833333333326,2.107085430787669,34.68,30.85,1.5
1,230.13888888888889,2.357410782741176,36.25,27.63,1.49
0,255.203125,5.154105585068464,0.0,0.0,0.0
1,255.15625,2.519848916679621,36.16,26.07,1.47
1,238.625,1.986952801545461,34.54,31.78,1.5
1,229.69135802469137,1.834767118648246,37.58,27.32,1.53
0,241.765625,1.994053680449724,41.54,27.7,1.48
0,242.6875,1.602312291972339,0.0,0.0,0.0
1,252.51388888888889,2.581369435621633,36.22,27.52,1.49
1,237.0625,2.599402862600982,37.81,26.08,1.51
1,246.5555555555556,3.375417083133886,33.46,29.88,1.53
1,229.53125,2.192800243385136,37.7,27.21,1.53
1,234.71604938271605,3.966020115363745,41.39,24.98,1.51
0,244.5625,3.513150769285858,28.12,19.65,1.13
1,231.94444444444443,2.244731452729967,28.65,19.18,1.13
1,234.27777777777777,2.109950193100505,39.35,25.91,1.52
1,265.08333333333326,2.154014838238557,30.83,30.45,1.48
1,234.44444444444443,1.969208082391156,37.02,27.07,1.52
1,253.890625,3.576111705042422,37.84,28.62,1.48
1,251.6805555555556,4.311935059726239,35.18,27.25,1.47
1,254.03125,2.02320683375001,36.63,27.62,1.48
0,243.609375,3.664275928400457,0.0,0.0,0.0
1,230.86111111111111,1.524990774691105,39.92,25.45,1.52
0,237.81944444444443,1.230917991035514,6.68,4.78,0.26
1,257.59375,2.490513267926872,29.55,31.48,1.46
1,251.546875,5.159806368872524,39.52,26.96,1.53
1,230.0555555555556,2.266892706354459,36.38,26.09,1.52
1,232.6049382716049,1.815696471267276,41.84,25.18,1.51
1,249.046875,4.097454765811565,36.39,28.35,1.48
0,232.6543209876544,2.530926649217252,39.37,25.74,1.5
0,224.984375,1.623842195607722,28.55,20.94,1.17
1,229.125,1.784023592041598,37.28,26.06,1.49
1,248.609375,3.93311517406255,40.61,27.94,1.48
1,243.8395061728395,1.829619183952426,37.43,26.26,1.49
1,262.59722222222223,3.768600157565541,32.82,28.51,1.47
1,232.453125,1.702296077273786,38.57,26.0,1.49
1,259.55555555555554,4.207484089665943,39.03,30.35,1.49
1,258.38888888888886,3.261833027005196,39.5,29.22,1.5
1,243.359375,2.971068476637205,32.43,31.53,1.5
1,260.47222222222223,5.504942860868242,39.35,25.65,1.55
1,234.63888888888889,1.872354332771566,36.63,27.27,1.49
1,265.5925925925926,2.871914033536558,35.93,30.52,1.48
1,226.375,1.415037452243268,37.46,25.19,1.51
1,231.3055555555556,1.881200580133332,39.0,25.72,1.51
1,238.16049382716048,2.066097208011298,36.64,27.24,1.51
1,249.0555555555556,2.27264606124825,38.7,25.51,1.56
0,240.625,2.942487883898947,35.89,30.07,1.5
1,256.09375,1.921514241956174,41.56,27.23,1.53
1,239.61111111111111,1.943212767442067,38.81,25.79,1.51
1,236.5833333333333,1.325165664156278,3.06,2.41,0.13
1,234.296875,2.287503751926124,38.67,26.96,1.48
1,228.72222222222223,1.433747448027134,36.48,26.38,1.54
1,236.484375,1.977838991209865,40.45,24.63,1.48
1,241.31944444444443,2.349355599946446,40.63,29.6,1.49
1,264.296875,4.879136743084078,30.71,30.2,1.48
1,256.81944444444446,3.263260170817375,36.66,27.95,1.45
0,241.79012345679007,2.708188474178314,10.46,8.41,0.43
1,229.91666666666663,1.834710217184491,37.81,28.1,1.5
1,231.5,1.648379596571128,42.6,26.83,1.5
1,247.234375,2.728100640699267,37.06,26.76,1.49
1,235.7083333333333,2.48659835755825,37.4,26.09,1.51
1,227.06944444444443,1.702683441340923,39.02,27.6,1.5
1,233.78125,1.747436063364148,39.11,26.67,1.54
1,231.47222222222223,2.402122319572502,42.07,26.24,1.49
1,229.04166666666663,1.89277725170056,37.0,27.34,1.51
1,235.84375,1.949211082421243,40.24,27.11,1.48
1,242.8055555555556,2.54607442766428,40.1,28.32,1.5
0,238.49382716049385,2.037630409370234,46.01,25.45,1.5
0,262.890625,3.254707152023911,0.0,0.0,0.0
1,255.34722222222223,5.331295218732622,38.82,26.76,1.48
1,251.59259259259252,1.622349916416922,38.61,27.99,1.49
1,260.05555555555554,2.116732387906975,38.99,29.31,1.5
1,259.59722222222223,3.677182390458054,38.86,30.28,1.51
0,237.828125,1.743781278841197,24.68,17.48,1.0
1,261.34722222222223,2.945624190900061,35.74,27.41,1.51
1,260.56944444444446,4.760776085986032,28.62,32.61,1.45
1,230.29166666666663,1.692904776997036,37.46,26.11,1.52
1,243.5555555555556,3.952480646471182,35.44,29.71,1.53
1,254.90277777777777,1.740861037539111,34.31,28.44,1.47
1,228.359375,1.929981913417578,38.65,26.04,1.53
1,244.73611111111111,1.868915605876181,38.27,27.65,1.49
1,244.796875,2.12682815361768,37.92,29.64,1.51
0,248.01388888888889,2.784947624637021,0.0,0.0,0.0
0,233.09375,1.798754762858152,37.26,27.06,1.5
0,252.34567901234567,6.616484527234678,17.3,10.89,0.66
0,246.19444444444443,3.122605236040221,0.0,0.0,0.0
1,232.63888888888889,1.753715008497238,39.66,26.14,1.54
1,231.94444444444443,2.347542981306712,39.99,26.81,1.51
1,265.4861111111111,2.32050741960605,35.45,30.05,1.48
1,245.04938271604945,3.337554430520093,38.2,27.94,1.48
1,238.23611111111111,2.596215190986792,38.04,29.88,1.5
1,239.859375,2.745355617254972,35.94,28.41,1.49
1,231.5,1.73578075485097,36.91,27.3,1.52
1,263.33333333333326,2.885456292717545,35.92,29.83,1.53
1,234.875,1.971996975131333,37.95,26.74,1.5
1,231.390625,2.288635767064989,39.46,27.16,1.51
1,256.5,4.49635399132967,32.63,28.57,1.44
1,241.4305555555556,2.929177612894111,37.15,25.88,1.53
1,229.4305555555556,1.452905407382382,26.17,19.1,1.06
1,232.52777777777777,1.973551063901848,44.33,25.99,1.51
1,239.11111111111111,2.338346415095859,35.83,30.25,1.48
1,248.875,3.399025654627217,39.82,27.99,1.53
0,250.34375,1.853893666528165,36.6,26.3,1.5
1,260.046875,3.10702910553664,30.44,30.62,1.45
1,241.78125,2.085834340192378,38.43,26.81,1.52
1,267.109375,1.517108936794102,25.71,34.61,1.48
1,236.94444444444443,2.209697338442008,37.38,26.59,1.5
1,248.641975308642,3.951327635918135,36.24,28.45,1.48
1,241.046875,2.403530454263091,37.81,26.22,1.49
0,243.203125,2.060081255622208,39.63,27.99,1.5
1,242.265625,3.272079294547439,38.52,25.73,1.55
0,257.6666666666667,2.81999994483259,1.41,0.73,0.05
0,267.20833333333326,2.74954436139928,23.49,16.92,0.89
1,229.9305555555556,1.633163946370284,38.33,27.38,1.53
1,221.94444444444443,1.295986880858739,39.12,27.21,1.5
1,243.234375,3.232730659656227,37.7,26.51,1.53
1,236.40625,2.221237210556865,38.55,26.14,1.51
1,231.9305555555556,2.440917714602417,37.32,26.64,1.54
1,242.91666666666663,3.172117282119062,36.56,28.32,1.52
1,242.98611111111111,2.108280280397998,37.37,26.13,1.51
1,260.625,4.874230582267046,36.45,27.25,1.47
1,259.65277777777777,1.910530587865247,38.99,28.5,1.47
1,234.5,2.181040485389531,40.2,25.81,1.51
0,250.890625,3.930560823529959,0.0,0.0,0.0
1,245.41666666666663,2.312612767848703,38.04,29.31,1.53
1,262.5,2.751629373058677,36.47,31.23,1.53
1,239.91666666666663,1.737002746098571,39.22,26.32,1.5
1,247.3125,2.315394213423133,38.66,26.85,1.55
1,256.6111111111111,4.463819609747995,38.09,31.1,1.51
1,262.5416666666667,2.852523644765218,28.38,33.85,1.5
1,241.328125,2.466539061628282,35.74,29.47,1.5
0,242.84722222222223,1.569651935369738,42.23,25.9,1.53
1,255.015625,1.74774978403002,33.89,29.96,1.48
1,250.8055555555556,1.920579800175296,37.06,26.46,1.48
1,228.296875,1.854823515750468,36.58,26.27,1.51
1,254.015625,4.191003200598061,27.48,35.2,1.45
1,261.03125,4.495416359044611,42.21,25.0,1.5
1,242.79166666666663,2.255296650032202,37.74,26.9,1.51
0,250.546875,3.748704626224935,37.36,26.54,1.48
1,223.75,2.369851379655302,14.79,10.2,0.55
1,233.84375,2.650579632259905,39.92,25.4,1.52
1,235.0833333333333,2.537560496893194,37.92,25.86,1.51
1,268.06944444444446,2.398346369465192,29.19,32.1,1.48
1,234.390625,1.995504704304039,39.11,25.68,1.56
1,252.25,4.71309656649828,36.15,26.58,1.48
1,233.546875,1.651601388119161,38.31,26.67,1.51
1,236.28125,1.65505747217685,34.97,26.52,1.49
1,244.484375,2.313754922710359,36.5,26.43,1.52
1,237.5833333333333,1.366009852124585,38.17,28.42,1.5
1,264.38888888888886,2.467259214984046,36.88,29.38,1.53
1,266.01388888888886,2.884594142436981,33.17,30.09,1.48
1,264.2916666666667,3.945075059102641,30.94,32.12,1.5
1,264.1851851851852,2.599075037020224,36.69,31.05,1.53
1,249.97222222222223,1.71123743057251,39.37,29.15,1.48
0,249.265625,5.042030312120914,0.0,0.0,0.0
1,227.828125,1.647494932636619,36.68,27.12,1.51
1,262.90625,1.988146579824388,33.78,31.74,1.53
0,244.78125,2.183796451427042,39.61,27.46,1.51
0,261.84722222222223,2.60396955245071,37.35,29.88,1.51
1,268.1604938271605,2.875213377269698,32.0,31.87,1.48
1,231.5,2.629958969540894,39.45,26.11,1.53
1,242.34722222222223,4.363923638231224,35.35,29.65,1.51
0,242.625,2.421625188655324,0.0,0.0,0.0
1,238.109375,3.217049322091043,36.54,30.05,1.5
1,259.4861111111111,4.61966191066636,37.79,31.34,1.45
1,240.453125,1.851140024140477,39.12,25.92,1.51
1,254.44444444444443,3.332494500610563,38.25,26.52,1.48
1,262.328125,3.470635110512376,40.32,26.32,1.51
1,245.0,3.159422424104479,19.34,15.55,0.83
1,262.734375,3.650055453181267,37.74,28.77,1.51
1,265.80555555555554,2.168895933363173,36.78,29.23,1.48
1,229.48611111111111,1.745183464553621,38.81,28.27,1.52
1,240.03125,1.593476862646639,36.77,28.51,1.48
0,251.38888888888889,1.97927262302902,39.68,27.6,1.5
1,261.9375,3.461262812837958,28.84,31.42,1.46
1,254.8125,3.080532567575574,34.69,28.76,1.48
1,256.51851851851853,3.55640670473193,33.71,26.92,1.47
1,259.56944444444446,3.772845051354832,43.37,26.12,1.51
1,238.078125,2.325433445163071,37.65,29.4,1.5
0,230.43209876543207,2.266604631771276,32.19,21.44,1.23
1,243.28125,2.779514732770622,37.37,27.7,1.51
1,264.15277777777777,2.240139919850561,39.44,27.43,1.47
0,256.18055555555554,5.26069746249252,37.95,26.66,1.53
1,248.72222222222223,3.633268295890755,35.69,27.23,1.52
1,243.86111111111111,1.914297023581134,38.83,27.41,1.56
1,253.40625,2.137277063913643,34.3,31.84,1.48
1,264.77777777777777,2.265974825455083,33.48,29.69,1.5
1,245.53125,3.132641844451427,28.81,22.63,1.21
1,261.046875,3.166623062454164,37.65,27.8,1.5
1,242.8333333333333,2.440088056855731,37.22,26.56,1.5
1,240.8055555555556,2.184351810978518,40.37,26.55,1.53
1,250.13888888888889,3.920401273502244,41.38,23.95,1.5
1,250.15277777777777,2.686129272811943,42.81,26.67,1.51
1,234.54166666666663,2.225298513968786,40.44,24.65,1.51
1,258.5,1.779145069420338,37.81,29.1,1.47
0,228.46875,1.655458777211607,36.32,26.45,1.51
1,255.32098765432096,2.18573663411317,34.91,28.53,1.5
1,229.921875,1.619563012383878,37.06,26.21,1.52
1,239.5,1.769855604507029,39.66,26.19,1.49
1,247.76388888888889,2.071024389730559,39.31,26.48,1.51
1,231.76388888888889,1.71458916614453,38.44,27.22,1.51
1,230.34375,2.279566569253802,36.94,26.66,1.53
0,249.20987654320996,2.601714769263326,41.66,27.26,1.47
0,255.66666666666663,4.274722157253162,39.51,30.32,1.5
1,249.46875,4.236260239966214,35.95,28.76,1.46
1,236.22222222222223,1.615645002159807,39.12,26.27,1.49
1,244.59722222222223,1.446938960088624,40.75,27.87,1.53
1,249.94444444444443,1.70096230506897,35.84,25.74,1.48
1,228.578125,1.811920100823045,40.01,27.09,1.53
1,229.39506172839504,2.03657982820346,36.3,25.87,1.5
0,228.54166666666663,2.051930069923401,36.99,26.6,1.51
1,256.97222222222223,4.051318467491204,33.39,30.1,1.47
1,228.1851851851852,2.619569532665206,38.62,28.61,1.52
1,228.19444444444443,2.0288302037451,39.08,25.85,1.52
1,249.30864197530863,4.698785372722296,38.61,26.61,1.48
1,229.7083333333333,1.561435524788168,36.38,29.69,1.5
1,249.84375,5.770418936386704,36.58,30.52,1.48
1,260.5416666666667,4.100185741153028,37.88,28.51,1.51
0,264.015625,2.469286911189556,37.21,29.15,1.53
1,254.8055555555556,2.001185807089011,32.83,30.21,1.47
1,234.609375,1.891293328255415,39.24,25.71,1.49
0,235.0555555555556,1.512557305395603,34.03,23.92,1.36
1,232.171875,1.630116788670421,40.5,26.29,1.48
1,269.046875,1.609763880260289,30.49,32.12,1.47
1,251.59722222222223,3.314686704840925,35.75,28.47,1.47
1,231.859375,1.90790771972388,36.09,29.74,1.52
1,246.98611111111111,4.445929831928677,40.0,27.94,1.52
1,259.05555555555554,3.953029581242137,37.75,31.17,1.47
1,245.29166666666663,2.041792160934872,42.89,25.48,1.51
1,258.5308641975309,4.256563425064087,38.88,25.86,1.5
0,250.0833333333333,2.815734936131371,0.0,0.0,0.0
1,260.93055555555554,3.702037759953075,31.02,31.72,1.46
1,260.375,2.926764693525103,39.61,29.03,1.49
1,231.1875,1.492785611189902,36.68,28.44,1.53
1,238.375,1.986716689541936,37.29,28.55,1.49
1,260.40625,3.737308289855719,36.45,31.25,1.52
0,237.52777777777777,2.151222632990943,39.09,26.79,1.47
0,243.5833333333333,2.550909481942654,11.89,9.3,0.48
1,255.08641975308643,4.131815139158272,33.28,28.4,1.45
1,256.85185185185185,4.31275568920889,29.36,30.73,1.45
1,227.51388888888889,1.943048065735234,39.44,25.39,1.51
1,228.72222222222223,2.290543268952105,37.69,26.87,1.51
1,241.0987654320988,2.271350092358059,35.61,25.68,1.52
0,266.8765432098765,4.649525637979862,31.93,30.54,1.5
1,264.484375,2.501124874688685,35.7,29.02,1.48
1,268.90277777777777,2.394487490256628,31.25,30.28,1.48
1,242.03125,1.878902547061443,37.76,26.23,1.5
1,236.0833333333333,1.667165863017241,36.35,28.32,1.51
1,255.90625,2.622361882589757,40.96,26.72,1.5
1,244.53125,4.222174705937505,38.76,26.07,1.44
0,234.3703703703704,1.982969971350682,39.22,24.82,1.47
0,267.4166666666667,2.014137517246935,36.21,30.32,1.49
0,265.0625,2.641058115288615,31.53,21.68,1.28
1,263.55555555555554,2.956025202241209,21.41,20.53,0.98
1,239.765625,2.660765125416219,34.72,30.66,1.5
1,236.29166666666663,2.145228289895587,35.69,29.49,1.49
1,230.609375,1.900095561519265,38.15,27.51,1.52
1,263.21875,4.446870337240398,32.97,27.6,1.47
0,270.59722222222223,2.522367439336247,30.87,30.73,1.5
1,226.3333333333333,2.091371297836304,39.23,26.38,1.54
0,239.51388888888889,2.210639759070343,41.97,25.76,1.49
1,260.93055555555554,2.342686193684737,28.59,33.28,1.49
1,249.65625,1.83144657779485,39.11,27.59,1.51
1,262.48148148148147,2.068685862017266,36.4,31.0,1.47
1,248.359375,2.742971327155828,36.72,28.05,1.51
0,250.0555555555556,2.923140516711606,41.37,26.98,1.52
1,260.7916666666667,5.504921831190586,38.23,28.15,1.54
1,248.27777777777777,3.510840390291479,39.41,28.18,1.54
1,236.734375,1.490444730967283,38.55,26.21,1.51
1,226.61111111111111,1.699192105068101,37.99,27.64,1.51
1,242.546875,1.834422967396677,35.48,27.89,1.48
1,243.921875,2.691801253706217,37.66,26.34,1.53
0,257.71875,3.126642136834562,34.73,27.5,1.38
1,257.515625,3.984065919183195,40.87,28.01,1.49
1,231.4375,2.726364566013217,39.25,25.88,1.5
1,251.171875,3.07266160286963,39.23,25.22,1.49
1,257.53125,3.086506090126932,30.12,31.16,1.46
1,259.015625,3.471603538841009,28.43,32.6,1.45
1,240.20987654320996,2.604254027943552,35.0,31.49,1.51
1,228.8125,1.312527236528695,36.69,27.12,1.5
1,227.26388888888889,1.820120026667913,38.05,26.91,1.53
0,246.43209876543207,2.786292669213848,40.22,26.42,1.52
1,265.80555555555554,2.448200889759593,34.2,30.0,1.5
1,254.1875,3.372168337926269,34.4,27.47,1.46
0,244.0,3.429124165740278,0.0,0.0,0.0
1,263.421875,2.992724036797881,28.64,34.04,1.5
1,264.01388888888886,2.767154862483343,38.04,30.84,1.49
1,239.9375,1.82342354208231,35.87,30.17,1.48
1,242.11111111111111,2.108314418498381,38.55,26.01,1.58
1,232.953125,2.691619839519262,39.13,25.94,1.56
1,246.6805555555556,1.732711543639501,38.08,31.37,1.49
1,260.859375,2.050442337989807,35.17,31.17,1.52
1,245.84375,2.173546833917499,20.53,18.1,0.89
0,229.078125,1.828015669248998,37.21,26.91,1.51
0,260.18055555555554,3.370463074081474,37.53,27.49,1.56
1,246.4375,2.428491255268455,37.6,26.73,1.51
1,270.828125,2.751442228443921,32.9,30.38,1.47
1,235.46875,1.986859220080078,37.13,26.06,1.51
1,233.75,1.942671121822463,38.7,27.77,1.51
0,241.4691358024692,1.921438235559581,1.91,1.34,0.08
1,255.43209876543207,1.954646553542163,34.58,28.85,1.49
1,237.02777777777777,1.79280273285177,42.5,25.49,1.47
1,263.25,2.273957620064417,30.77,33.08,1.5
0,259.390625,4.74817184265703,38.77,26.83,1.49
1,229.28125,1.223242366686463,39.92,26.52,1.52
1,253.4583333333333,4.413477511869538,32.1,29.61,1.46
1,261.38888888888886,2.400923030243979,36.43,31.75,1.48
1,267.34722222222223,2.873076951338185,34.44,31.68,1.5
1,233.625,1.55171624943614,39.28,28.97,1.48
1,257.1666666666667,3.811302545997831,32.19,31.94,1.47
1,231.953125,2.448393520899117,38.78,27.28,1.53
1,241.875,1.460290357470512,36.27,29.59,1.49
1,246.9375,1.795429298654199,34.81,30.92,1.49
1,238.265625,2.159899977967143,37.72,25.17,1.53
1,237.3333333333333,3.31873015811046,37.18,26.93,1.52
1,239.3333333333333,2.521787497732374,35.22,27.59,1.49
0,237.53125,2.359167936258018,0.0,0.0,0.0
1,232.375,3.481451858734262,34.12,29.77,1.49
1,242.0833333333333,2.229905907478598,38.43,26.11,1.53
1,230.875,2.491631472483277,38.37,28.64,1.53
0,255.828125,3.668948527425528,0.0,0.0,0.0
1,267.125,2.78653374976582,36.99,32.39,1.51
1,250.8333333333333,2.169285100367334,35.59,27.51,1.48
1,242.41666666666663,2.601701569226053,36.29,27.57,1.51
1,243.43209876543207,3.735911818198216,37.32,26.35,1.52
1,239.41666666666663,2.683441257311238,37.9,29.75,1.51
1,230.44444444444443,2.348641101684835,39.19,26.08,1.53
1,227.5,1.958976132174333,39.1,27.74,1.51
1,228.94444444444443,1.887817416754034,37.12,26.87,1.52
1,229.38888888888889,1.692782631350888,37.78,28.19,1.51
1,260.78125,3.85504942573607,37.41,29.51,1.54
1,227.90625,2.422869148664176,37.35,26.96,1.53
1,257.33333333333326,3.335466410550806,35.94,26.25,1.47
1,235.86111111111111,2.208424267945466,34.99,29.54,1.47
1,231.5,1.211190832985772,38.87,25.87,1.54
0,267.90625,2.054067915305495,35.6,29.38,1.51
1,239.125,3.343506654724479,35.05,28.24,1.47
0,244.5625,2.088076789863408,20.82,14.21,0.85
1,233.703125,2.094750395976007,39.69,26.13,1.52
0,239.03125,3.457068089395761,12.28,7.19,0.42
1,236.80246913580248,2.126218881871965,39.95,26.75,1.51
1,253.4375,2.094909235835075,33.76,30.02,1.48
1,234.3125,2.332745742052794,37.43,26.47,1.54
1,252.03125,1.973779695108533,37.91,27.61,1.49
1,263.984375,2.34044277947396,36.43,26.97,1.54
1,254.38888888888889,3.099902059468958,39.44,25.85,1.49
1,237.06944444444443,2.350559069878525,37.89,26.29,1.51
1,253.96875,5.157114601694048,32.29,28.5,1.45
1,233.7083333333333,1.891090775529544,40.57,25.95,1.51
1,233.59722222222223,1.811307926388348,37.25,27.11,1.52
0,254.71875,2.65863754786551,0.0,0.0,0.0
1,251.71875,3.661470182240009,38.87,27.47,1.48
1,230.109375,2.213074644096196,38.21,28.87,1.51
1,233.22222222222223,2.019053434884106,36.85,27.69,1.5
0,254.78125,3.261258839629591,29.97,17.75,1.1
1,267.9861111111111,3.191598763068517,34.41,31.7,1.49
1,255.48611111111111,1.620206730233298,34.31,30.8,1.48
1,226.71875,2.1079389937222,39.3,25.78,1.51
1,228.87654320987653,1.58884655546259,36.71,26.56,1.52
1,250.22222222222223,1.641261320975092,40.31,25.9,1.48
0,245.51388888888889,4.121005720562405,12.12,7.82,0.48
1,227.66666666666663,2.489721231162548,37.99,26.49,1.53
1,238.140625,2.188096093945205,36.01,30.32,1.49
1,231.47222222222223,1.877594810393121,38.85,24.77,1.51
1,260.921875,3.313387168571353,40.67,29.65,1.48
1,240.7083333333333,1.70295133938392,34.13,32.54,1.5
0,240.75,2.032111927866936,35.16,27.77,1.49
1,259.22222222222223,2.399107037319077,37.16,29.21,1.49
1,256.28125,2.718791351653636,38.41,29.47,1.49
1,246.86111111111111,1.978167541325092,39.38,26.11,1.5
1,263.2361111111111,2.727365858852863,36.32,31.15,1.48
0,256.875,2.551523810252547,20.08,14.82,0.78
1,231.1805555555556,2.040841889878114,34.73,28.31,1.52
1,236.015625,2.763682005926967,37.18,26.9,1.51
1,253.1875,4.043337514624,32.21,29.24,1.46
1,251.8148148148148,2.875728871351407,38.34,25.53,1.48
1,240.40277777777777,2.326371950407823,34.24,30.93,1.49
1,266.33333333333326,1.60721506509516,30.77,30.43,1.48
0,257.359375,4.464357407763601,25.34,21.67,1.01
1,229.125,1.506147605677446,38.72,27.58,1.53
1,247.90277777777777,2.653132693635093,40.44,24.79,1.54
0,227.5308641975309,1.308965540962455,38.92,26.2,1.51
1,234.39506172839504,1.549240441322327,42.06,25.7,1.53
1,231.8055555555556,1.439322912858592,39.48,25.08,1.52
0,268.359375,1.730411117896438,12.28,11.38,0.55
0,238.9305555555556,3.059410384131803,34.76,25.07,1.51
1,238.40625,2.27345965243876,39.38,27.95,1.51
1,248.828125,3.239664715714753,39.9,28.06,1.54
1,253.21875,2.802727835252881,34.57,26.51,1.47
1,258.5,1.540940137580037,40.35,28.63,1.51
1,264.33333333333326,1.866691557069619,29.3,35.95,1.46
1,252.77777777777777,2.417154146565331,37.02,25.78,1.49
1,221.51388888888889,2.698627461161879,27.96,18.36,1.13
1,241.84375,2.23812417127192,39.83,24.49,1.55
1,259.34722222222223,3.141086171898577,38.91,29.93,1.5
0,242.98611111111111,2.806919157505035,34.89,28.91,1.47
1,252.40277777777777,2.548351417813036,35.31,27.25,1.48
1,222.91666666666663,2.133028654909845,36.9,28.58,1.5
1,241.54166666666663,2.36413150280714,35.83,28.75,1.53
1,241.546875,2.045563946478069,36.51,30.26,1.49
1,235.24691358024688,2.376316613621182,38.37,26.15,1.49
1,231.203125,2.216434370726347,38.86,28.42,1.51
1,243.96875,1.954912124201655,37.54,29.6,1.56
0,233.19444444444443,2.849517127705945,42.38,25.33,1.38
1,261.2361111111111,2.233587003416485,36.88,31.2,1.49
0,252.65625,4.270358002744615,36.27,30.29,1.48
0,229.859375,1.72068867366761,43.22,26.44,1.41
1,248.5555555555556,1.975391151728453,38.53,26.12,1.5
1,260.015625,3.059819576330483,29.79,32.55,1.45
1,235.36111111111111,1.74228252718846,38.03,25.69,1.51
1,234.26388888888889,2.124304980039597,37.98,25.24,1.53
1,256.69444444444446,2.985663487679429,29.29,31.32,1.46
1,262.3611111111111,2.048649061057302,27.57,34.59,1.49
1,235.0833333333333,1.972762489484416,34.43,29.36,1.5
1,256.08333333333326,4.937415617207686,37.0,27.2,1.48
1,240.90625,2.631945081986487,35.61,27.05,1.48
1,235.39506172839504,2.048643848042429,36.06,27.48,1.52
1,236.078125,2.75532069709152,36.99,27.91,1.53
1,261.75,2.522176423110068,38.06,28.98,1.53
0,266.71875,4.580004256218672,22.79,20.1,0.99
1,241.86111111111111,1.69088501483202,42.62,24.94,1.5
1,254.16666666666663,5.632252419988316,37.35,27.44,1.46
1,248.48611111111111,1.755370415747166,37.43,27.44,1.5
0,241.04166666666663,3.514047908286253,22.67,13.62,0.77
1,231.81944444444443,1.317295730113983,38.47,25.61,1.52
1,227.09375,2.141746615990996,38.86,25.99,1.5
1,238.75,2.477445393800735,38.41,28.97,1.5
1,255.21875,4.23012856580317,47.05,21.08,1.53
1,244.52777777777777,2.196260571479797,35.72,26.72,1.5
1,249.31944444444443,2.535377865864171,38.35,28.91,1.46
0,250.71875,2.938699317164719,42.15,23.66,1.52
1,244.5833333333333,2.856010145611233,40.66,28.23,1.49
1,234.40277777777777,2.087082918319437,37.32,26.61,1.52
1,236.0,2.467586456901497,37.64,25.33,1.51
1,258.7361111111111,2.555846752391921,40.79,27.56,1.51
0,249.54166666666663,3.407924099100961,35.45,28.17,1.48
1,230.96875,1.911683615297079,37.82,24.38,1.52
1,242.02777777777777,2.704659817947282,39.21,26.22,1.46
1,243.3055555555556,1.861240771909555,37.11,28.03,1.51
1,263.45833333333326,1.532193238536517,34.61,29.22,1.47
1,252.9375,2.993221132084727,33.21,29.81,1.47
1,248.140625,1.841706243343651,38.8,26.12,1.51
1,231.8333333333333,1.324940358599027,37.26,27.07,1.51
1,261.08333333333326,2.999081252349748,35.81,29.36,1.46
1,246.625,2.834041019901633,35.45,28.15,1.52
1,239.4583333333333,1.844837682942549,38.65,26.76,1.51
1,245.625,3.375538727475537,34.05,30.04,1.5
1,227.71875,1.704941463656723,37.76,25.75,1.52
1,256.109375,3.935530479997396,38.56,25.82,1.47
1,248.77777777777777,2.900417857699924,35.47,29.79,1.48
1,229.484375,1.829924971796572,38.85,27.99,1.51
1,228.46875,2.269169641658664,37.74,26.99,1.53
1,256.44444444444446,5.736327505406038,27.93,32.26,1.44
0,247.953125,3.809269277378917,0.0,0.0,0.0
1,243.09375,2.187578349374235,36.0,31.49,1.49
1,229.56944444444443,1.636180434789922,37.56,27.15,1.49
1,230.28125,1.805327062495053,38.69,26.22,1.53
1,262.734375,3.913855753839016,36.79,30.72,1.53
1,223.76543209876544,2.33258831648179,38.75,26.54,1.51
0,239.390625,1.878427141346037,43.51,25.21,1.5
1,229.84375,3.080580710433424,37.09,26.83,1.53
1,254.04166666666663,2.972041007545259,34.62,26.13,1.47
1,236.828125,1.915820623748004,37.48,28.7,1.5
1,256.5625,3.670642513781786,16.03,15.83,0.72
1,249.6805555555556,3.260059861673249,40.99,27.07,1.48
0,235.73611111111111,2.309439504312144,0.0,0.0,0.0
1,229.81944444444443,1.650751446684201,38.11,26.91,1.51
1,224.5555555555556,2.098444202063996,37.96,27.51,1.52
1,251.2083333333333,2.585687131517463,36.0,27.52,1.49
1,250.96875,3.184668770059943,37.39,29.11,1.49
1,262.21875,1.697937792167068,34.4,29.99,1.5
1,252.56944444444443,2.630647130310535,39.66,28.45,1.51
1,256.55555555555554,2.972846093277136,33.73,28.6,1.46
1,229.640625,2.259840792044997,37.71,27.1,1.52
1,239.90277777777777,2.818290270037121,38.88,26.41,1.55
1,268.09722222222223,1.765904003547297,36.59,32.61,1.51
1,249.8125,2.523346172645688,35.97,27.1,1.49
0,257.5,3.375215441919863,0.0,0.0,0.0
1,255.88888888888889,3.470751742521922,31.2,29.46,1.46
1,254.11111111111111,3.067349731094307,33.28,21.13,1.31
1,265.984375,3.398927724920213,36.23,28.68,1.51
1,260.046875,2.135152352042496,38.94,29.39,1.48
1,245.921875,2.773797346279025,34.97,27.52,1.49
1,254.23611111111111,3.298385022415055,38.99,26.66,1.48
1,263.25,2.623471834696829,34.21,32.49,1.51
1,262.1111111111111,4.131923224363062,40.12,27.68,1.45
1,255.5,1.956628527078364,33.92,29.6,1.49
0,253.70370370370367,2.941225051879883,40.08,29.72,1.52
1,253.8125,4.20263755787164,38.37,27.05,1.49
1,243.109375,3.315213242545724,33.31,30.36,1.51
1,249.953125,3.714241019450128,38.57,26.11,1.48
1,230.0,1.660154679583179,39.38,28.51,1.52
0,240.31944444444443,2.338770627147622,0.0,0.0,0.0
1,247.98611111111111,2.104117359552118,38.87,26.48,1.51
1,235.03125,1.845926988869905,38.16,28.3,1.5
0,264.90277777777777,2.582600695391496,33.11,30.55,1.5
1,241.625,1.420071825385094,36.4,29.99,1.49
1,255.5625,6.260431488975884,37.79,31.77,1.52
1,256.69444444444446,2.039192733665308,33.62,32.77,1.5
1,251.65625,3.591566608287394,36.9,29.11,1.48
1,258.72222222222223,1.979877284831471,37.54,26.78,1.49
1,227.421875,1.443467882461846,38.89,26.89,1.51
1,233.078125,2.327334271743894,38.36,27.15,1.51
1,230.9583333333333,1.770156196422047,40.32,25.93,1.51
1,263.33333333333326,2.979815899589915,35.73,28.17,1.51
1,236.94444444444443,2.892490698231591,34.39,30.44,1.5
1,253.5833333333333,4.415347321993776,33.94,26.82,1.47
1,221.25,2.073710341420439,37.41,23.89,1.48
0,238.6049382716049,3.35327665011088,38.33,28.92,1.5
1,260.8125,2.839304272085428,37.9,30.3,1.49
1,230.625,1.512517809040017,37.71,27.06,1.5
1,256.34722222222223,4.64408236824804,30.31,29.97,1.45
1,265.58024691358025,1.83220754214275,34.31,32.57,1.51
1,235.9375,1.595813168212771,40.54,27.01,1.51
0,231.0617283950617,1.56072966772833,36.92,27.09,1.53
1,266.453125,2.198765238747001,32.95,29.77,1.51
0,239.47222222222223,1.964340671896935,41.64,26.57,1.46
0,250.515625,1.979241659864783,0.0,0.0,0.0
1,159.609375,1.506473697148837,39.87,24.8,1.52
0,243.8125,2.783847364597023,39.29,24.57,1.51
1,228.3333333333333,2.020790932906999,37.66,27.73,1.52
1,266.15277777777777,2.537931710481644,34.38,31.77,1.49
1,258.4375,4.356125112622977,38.8,28.45,1.48
1,258.81481481481484,4.203828125824163,39.64,26.41,1.53
1,237.77777777777777,1.964321206013362,38.51,25.68,1.51
0,220.0,0.347558958662881,0.0,0.0,0.0
1,253.796875,3.186639078892767,39.59,26.89,1.48
1,234.34375,2.26032917574048,36.35,26.73,1.5
1,268.01388888888886,2.229493574135833,33.42,29.88,1.5
1,232.09375,2.527291869744658,40.01,25.3,1.52
0,257.02777777777777,3.660537429153919,40.4,28.42,1.51
1,227.16666666666663,1.578666455215878,36.91,26.33,1.51
1,252.875,2.622264443896711,33.58,27.34,1.47
1,244.49382716049385,2.437150111168991,36.97,28.66,1.48
1,255.3333333333333,3.864211841865822,30.47,31.46,1.45
0,268.078125,2.250247299671173,34.26,31.39,1.48
1,254.3333333333333,3.154503757754962,37.73,26.86,1.48
1,240.17283950617283,2.248766805654691,41.08,25.39,1.49
1,230.72222222222223,1.683702845540312,38.61,26.65,1.54
1,254.56790123456787,2.560151002289337,33.75,32.18,1.51
1,263.5416666666667,1.695981129176087,33.9,30.66,1.5
1,241.921875,2.795735273510218,36.73,29.89,1.5
1,229.109375,1.770167646929622,40.17,27.37,1.52
1,235.75,2.062090189196169,44.17,23.8,1.51
1,260.046875,3.586508533917367,38.19,30.68,1.51
1,238.78125,2.294832300394773,35.4,29.98,1.49
1,222.51388888888889,2.354164153337479,39.0,26.95,1.51
1,252.84375,2.427273747511208,36.78,28.85,1.48
1,232.3333333333333,2.253551282816463,36.94,26.61,1.53
1,251.109375,1.916277624666691,41.25,27.05,1.53
1,254.28125,1.844157421961427,36.17,30.26,1.48
1,264.984375,1.747891423292458,33.35,36.94,1.5
1,254.34375,3.122713042423129,31.83,29.14,1.45
1,262.71875,2.231306622736156,28.75,34.05,1.5
1,250.484375,3.284037702716887,39.17,27.56,1.48
1,230.75,2.078503556549549,38.8,25.04,1.52
0,255.546875,2.561570886522532,36.96,32.31,1.49
0,257.06944444444446,3.780395968920655,32.29,23.4,1.31
1,265.015625,2.236904982477427,34.27,28.83,1.51
0,232.88888888888889,1.709529129167398,11.22,7.13,0.43
1,231.375,1.762506294995546,36.7,27.84,1.52
1,256.640625,3.833572815172374,43.32,25.93,1.49
1,232.54166666666663,1.619969459871451,42.85,25.83,1.5
0,235.890625,2.350717503577471,0.33,0.22,0.01
0,264.421875,7.545453989878298,39.14,26.21,1.55
1,231.5555555555556,1.980559583339426,36.86,26.88,1.53
0,255.859375,1.973722872324288,32.0,30.36,1.46
1,239.265625,1.90979137737304,38.05,25.54,1.49
1,266.0416666666667,3.53194986614916,32.16,30.04,1.5
1,238.828125,2.029356171377003,37.8,25.23,1.5
1,247.09375,3.42328661121428,37.61,26.19,1.53
1,258.09375,2.848618118092418,39.4,27.74,1.5
1,249.6875,3.238140417262912,35.16,28.84,1.48
1,237.13888888888889,1.520308617916372,37.86,24.53,1.53
1,254.875,4.095662841366397,37.39,28.07,1.5
1,257.06944444444446,1.940567399892542,33.62,29.97,1.49
1,239.125,2.311048412488566,35.17,28.35,1.47
1,231.84375,1.281425154767931,36.86,27.65,1.5
1,233.125,1.358615343458951,38.82,26.07,1.51
1,251.4197530864197,3.902656915747089,40.24,30.61,1.52
1,243.5555555555556,3.477065041661263,36.54,26.74,1.47
1,251.27777777777777,2.252772505912516,35.77,27.23,1.48
1,229.828125,1.767177428118885,38.27,24.78,1.53
0,248.59722222222223,3.279497114320596,0.0,0.0,0.0
1,233.015625,1.940714413300157,39.54,27.16,1.54
1,239.140625,2.684147143736482,38.66,27.14,1.51
1,254.06944444444443,3.089562985632154,32.66,27.28,1.46
0,256.5,2.308607854880393,39.31,28.41,1.51
0,254.76388888888889,4.266353921757804,0.0,0.0,0.0
1,245.01388888888889,2.272578231162495,41.63,27.75,1.51
1,234.1875,2.231625068932772,39.69,24.77,1.51
1,246.48611111111111,2.152610141370031,35.22,30.89,1.5
1,266.52777777777777,2.550988323158688,32.86,35.82,1.51
1,241.9135802469136,1.636737688823983,42.52,25.33,1.5
1,239.0,2.13821482575602,40.59,26.05,1.48
0,254.5,3.974250331521034,38.53,26.19,1.53
1,225.5,2.633543277780215,39.23,26.64,1.54
1,250.375,1.626849119034078,38.76,25.97,1.49
1,238.328125,1.908545359969139,34.7,31.47,1.5
1,257.984375,2.018790364265442,40.99,27.3,1.52
1,245.1875,2.786021620035172,35.95,29.91,1.51
0,246.734375,2.687011105939746,19.24,11.63,0.74
1,232.69444444444443,2.447905694444974,38.4,26.16,1.47
1,251.140625,3.141923223622143,38.37,29.77,1.49
0,227.859375,2.199630133807659,39.54,25.62,1.5
1,258.4375,3.230238300748169,39.71,25.68,1.5
1,228.22222222222223,1.598055245147811,37.06,25.65,1.54
1,239.98611111111111,3.703764314452807,40.25,26.71,1.49
1,245.28125,2.487890728749335,36.79,26.5,1.47
0,256.81944444444446,3.6630995604727,0.0,0.0,0.0
0,244.13888888888889,2.168341278202004,41.16,27.46,1.5
0,254.109375,6.405653532594442,12.05,3.88,0.31
1,243.4583333333333,2.174074826141199,38.16,27.82,1.52
0,232.375,2.464416759088635,37.61,26.43,1.5
1,229.81944444444443,1.884427004390293,36.99,26.12,1.52
1,232.61111111111111,2.276916397942437,36.79,27.69,1.5
1,244.625,2.183148074895144,37.57,30.25,1.49
1,256.296875,3.180167221464217,30.32,31.23,1.46
1,255.56944444444443,3.289827475945155,37.45,30.84,1.47
0,267.7361111111111,2.254495627350277,33.59,30.25,1.49
1,243.22222222222223,1.797840111785465,38.96,26.0,1.5
1,251.5308641975309,1.728489611619785,37.43,28.18,1.5
1,252.375,3.850322342477739,32.74,30.49,1.47
1,238.29166666666663,2.77756001551946,37.27,29.0,1.49
0,238.01388888888889,1.929425724678569,39.63,26.11,1.47
1,267.25,2.200418599881232,32.75,36.55,1.51
1,238.828125,2.365051561035216,36.48,26.9,1.5
1,263.80555555555554,5.178556684818534,39.33,28.8,1.5
1,252.984375,5.227321768179536,39.44,26.74,1.51
1,253.43209876543207,3.816132518244378,37.04,23.65,1.48
1,258.671875,2.588434014469385,40.46,26.74,1.52
1,231.859375,2.228557512164116,39.31,26.14,1.57
1,232.734375,1.989989164285362,40.04,27.29,1.47
1,243.5,4.424944625132614,35.91,28.92,1.53
1,251.01388888888889,2.230391290452745,35.92,26.51,1.48
1,251.71875,2.984388429671526,40.48,25.69,1.51
1,245.515625,2.209607386030257,36.69,27.95,1.5
1,243.53125,6.014771561138332,38.41,30.24,1.52
1,237.796875,2.139675536192954,38.4,28.1,1.54
1,256.83333333333326,4.768654884563552,29.98,30.61,1.44
0,238.265625,4.717233517207206,0.0,0.0,0.0
1,233.09722222222223,2.29398820300897,37.37,26.94,1.5
1,230.3333333333333,1.917832500404782,38.29,26.36,1.5
1,229.69444444444443,1.596651478774018,37.84,26.93,1.51
1,242.641975308642,1.706305386107645,38.18,26.37,1.52
1,259.55555555555554,1.900435850449971,27.77,33.55,1.51
1,267.9753086419753,2.489649099332315,30.58,31.08,1.47
1,257.03125,5.435133457183838,37.42,29.06,1.51
1,255.3055555555556,2.997618756360478,40.25,26.02,1.48
1,266.6666666666667,3.769835701419248,34.08,33.11,1.5
0,254.5555555555556,2.707214393549495,0.0,0.0,0.0
1,226.59375,1.423636302351952,39.41,26.76,1.49
1,252.21875,3.785539866425097,36.68,25.29,1.47
1,249.69444444444443,2.897003725998931,36.96,28.65,1.51
1,251.46875,2.638071135617793,38.03,26.1,1.48
0,239.625,2.833152369596064,0.0,0.0,0.0
1,268.9375,2.826645847409964,34.26,32.79,1.49
1,227.01388888888889,1.379889912903309,36.13,27.48,1.5
1,241.375,3.469903790391982,37.74,28.57,1.49
1,243.9375,1.617167383432388,35.92,29.8,1.48
1,258.8611111111111,1.821533268524541,39.23,28.07,1.49
1,244.953125,3.286796874366701,38.3,27.51,1.49
1,227.38888888888889,1.219150676495499,39.67,27.25,1.51
1,231.203125,1.859343906864524,38.51,25.97,1.51
1,231.25,1.968901539221406,38.5,27.44,1.52
1,245.48611111111111,5.119102602203688,39.83,28.39,1.52
1,247.63888888888889,2.298376787039969,33.73,27.75,1.5
1,227.40277777777777,1.826773585544692,39.35,27.47,1.54
1,247.69444444444443,3.627059099574884,36.04,29.49,1.54
1,230.4691358024692,1.674529963805352,37.95,28.61,1.52
1,260.109375,2.193221990950406,35.67,30.58,1.48
0,263.65625,2.470245774835348,35.29,31.44,1.52
1,241.953125,1.918908953666687,35.7,27.69,1.5
1,235.38888888888889,1.393054253525204,38.46,26.5,1.52
1,248.59259259259252,4.045288881401957,33.69,24.05,1.35
1,229.29166666666663,2.278552708526453,40.4,26.98,1.53
1,238.80246913580248,1.62223854182679,38.06,28.01,1.5
1,249.375,1.70535204725133,40.57,25.89,1.51
1,257.45833333333326,5.306889009144572,34.7,27.48,1.48
1,243.140625,2.766660832799971,38.95,27.14,1.54
1,240.54166666666663,4.092193648219109,36.57,28.9,1.49
1,258.7916666666667,2.431297879252169,39.32,28.87,1.47
1,223.546875,1.617306865751743,38.73,24.99,1.52
1,259.06944444444446,1.491257799168428,41.07,26.85,1.47
1,234.5,2.698283953592181,38.53,27.37,1.51
0,236.0,1.528589924176534,37.27,25.06,1.49
1,228.0555555555556,2.647739621500174,40.15,26.65,1.55
1,263.94444444444446,3.155693425072564,37.29,28.0,1.47
1,251.2083333333333,3.634964465267128,38.07,28.21,1.47
0,238.453125,3.004946710541844,45.1,19.91,1.44
1,228.59375,2.081390758045018,38.41,28.56,1.53
1,237.76388888888889,1.878335646457142,39.08,25.85,1.53
1,240.81944444444443,2.345431788100137,39.84,30.02,1.49
1,264.19444444444446,2.88254147519668,34.18,31.44,1.52
0,255.3125,4.365996738895774,0.0,0.0,0.0
1,225.17283950617283,1.898732061003461,38.28,28.15,1.52
0,235.51388888888889,2.047504390279452,40.26,24.32,1.51
0,226.81944444444443,1.972630374961429,37.52,24.66,1.51
1,255.8055555555556,4.320073422458437,37.06,28.58,1.5
0,251.859375,2.791475545614958,0.0,0.0,0.0
1,231.91666666666663,2.390318546858099,37.25,27.14,1.53
1,228.78125,1.502198207192123,38.01,27.13,1.5
1,247.546875,3.743724127300084,36.01,29.48,1.48
1,230.54166666666663,1.334137294855383,37.76,26.48,1.51
1,235.56790123456787,2.445193629941822,36.49,25.06,1.49
1,227.90625,2.29878313280642,38.49,28.1,1.5
1,243.04166666666663,2.36891935682959,38.95,26.36,1.53
1,233.77777777777777,1.519678422974216,43.72,25.43,1.53
1,229.11111111111111,1.608343929880195,37.65,28.63,1.51
1,230.26388888888889,1.576699326435725,36.26,27.49,1.49
1,250.21875,4.039844824932516,39.0,25.58,1.48
1,235.59722222222223,1.98192107429107,37.54,27.79,1.51
1,246.98765432098764,5.0119575659434,34.19,29.52,1.5
1,245.421875,2.3341358108446,39.94,26.75,1.54
1,233.90277777777777,2.582131360967954,42.06,25.53,1.49
1,261.859375,3.575834834948182,35.59,29.69,1.54
1,249.65625,4.028565596789122,32.85,26.96,1.46
1,239.97222222222223,2.215522893600994,36.31,29.35,1.49
1,258.46875,3.967279088683426,35.18,28.25,1.48
1,241.98611111111111,1.678493324253294,40.22,27.26,1.5
1,236.421875,1.69588051084429,38.34,25.6,1.51
0,231.23611111111111,1.71784821483824,40.58,26.16,1.51
1,251.8395061728395,3.715447893849126,32.61,25.72,1.46
1,254.046875,2.865962012670934,24.41,17.81,0.99
1,234.81944444444443,2.012029837403032,26.95,18.37,1.13
1,264.7037037037037,3.714015552291164,33.7,31.67,1.51
1,222.390625,2.930444687604904,6.58,4.25,0.26
1,231.26388888888889,2.670328256984552,36.3,28.81,1.52
1,243.73611111111111,3.212774588829941,36.47,28.21,1.53
1,251.4305555555556,2.093791623082426,33.76,29.11,1.47
0,229.4567901234568,1.9770809257472,27.76,19.29,1.11
0,262.65277777777777,2.741484444174501,33.91,30.13,1.5
1,252.23611111111111,2.270113141172462,36.35,31.26,1.5
1,237.75,2.122263197269705,34.54,28.44,1.49
0,248.41666666666663,3.118684947490692,18.38,13.55,0.71
1,267.953125,2.726396853104234,29.88,35.43,1.5
1,260.95833333333326,2.214514423575666,37.94,29.73,1.53
1,253.828125,2.768478614278138,35.78,26.54,1.45
1,252.07407407407408,1.443480006706567,35.62,27.42,1.49
1,251.5,3.520981932990253,35.51,30.16,1.48
1,235.984375,1.95087109785527,36.41,27.38,1.53
1,257.1111111111111,3.590710796415806,32.88,27.93,1.47
1,238.28125,5.104746658354998,38.55,25.09,1.53
1,234.078125,1.328967547044158,36.53,27.57,1.47
1,243.625,1.627614497310585,38.91,30.05,1.5
1,251.8125,1.46255938988179,35.85,26.76,1.49
1,224.8055555555556,1.257571582992872,39.04,24.55,1.52
0,240.453125,1.271645599044859,40.78,26.37,1.48
1,258.859375,1.999633131548762,40.15,29.09,1.51
1,267.34722222222223,2.625042287839784,26.57,34.39,1.49
1,251.679012345679,4.025517172283596,39.42,25.32,1.5
1,242.3125,2.520982201211154,37.98,25.38,1.48
1,236.04166666666663,2.4689164766007,36.72,27.24,1.49
0,234.03125,1.927118190564215,38.57,25.0,1.52
1,256.55555555555554,3.884537073473135,28.59,33.4,1.45
1,234.02777777777777,2.35192850480477,38.48,25.23,1.54
1,254.90277777777777,2.317047358387046,35.67,32.41,1.48
1,239.49382716049385,1.87890519404117,36.53,25.02,1.49
1,232.671875,2.093009459786117,39.41,27.86,1.53
1,239.66666666666663,2.242000537614028,33.78,29.96,1.49
1,246.4691358024692,3.997580824074922,37.41,27.03,1.49
0,252.03125,5.138326164335012,42.16,25.03,1.54
0,249.640625,3.126880084164441,41.63,27.37,1.47
1,259.01388888888886,3.621416414777438,38.53,31.05,1.49
1,236.76388888888889,2.284806677036815,37.83,27.57,1.53
0,232.4567901234568,1.516986813810137,14.27,10.04,0.58
1,230.5625,1.936344544403255,36.46,26.55,1.52
1,252.625,2.300419798120856,36.68,29.23,1.51
1,235.625,1.537238678170575,38.09,26.68,1.51
1,255.0625,3.71707506198436,41.03,25.66,1.48
1,261.375,3.593943567015231,37.46,26.91,1.43
1,255.34722222222223,3.250139883822865,33.7,29.59,1.46
0,253.69444444444443,2.497734246154626,36.24,30.13,1.5
1,223.09375,1.700215289369226,7.94,5.29,0.31
1,258.875,1.972059673629701,39.68,26.14,1.48
1,234.609375,2.19198496080935,38.85,25.94,1.49
1,233.875,1.883320079185069,38.88,26.63,1.54
1,240.24691358024688,2.142533977090577,39.77,26.52,1.5
1,237.4583333333333,2.044261836343341,39.56,26.13,1.5
1,257.34722222222223,3.180497501459387,38.42,28.95,1.5
0,230.9583333333333,1.613958681623141,0.0,0.0,0.0
1,228.984375,1.504202584736049,37.26,27.82,1.5
1,245.5308641975309,2.939066612426146,37.8,25.83,1.53
1,259.875,1.904559351503849,38.34,29.32,1.5
1,257.2361111111111,3.022908665239811,33.52,29.5,1.48
1,246.5,2.548314053565264,26.69,11.78,0.84
1,251.16666666666663,3.657932908998595,40.15,28.46,1.5
1,231.81944444444443,2.30817476577229,40.28,26.65,1.53
1,231.25,2.288088350660271,39.04,26.39,1.51
0,236.5555555555556,2.062043947478136,4.45,3.17,0.2
0,251.48611111111111,6.158180221087402,0.0,0.0,0.0
1,246.796875,2.900628576055169,36.93,29.71,1.48
1,252.84722222222223,3.903571310970518,35.49,30.5,1.48
1,250.65625,1.991029856726527,35.62,27.94,1.49
1,264.40625,1.931730727665126,34.55,29.75,1.49
1,244.484375,2.003528075292706,36.81,29.59,1.5
1,230.765625,1.556868437677622,38.07,26.79,1.49
1,255.6172839506173,5.393441679301086,39.14,29.27,1.51
1,269.421875,2.242482607252896,33.93,29.85,1.52
0,232.5555555555556,2.595173578295443,35.43,29.89,1.5
0,260.22222222222223,3.076138425204489,30.36,22.69,1.17
1,259.81944444444446,4.30671209262477,40.74,29.21,1.51
1,260.59722222222223,3.302707249919573,41.69,24.33,1.51
1,256.1666666666667,2.875898130238056,17.98,13.97,0.76
1,261.52777777777777,5.65455273207691,39.58,29.69,1.46
1,236.359375,1.77308605145663,36.52,26.94,1.5
1,239.375,3.054994573195775,37.93,26.1,1.52
1,236.1805555555556,2.546803366806772,36.86,26.57,1.5
1,243.9305555555556,2.24972942057583,39.14,24.37,1.53
1,240.06944444444443,2.080641007257833,36.22,29.74,1.49
1,254.96875,3.121717454865575,34.76,27.31,1.47
0,185.69444444444443,4.351475880589596,28.17,32.4,1.44
1,243.609375,3.196477222256362,35.83,30.07,1.5
0,255.69444444444443,3.611775630050235,43.54,24.09,1.52
0,239.19444444444443,2.525156449112627,6.78,3.98,0.24
1,229.328125,2.404281283728778,39.9,25.48,1.54
1,259.0,2.391832651915374,38.09,28.49,1.51
0,251.703125,3.529189557768404,33.17,29.72,1.47
1,252.88888888888889,4.656651741928524,33.17,30.89,1.45
1,255.97222222222223,2.97848302539852,38.08,29.81,1.49
1,229.734375,2.087623918429017,38.83,27.44,1.51
1,255.03125,6.247226256877184,39.52,25.3,1.54
0,244.7283950617284,3.331650360130969,38.11,25.28,1.48
0,264.15277777777777,2.503868445754051,31.38,33.13,1.51
1,252.59375,3.65475245565176,36.58,28.95,1.48
0,249.5833333333333,1.733215777410401,39.8,28.32,1.51
1,229.61111111111111,1.787133178777165,37.84,26.64,1.51
1,262.13888888888886,2.062554611927933,37.68,30.25,1.52
1,235.38888888888889,1.583874065842893,38.46,25.68,1.53
1,260.578125,3.47375117521733,40.82,27.01,1.52
0,257.078125,5.020761472173036,2.47,1.49,0.09
1,268.140625,2.269719040952623,30.56,30.03,1.47
1,249.0,4.493401046842337,39.37,25.6,1.49
1,230.375,2.23917312009467,36.75,27.55,1.53
1,243.09375,4.142804118804634,33.31,30.95,1.51
1,234.875,2.224877097540432,39.2,25.42,1.52
1,243.6875,2.627393166534603,39.75,27.76,1.5
1,265.5,1.199182543903589,34.55,29.84,1.52
0,255.61111111111111,2.701900545093748,34.61,26.85,1.49
1,241.921875,2.929268419742584,42.29,25.23,1.52
1,232.75,2.002267945143911,39.84,24.5,1.51
1,228.03125,2.381120657548308,38.37,26.67,1.49
1,229.98611111111111,1.949958284695943,36.45,29.7,1.5
1,262.77777777777777,3.544672467090465,34.53,29.01,1.48
1,252.5625,3.300680709071457,40.69,25.11,1.48
1,250.78125,2.18766610417515,35.61,25.99,1.48
0,244.6805555555556,2.478892652524842,39.57,26.57,1.52
1,259.359375,3.59189366735518,35.06,28.17,1.46
1,262.9166666666667,3.866847092078792,31.4,31.07,1.47
1,239.15277777777777,1.879877473745081,35.68,28.29,1.49
1,260.6875,2.159737883135676,39.64,29.07,1.5
1,259.06944444444446,2.623654169340929,41.53,27.67,1.46
1,234.0555555555556,2.105470799737506,38.78,26.43,1.53
1,251.328125,4.629823375493288,38.96,25.38,1.48
1,228.15625,2.225560955703259,38.0,27.45,1.51
1,256.38888888888886,3.998471001784007,29.41,33.02,1.46
1,254.328125,1.659800096414983,33.15,31.55,1.49
0,252.546875,2.12674049474299,0.0,0.0,0.0
1,231.4197530864197,1.15344289055577,36.86,26.69,1.53
1,231.734375,2.128463391214609,40.83,25.4,1.5
0,242.73611111111111,1.836361283229457,34.87,29.22,1.49
1,245.078125,1.922574195079505,37.09,28.04,1.51
1,230.8125,1.44881284609437,39.13,26.0,1.53
1,250.828125,6.48574442602694,37.98,28.18,1.48
1,229.81944444444443,2.148986909124586,36.67,27.08,1.53
0,254.04166666666663,7.602260207136472,36.44,29.7,1.51
1,254.25,3.517383535703023,27.91,34.62,1.45
1,253.484375,1.779457287862897,33.74,30.07,1.5
1,227.640625,2.070539124310017,37.34,25.88,1.5
0,252.375,2.094135970808566,38.94,27.47,1.48
0,254.9135802469136,2.970943502437921,23.67,12.3,0.83
0,249.828125,2.719623425044119,0.0,0.0,0.0
1,245.09722222222223,2.59342145257526,37.79,25.94,1.52
0,226.453125,1.853888439014554,39.89,25.78,1.51
1,240.53125,2.180630647577345,39.25,28.15,1.52
1,264.75308641975306,2.792551321012002,38.19,28.06,1.52
1,252.48611111111111,1.886862672865391,36.99,26.48,1.48
1,252.48611111111111,3.21878776864873,37.43,25.79,1.45
1,267.25,2.685285200675329,29.62,32.71,1.5
1,249.5625,3.637543315067887,38.19,25.34,1.5
1,256.45833333333326,2.705108413265811,34.86,28.57,1.48
1,266.0416666666667,3.044173542824057,10.17,10.07,0.46
0,251.90625,4.40635041706264,0.0,0.0,0.0
0,263.68055555555554,4.935566203461754,31.93,31.31,1.45
1,232.16049382716048,2.459366281091431,38.2,26.14,1.5
1,256.13888888888886,3.915924915836917,35.9,28.47,1.46
1,242.77777777777777,2.096092066003217,18.99,14.86,0.79
1,233.0,2.165842529386282,39.96,24.5,1.53
1,262.77777777777777,4.381157981024848,38.38,29.7,1.5
1,226.671875,2.779105388559401,38.71,26.45,1.54
1,258.5432098765432,3.53468417753408,40.54,26.97,1.51
1,233.046875,1.931900624185801,37.71,26.34,1.55
1,261.6666666666667,2.600683800876141,36.06,30.57,1.5
1,231.84375,1.850967523641884,40.44,26.91,1.5
1,236.76543209876544,1.878100766075982,35.4,26.3,1.49
1,236.25,2.143270093016326,36.86,25.24,1.5
0,237.65625,2.311978091485798,30.55,17.46,1.06
1,234.69444444444443,2.20357090069188,39.19,25.92,1.5
1,244.625,3.69078660570085,36.94,24.85,1.44
1,267.6875,2.14710003232199,34.19,30.67,1.5
1,238.23611111111111,2.062418080038495,40.79,26.49,1.5
1,253.28125,2.764412869699299,35.68,30.4,1.48
1,240.98611111111111,2.063866704702377,37.04,25.99,1.49
1,254.078125,3.341062488034368,41.46,26.33,1.47
1,253.109375,3.424315243028104,36.54,30.59,1.47
1,228.546875,1.288312895223498,38.85,26.26,1.52
1,241.5,1.926211535930634,34.79,28.54,1.5
1,246.51851851851848,5.557969573103352,38.58,26.21,1.48
1,264.1604938271605,2.032773713270823,37.23,29.21,1.48
1,249.265625,1.645488899201155,37.22,26.38,1.49
0,268.78125,3.167672659270465,33.14,27.8,1.41
1,245.25925925925927,4.358120321491619,40.63,27.03,1.51
1,233.70370370370367,1.629931441059819,31.58,22.06,1.26
1,261.26388888888886,2.229408754242791,28.04,34.52,1.5
0,229.15277777777777,1.976855207648542,18.17,12.21,0.72
1,242.75,3.423766121268272,36.42,27.49,1.54
0,239.72222222222223,1.933153740233845,38.14,25.38,1.51
1,263.375,3.033284412489997,37.45,29.35,1.53
1,229.65277777777777,1.695388914810287,39.33,25.61,1.52
1,252.59722222222223,5.508994039562014,38.21,27.27,1.48
1,265.48148148148147,2.702059591258014,34.21,30.19,1.5
1,239.859375,2.188434328883886,34.24,31.72,1.5
1,239.90625,2.8599240379408,41.02,26.51,1.51
1,229.0,0.485773808426327,0.0,0.0,0.0
1,262.84375,3.582542650401592,28.65,32.04,1.45
1,233.56944444444443,1.318694568342633,39.69,26.49,1.5
1,236.7083333333333,1.613238687316577,37.58,29.42,1.5
1,255.52777777777777,4.864317975110478,37.41,31.43,1.5
1,254.5308641975309,4.401786381815687,41.31,25.75,1.48
1,250.9375,2.52969400305301,36.9,28.6,1.48
1,230.22222222222223,1.862270490990745,36.63,28.15,1.5
1,244.59375,2.201787044294178,38.19,27.03,1.54
1,238.06944444444443,1.776217256983121,40.37,26.24,1.48
1,246.796875,2.930216007865965,36.5,27.85,1.52
1,258.83333333333326,3.375827859673235,40.95,28.48,1.5
1,249.40625,4.038499402813615,38.78,28.41,1.49
1,242.59375,3.282956787385046,42.79,25.43,1.51
1,254.69444444444443,6.38498891144991,33.74,31.06,1.48
0,240.828125,1.526513853110373,0.0,0.0,0.0
1,230.515625,1.622113648802042,37.68,26.71,1.51
1,231.0625,1.412640445865691,37.11,27.26,1.52
0,254.203125,5.106153221800924,33.81,26.18,1.45
1,252.609375,2.562175443395972,37.81,26.04,1.47
1,251.63888888888889,2.091184455487463,38.07,28.22,1.49
1,263.56944444444446,4.131164909236962,37.15,28.04,1.47
1,239.296875,2.239576402120292,34.15,28.54,1.48
0,229.296875,2.137331546284258,37.74,26.45,1.53
1,255.51388888888889,4.123205182452997,34.26,28.09,1.45
1,244.453125,4.075569273903966,38.01,29.27,1.49
1,259.96875,4.260326551273465,37.09,31.18,1.52
1,234.84375,2.195438707247376,40.35,26.15,1.51
1,222.16666666666663,1.761985370682345,37.08,28.26,1.49
1,233.59375,2.868464523926377,37.3,26.43,1.5
1,246.52777777777777,3.213740612897608,36.02,29.88,1.5
1,241.625,1.717133634723723,36.63,28.19,1.49
1,240.484375,4.802891944535078,36.17,29.85,1.51
0,235.16666666666663,3.692660919494099,15.78,10.3,0.63
1,233.25,1.300759530626237,38.8,26.54,1.54
1,232.703125,1.90107804723084,35.13,28.57,1.51
1,232.47222222222223,2.757093970974287,39.26,25.02,1.51
1,254.4305555555556,4.544222377240658,32.39,28.71,1.46
1,259.25,3.81380867306143,37.25,29.79,1.53
1,237.52777777777777,2.258619496391879,33.72,29.32,1.5
1,252.16049382716048,1.65025845206814,38.87,29.78,1.5
1,233.3125,2.449558888562024,37.56,26.61,1.54
1,241.125,2.348249942064285,43.44,25.15,1.51
1,259.52777777777777,3.092702983154191,39.31,29.21,1.46
1,232.50617283950612,2.220477084318797,40.13,25.06,1.5
1,249.53125,2.783353365026414,42.52,23.58,1.5
0,241.3333333333333,4.052176497048801,0.0,0.0,0.0
0,266.203125,2.281802455894649,35.47,32.45,1.49
1,230.984375,1.668123905546963,37.37,28.32,1.5
1,228.3333333333333,2.952774721715185,31.65,21.44,1.29
1,234.30864197530863,2.0399829995485,37.8,26.24,1.54
1,235.59259259259252,2.327559729417165,36.59,28.71,1.5
1,233.56944444444443,1.640594349139266,37.69,26.21,1.51
1,253.734375,1.75760621484369,33.41,32.81,1.48
1,266.34375,2.986993526108563,32.61,29.43,1.49
1,263.13888888888886,2.621761737598313,35.85,31.22,1.5
1,243.828125,2.523514059372246,39.09,24.66,1.53
1,233.546875,2.013429685495794,39.68,24.55,1.48
1,246.0,1.532260349020362,34.99,30.87,1.49
1,235.6875,2.359194758348167,35.69,27.84,1.48
1,230.25,2.754825715906918,38.16,28.39,1.53
1,235.921875,2.336202566511929,38.04,26.21,1.47
1,236.84375,2.674908450804651,36.54,26.81,1.5
1,249.34567901234567,2.335360733815182,41.53,26.58,1.48
1,232.40625,1.671133329160511,38.64,26.0,1.5
1,226.1875,2.527665223926306,39.78,27.63,1.54
1,264.63888888888886,4.47378630273872,39.55,27.08,1.53
1,239.8125,2.185004655271769,35.0,28.3,1.5
1,262.69135802469134,4.850639357243056,37.37,30.45,1.55
1,261.90625,4.309905538335445,41.45,28.44,1.52
1,261.9166666666667,3.738335830469926,39.5,27.34,1.5
1,261.1111111111111,1.761007038255533,38.09,29.91,1.53
0,248.296875,1.792684747837484,42.42,21.44,1.53
1,268.125,2.795054013840854,31.48,29.93,1.49
1,255.6805555555556,1.589736430181397,33.71,30.03,1.48
1,237.34722222222223,1.283132102754381,36.44,27.87,1.53
1,249.1875,3.059846204705536,34.02,28.86,1.51
1,246.38888888888889,1.844721785022153,38.62,26.21,1.55
1,231.6805555555556,1.835996093021499,36.85,26.14,1.49
1,234.79166666666663,1.881605840391583,38.56,25.22,1.49
1,263.40277777777777,4.79468633234501,36.54,28.52,1.46
0,249.29166666666663,5.688938409090042,28.5,13.39,0.9
1,230.125,2.367243809832467,37.38,26.73,1.51
1,237.9583333333333,2.620089657604694,35.69,28.7,1.47
0,238.484375,1.584416357800364,38.02,29.46,1.52
1,258.4691358024691,3.725863406687607,40.66,29.17,1.46
1,239.48611111111111,2.208375385238065,36.35,28.65,1.5
1,233.484375,2.360305150970817,39.26,27.43,1.5
1,254.25,2.842891228695711,32.21,29.11,1.46
1,234.25,1.709836111300521,37.64,26.88,1.52
1,228.31944444444443,1.647316286961238,39.05,26.31,1.53
0,260.33333333333326,2.858410826159848,35.72,32.07,1.52
1,235.79012345679007,1.788059713663878,35.88,26.34,1.5
1,267.48148148148147,1.817253153265258,27.26,33.95,1.49
0,238.75,3.411828739568591,41.19,24.91,1.48
1,265.59722222222223,4.791442101200422,30.63,30.5,1.47
0,255.390625,4.428114912472666,32.29,24.6,1.23
1,230.375,1.7836410312189,38.57,26.37,1.52
1,254.0,2.488330320811566,36.6,27.76,1.48
0,264.2962962962963,3.6155183683207,13.67,13.12,0.62
1,240.27777777777777,1.600205433865388,38.22,25.89,1.53
0,238.15625,2.488062815740705,10.72,6.86,0.41
1,257.6666666666667,4.168486300441954,34.38,27.99,1.46
1,235.0987654320988,2.229905538352919,37.91,26.47,1.51
1,260.65625,2.809085479937494,29.17,31.31,1.46
1,231.296875,1.419982346706092,37.11,29.24,1.53
1,237.4197530864197,1.901738480285362,36.62,25.25,1.53
1,257.9135802469136,2.865342580241922,38.88,28.94,1.49
1,230.7083333333333,2.153958558208413,38.82,28.09,1.53
1,257.34722222222223,5.919098721610176,18.09,13.14,0.7
1,261.015625,2.131639601662755,35.94,30.38,1.48
1,244.54166666666663,2.965001382761531,35.77,28.5,1.54
1,239.2083333333333,2.679013814363215,39.01,26.03,1.54
1,229.109375,1.460992653854191,17.13,12.93,0.72
1,231.328125,1.428606575354934,36.32,28.79,1.53
1,232.375,1.445984306745231,40.31,25.89,1.5
1,263.4375,3.235473756678402,31.35,33.09,1.49
1,224.8148148148148,1.926738949469578,38.7,26.61,1.52
1,227.53125,1.692940368317068,38.8,26.36,1.53
1,242.94444444444443,3.864261857337422,39.76,25.93,1.5
1,253.328125,2.328259658999741,37.82,29.96,1.47
1,259.83333333333326,3.593894505666362,36.42,27.84,1.48
1,266.45833333333326,2.197045671443144,32.01,35.69,1.5
1,231.8125,2.077190475538373,39.84,27.26,1.51
1,254.890625,3.732455397024751,37.74,28.4,1.48
1,267.875,1.603702397085726,32.83,36.53,1.51
1,252.98611111111111,4.192917660706573,36.95,25.36,1.47
1,267.27777777777777,2.130832229223516,35.44,28.89,1.5
1,240.88888888888889,2.048344275189771,37.0,27.65,1.52
0,242.796875,8.438643738627434,0.0,0.0,0.0
1,233.015625,2.019170536659658,37.64,27.92,1.52
1,250.15277777777777,2.173533112638526,40.39,26.26,1.48
0,236.86111111111111,2.397388653622733,29.16,19.46,1.09
0,237.25,2.125301506370306,0.0,0.0,0.0
0,252.22222222222223,2.705237427519427,0.0,0.0,0.0
0,240.79166666666663,2.414754941231675,30.76,22.77,1.31
1,230.11111111111111,2.063863391677538,37.64,27.66,1.53
1,246.390625,2.397782128304243,38.97,26.92,1.51
1,229.19444444444443,2.396684169769287,38.56,27.45,1.53
1,265.60493827160496,2.674493920655898,32.7,32.31,1.49
0,244.25,1.960947125322289,38.75,28.0,1.48
0,252.04166666666663,4.107377767562866,38.19,25.54,1.48
1,250.109375,3.764199728146195,38.92,26.13,1.48
1,229.859375,1.873592385090888,37.77,27.73,1.51
1,256.33333333333326,6.45913217317911,37.55,27.33,1.54
1,265.56944444444446,3.817430075671938,33.66,30.44,1.51
1,254.6805555555556,2.078607685036129,32.44,30.11,1.47
1,265.43055555555554,3.279779114656978,27.8,34.97,1.5
1,249.9583333333333,4.006437694032987,37.75,26.1,1.47
1,262.890625,2.816338214091957,39.81,27.73,1.47
1,250.890625,3.08716107904911,36.95,27.87,1.48
1,225.5833333333333,1.491640490790208,37.75,25.23,1.51
1,235.25,2.240415091626346,34.33,29.08,1.5
0,243.8055555555556,2.009663231670856,34.59,29.51,1.47
1,232.640625,2.119002800434828,38.0,28.6,1.51
1,236.5432098765432,1.857076915693872,37.07,27.5,1.49
1,250.9583333333333,2.061046340399318,40.61,26.22,1.48
1,256.15277777777777,2.837313165267309,37.63,27.97,1.48
1,237.01388888888889,2.155885087119208,34.81,26.09,1.49
0,268.70833333333326,4.82784056911866,37.87,28.46,1.47
1,245.02777777777777,2.23019685347875,42.19,25.78,1.51
1,241.0,2.523283551447093,35.47,28.52,1.51
1,244.171875,1.964500311762094,34.75,30.41,1.51
0,255.54166666666663,5.992108528812726,0.0,0.0,0.0
0,254.125,3.420848420096768,0.0,0.0,0.0
1,231.14814814814807,1.999179745897835,37.94,26.73,1.5
1,252.47222222222223,3.221439665390386,41.12,26.55,1.53
1,238.3333333333333,1.349152977267901,38.53,25.68,1.53
0,256.0123456790124,3.125302105774114,42.01,25.81,1.52
1,238.421875,1.45985861774534,35.42,29.95,1.49
0,230.61111111111111,1.957226557864083,31.2,21.55,1.22
0,251.234375,3.788165332749486,33.03,25.08,1.31
0,256.45833333333326,4.433670163154602,41.88,26.26,1.53
1,262.5416666666667,5.416082145439254,27.92,32.12,1.45
1,263.71604938271605,2.226159568922019,35.76,31.98,1.48
1,255.546875,4.251272412948312,33.26,27.39,1.47
1,241.71875,2.106683764606714,10.83,8.32,0.44
1,240.640625,2.70479750726372,36.41,29.16,1.49
1,233.875,2.048457823693752,40.45,25.37,1.5
1,231.75,1.569409625397788,38.64,26.29,1.49
1,255.6875,1.814553503878415,34.74,30.69,1.47
1,234.671875,2.004193467088044,40.68,26.05,1.51
1,232.625,1.901037152442667,41.24,24.42,1.51
1,234.29166666666663,2.298282448616293,38.09,26.16,1.54
0,241.9583333333333,2.351650505430169,31.82,22.42,1.28
1,232.15625,2.723784506320953,40.01,26.33,1.48
1,260.5416666666667,3.37206933233473,33.36,33.49,1.5
0,234.125,2.71709549985826,38.7,26.38,1.49
1,236.46875,2.661631396971643,37.51,27.82,1.5
1,252.875,3.41653765572442,34.94,27.22,1.48
1,254.78125,3.122903091832995,35.7,25.32,1.47
0,240.94444444444443,1.633168466389179,0.0,0.0,0.0
1,263.921875,5.169328245334328,31.07,30.46,1.46
1,252.51388888888889,3.897098873224524,35.32,25.29,1.48
1,234.84375,2.190691000781953,41.7,25.37,1.5
1,242.17283950617283,1.77503717755094,35.53,27.25,1.49
1,266.58333333333326,1.975410333938069,35.18,32.71,1.5
1,245.875,3.640986498445272,33.04,30.09,1.5
1,266.69444444444446,2.270752742058701,34.03,29.86,1.5
1,264.3125,3.421453250572085,36.47,27.62,1.47
0,231.27777777777777,2.632328420049614,18.89,13.3,0.76
1,251.28125,4.071711644530297,39.89,24.17,1.5
1,258.17283950617286,4.808402021725972,36.93,27.51,1.47
1,246.56944444444443,2.307269833154149,42.94,25.58,1.51
0,237.5,2.10198375955224,38.25,29.06,1.5
1,250.6875,3.891455859877169,35.65,26.79,1.51
0,252.0625,6.345064722001554,37.74,30.07,1.54
1,259.5,4.071476212806171,36.36,27.43,1.47
1,268.52777777777777,2.584616156915823,32.03,31.96,1.49
1,260.0625,3.882036156021059,31.25,29.35,1.46
1,233.06944444444443,2.108589620225959,39.6,27.48,1.5
1,236.765625,2.078321349807084,36.02,29.16,1.5
1,249.40625,3.115271404385567,34.26,29.92,1.47
1,227.59375,1.386675322428346,37.39,26.31,1.52
0,237.875,2.177679308690131,37.86,27.41,1.47
1,255.0555555555556,3.478089866538843,29.6,30.9,1.45
1,233.36111111111111,2.026952654951149,35.91,29.91,1.51
1,262.046875,3.499571239575744,36.54,27.72,1.49
1,244.88888888888889,1.49329990396897,37.99,28.68,1.54
1,252.94444444444443,2.245777168207698,36.23,27.86,1.47
0,243.765625,3.68631855584681,11.56,8.05,0.44
1,253.9305555555556,3.710753332409594,37.66,26.36,1.48
0,248.234375,4.836138828657568,43.66,24.14,1.45
1,233.703125,2.00669454690069,38.48,26.62,1.51
1,264.78125,1.789458305574954,33.62,30.99,1.48
1,264.5925925925926,3.4093853816574,34.02,27.01,1.5
1,248.59259259259252,1.874380876252681,34.13,28.06,1.49
1,230.453125,2.475596383213997,36.09,29.27,1.51
0,252.13888888888889,5.123419106834466,41.77,25.0,1.53
1,257.796875,3.19118691701442,36.6,29.72,1.48
1,224.22222222222223,3.193981260534317,32.94,28.49,1.45
1,233.84375,1.874632456339896,38.96,25.62,1.52
0,237.72222222222223,2.309788228736983,0.0,0.0,0.0
1,246.984375,3.014521362259984,38.46,28.18,1.51
0,259.84375,4.185668773949147,36.01,29.44,1.45
1,269.46875,2.010006466880441,24.94,32.87,1.49
1,245.921875,4.889953118748964,40.57,24.21,1.53
1,250.546875,3.681976743973792,38.49,30.39,1.48
1,247.04938271604945,2.28600561177289,35.7,30.3,1.5
1,234.5555555555556,1.961745625568761,36.67,25.85,1.5
1,237.234375,1.967478157952428,37.09,26.8,1.5
1,232.29166666666663,1.968285252650579,38.9,25.65,1.49
0,261.734375,1.683751042932272,8.42,6.44,0.32
1,264.0416666666667,2.809668056666851,35.12,31.76,1.52
0,253.984375,3.085568268783391,36.31,29.62,1.48
0,242.2083333333333,2.608646942509545,37.68,27.57,1.52
1,244.625,2.710369649343193,38.93,27.33,1.49
1,253.16666666666663,5.321342476540142,29.25,18.42,1.14
1,249.109375,3.613210784271359,40.63,28.09,1.48
0,246.234375,2.134558888152242,37.97,22.77,1.45
1,237.515625,2.441001350060105,34.81,30.14,1.49
0,230.16666666666663,1.109438521166642,0.0,0.0,0.0
1,235.09722222222223,2.281597128344907,36.02,27.61,1.54
1,237.78125,1.836378132924438,35.8,29.33,1.49
1,230.09722222222223,1.98229003780418,39.43,25.48,1.52
1,234.921875,2.219165433198214,37.46,26.27,1.51
1,252.109375,2.684075974859297,40.77,25.4,1.52
1,255.171875,2.110781820490956,34.5,32.7,1.5
1,235.76388888888889,2.056786951919397,38.61,25.26,1.49
1,257.55555555555554,7.568687718775538,32.54,28.4,1.44
1,248.421875,2.584544993937016,34.28,30.43,1.5
1,235.09375,2.808016868308187,39.42,25.66,1.51
0,246.71875,2.544334718026221,27.0,11.87,0.84
1,235.94444444444443,2.149832473860847,38.44,26.3,1.51
1,228.0,1.975946171209216,38.67,26.21,1.51
1,226.609375,1.822743182070553,38.99,27.95,1.51
1,258.68055555555554,3.357721766663922,39.94,26.61,1.5
1,265.4166666666667,5.6024074057738,31.32,31.69,1.49
1,234.765625,2.396624877117574,26.29,18.63,1.05
1,257.15625,3.831620168872178,32.18,29.11,1.46
1,263.9166666666667,4.105993371870783,33.78,30.36,1.49
1,260.109375,2.292170785367489,41.41,27.46,1.52
1,236.15625,3.411429810337722,39.13,28.31,1.49
1,260.125,2.497167540921105,40.4,28.21,1.51
1,232.26388888888889,1.479007025559743,40.16,25.32,1.5
1,269.69444444444446,2.332304630014631,30.56,30.43,1.49
1,257.375,4.391403848098384,41.31,30.11,1.47
1,268.921875,2.349751079455018,31.6,30.44,1.49
1,241.06944444444443,5.04355160974794,36.09,29.78,1.51
1,233.28125,1.966204364784062,40.27,27.12,1.5
1,263.34722222222223,4.233990333974363,38.52,28.7,1.5
1,234.34722222222223,2.316488588849703,40.09,26.49,1.5
1,230.265625,2.062502139247954,36.22,29.61,1.51
0,269.84722222222223,1.877910955084695,36.3,30.59,1.53
1,233.21875,1.737003657966852,39.53,28.71,1.49
1,228.375,1.664948540429274,37.6,25.68,1.5
1,260.15625,4.074440418742597,35.5,28.25,1.47
1,241.40625,1.936654737219214,37.89,25.66,1.5
0,237.39506172839504,4.135298397070096,0.0,0.0,0.0
1,231.29166666666663,1.929093184570472,38.49,27.0,1.49
1,264.84722222222223,2.378823206656509,37.63,29.42,1.49
1,262.140625,3.267105529084802,35.03,30.34,1.47
1,242.04166666666663,1.654992087847657,39.9,26.22,1.5
0,226.15625,2.128063606098294,36.02,27.35,1.51
1,257.265625,5.86300290003419,39.39,27.71,1.53
1,247.96875,3.430892390199006,36.88,28.04,1.5
1,246.9375,3.25123614538461,34.71,28.19,1.53
1,244.3055555555556,1.80005062950982,38.36,28.22,1.49
1,253.58024691358025,4.26109536047335,37.32,30.99,1.51
1,268.078125,4.51129359845072,38.28,28.44,1.45
1,257.375,4.444941196176741,30.22,30.73,1.45
0,248.3125,4.048743778839709,34.08,26.34,1.5
0,247.48611111111111,2.839979882869455,3.24,1.42,0.1
1,235.4305555555556,1.645400825473997,40.3,25.16,1.51
1,232.4375,1.674086708575487,39.42,27.27,1.53
0,250.6875,6.7101173363626,0.0,0.0,0.0
0,258.09722222222223,3.66442545172241,36.87,29.35,1.48
1,230.875,1.842632498592138,38.36,26.4,1.49
1,262.171875,3.642500028014183,5.04,4.55,0.22
0,236.8148148148148,2.354935149351756,44.74,26.3,1.48
1,231.484375,2.228999250568449,39.16,26.61,1.5
1,228.0833333333333,2.35661449117793,37.2,27.48,1.5
1,233.609375,2.051181709393859,36.09,27.67,1.53
1,234.19753086419752,2.30886251764533,38.72,26.36,1.51
1,235.72222222222223,2.133710568977727,40.51,25.64,1.52
1,249.06944444444443,3.204959909949038,44.21,23.59,1.53
1,243.36111111111111,3.840216530693902,35.08,28.78,1.51
0,257.7361111111111,2.100241786075963,0.0,0.0,0.0
1,229.61111111111111,1.544760982195536,38.58,27.31,1.53
1,265.875,4.725118123926222,32.9,28.04,1.47
0,247.96875,1.811964362859726,0.0,0.0,0.0
1,263.9259259259259,3.754181139998966,33.72,31.17,1.5
1,231.13888888888889,1.569036091367404,37.02,25.29,1.51
1,229.73611111111111,1.767017725441191,37.33,27.0,1.53
1,230.98611111111111,1.688222714596324,39.15,27.18,1.53
1,242.11111111111111,1.996744884385003,37.69,29.73,1.49
1,230.38888888888889,1.900945113764869,37.57,26.64,1.53
1,268.68055555555554,2.20697273976273,31.83,31.61,1.47
1,257.59375,3.529719684273005,34.49,29.07,1.48
1,234.11111111111111,2.464440978235669,37.81,26.4,1.51
1,261.1666666666667,2.32858174542586,37.95,30.03,1.5
1,230.41666666666663,2.016417162285911,25.22,17.88,1.02
1,234.875,1.333770867437124,40.61,25.69,1.5
1,237.84375,2.253583062440157,37.38,30.62,1.51
1,243.90277777777777,2.173244308266375,37.0,25.49,1.52
0,264.984375,3.442829512059689,9.0,6.74,0.35
1,253.5308641975309,1.659884909788768,32.83,30.6,1.49
1,255.34375,3.803175454027951,37.06,25.28,1.48
1,237.296875,2.972193256951869,34.61,30.36,1.5
0,251.19444444444443,3.717799067497253,0.0,0.0,0.0
0,236.84722222222223,2.894960285888778,29.0,19.0,1.12
1,236.72222222222223,1.907180712454849,39.45,26.05,1.5
1,232.765625,3.199836075305939,28.21,20.58,1.18
1,244.88888888888889,2.752143616477648,37.49,26.31,1.5
1,243.58024691358025,1.781494223777159,37.44,28.97,1.47
1,237.65277777777777,2.114322290652328,37.65,27.51,1.51
1,237.87654320987653,2.522727531415445,33.94,29.06,1.49
1,251.71604938271605,1.87785471663063,36.0,27.95,1.49
1,258.5308641975309,3.914011833108502,39.92,27.38,1.48
1,234.3055555555556,2.106361173093319,38.2,26.26,1.52
1,255.01388888888889,3.351994988818964,33.71,26.75,1.47
1,269.0,2.357133766015371,33.47,30.32,1.49
1,248.90277777777777,2.329219585491551,39.34,28.6,1.51
1,229.5555555555556,2.216567704247104,39.94,27.94,1.52
0,245.4305555555556,2.486760661005974,23.94,14.18,0.86
1,235.0123456790124,2.028904336470145,40.74,24.58,1.51
1,257.34375,2.034694243222475,39.54,26.58,1.53
1,237.3055555555556,1.817641345163186,38.27,26.53,1.51
0,258.6875,4.538808578625322,7.48,6.46,0.31
1,252.421875,2.701298700645566,31.5,26.84,1.47
0,229.88888888888889,1.604228573540847,17.99,13.24,0.74
1,229.3125,1.831833522766829,39.9,26.52,1.52
1,245.75,2.92499313917425,36.7,30.8,1.49
1,221.765625,2.684671820141375,10.47,6.81,0.39
1,258.33333333333326,5.059905691279306,41.78,26.19,1.51
0,230.09722222222223,3.06462871366077,22.36,13.23,0.77
1,250.79166666666663,2.042710806760523,40.16,29.52,1.51
1,234.25,1.730453644361761,40.22,24.96,1.49
1,238.796875,2.325596350245178,37.15,27.4,1.5
1,251.44444444444443,3.046704789002737,36.51,28.52,1.48
1,251.19444444444443,3.622303621636497,40.14,26.63,1.48
0,252.84375,3.350820952095091,37.15,25.08,1.47
1,235.32098765432096,2.04639043778549,38.31,26.46,1.51
1,250.73611111111111,2.298143818146653,37.32,28.32,1.5
1,258.671875,2.256888777017593,36.65,29.63,1.5
1,225.11111111111111,1.90437358783351,38.07,26.98,1.52
1,235.76388888888889,1.704611130886608,38.72,26.53,1.52
1,266.20833333333326,2.950999457803038,36.77,30.84,1.49
0,261.625,2.664626049809158,39.48,25.02,1.49
0,263.1111111111111,1.955536574953132,38.74,28.15,1.5
1,268.1111111111111,1.99389341308011,27.11,34.34,1.5
1,216.04166666666663,1.289515156494944,40.43,25.43,1.5
1,257.046875,4.838150365278126,28.97,32.82,1.45
1,268.5679012345679,2.154571756904508,33.99,30.08,1.49
1,238.59722222222223,3.460958900551001,36.15,27.97,1.47
0,263.02777777777777,2.882446428967847,37.43,27.54,1.42
0,252.734375,4.259718087501824,37.92,26.88,1.54
0,261.82716049382714,4.011894672005265,33.09,28.09,1.48
1,230.0625,2.469188444316387,36.64,26.68,1.51
1,255.96875,3.758905248716474,30.77,31.43,1.45
0,242.11111111111111,3.453003878210798,3.08,1.34,0.1
1,226.44444444444443,1.922340490751796,37.25,25.27,1.51
1,267.953125,2.277230988256633,29.07,33.67,1.5
1,236.2083333333333,1.837166393796603,37.29,27.25,1.5
1,233.32098765432096,2.0025332533283,38.59,26.38,1.52
0,250.77777777777777,2.901057692037688,0.0,0.0,0.0
1,253.79166666666663,3.116189871397284,36.64,24.46,1.47
1,221.16666666666663,1.804667881793446,39.05,25.1,1.5
0,236.8333333333333,3.444527847899331,45.21,23.89,1.39
0,253.0,2.182129927910864,0.0,0.0,0.0
1,241.06944444444443,1.604140823086103,38.43,25.9,1.52
1,227.02777777777777,1.619765945606761,35.18,28.45,1.48
1,254.90123456790124,3.640517920623591,35.1,27.88,1.47
1,230.56944444444443,1.785320107307699,38.12,27.41,1.52
1,227.8395061728395,2.157444044395729,40.21,25.18,1.52
1,266.52777777777777,2.44863563693232,29.11,35.06,1.49
1,252.04166666666663,3.073875432213148,39.1,28.77,1.5
1,232.03125,1.314877835102379,39.12,25.88,1.54
0,256.25,3.804065879020426,41.06,25.21,1.52
1,244.16666666666663,2.80352256860998,39.28,26.15,1.54
1,257.09375,2.587473717518151,34.76,28.55,1.49
1,243.53125,3.063875191845,41.87,23.82,1.49
1,240.0625,1.877314215525985,40.04,25.46,1.5
0,245.328125,2.94542639516294,37.71,22.37,1.43
1,259.1875,3.163761608302593,38.08,29.71,1.49
1,253.703125,1.996415726840496,34.05,32.68,1.47
0,239.421875,4.391306832432747,0.0,0.0,0.0
1,264.375,2.576352779753506,37.05,30.57,1.52
0,235.3703703703704,1.96577587539767,42.13,24.98,1.49
1,242.66666666666663,1.193128594093853,34.57,34.63,1.49
1,246.90277777777777,1.945648239718543,39.11,28.25,1.49
0,243.90123456790124,2.786412718119445,16.42,12.92,0.71
1,255.84722222222223,3.133933208882809,32.62,27.33,1.45
1,235.5,1.854425054457453,37.67,25.32,1.51
1,224.96875,2.196368197910488,38.71,27.65,1.51
1,256.44444444444446,2.535276799290269,38.56,29.34,1.5
1,235.65277777777777,2.036114005578889,37.53,27.11,1.53
1,253.6172839506173,2.50105047667468,37.34,25.8,1.49
1,248.01388888888889,2.343283462027709,39.02,26.01,1.55
1,244.7083333333333,2.007522646751669,39.02,28.98,1.44
1,239.65625,2.082346710376441,33.93,30.58,1.49
0,265.9012345679012,2.413460866168693,36.4,30.12,1.49
1,237.375,2.297930590808392,36.68,27.04,1.51
0,235.328125,1.604297704994678,39.01,26.22,1.52
1,252.84722222222223,3.697280556791358,36.1,24.59,1.47
1,234.02777777777777,2.273764635953638,46.8,25.83,1.46
1,260.59375,3.201714963652194,40.02,28.5,1.48
1,227.765625,2.128271769732237,36.98,27.68,1.51
1,245.11111111111111,2.943686711291472,34.72,30.49,1.51
0,242.046875,1.408844768069685,0.0,0.0,0.0
1,230.796875,2.157923649065197,39.15,25.67,1.53
1,252.265625,4.62980592623353,30.46,33.29,1.47
1,251.296875,5.236562682315708,38.56,27.61,1.48
1,257.1975308641975,3.184197286028921,37.32,26.56,1.48
0,233.125,1.459313553757966,26.07,16.9,0.98
1,255.640625,4.372087483294308,34.15,28.26,1.45
1,260.5,3.899421322159469,41.8,29.61,1.48
1,254.26388888888889,4.19626784324646,41.61,25.8,1.49
1,252.4583333333333,3.588100579049852,38.82,26.72,1.48
1,263.7916666666667,2.177967416743437,34.7,31.01,1.51
1,250.0555555555556,1.632444087829855,40.02,27.61,1.5
0,267.625,10.580014652572572,42.57,24.53,1.5
1,243.0,4.477338810451329,35.27,29.71,1.51
1,243.375,2.50882675498724,40.11,26.34,1.52
1,232.75,1.282689545717504,38.35,24.66,1.51
1,255.11111111111111,3.30054017321931,34.85,27.67,1.46
1,251.6875,3.897128301672637,38.61,26.34,1.48
1,255.15277777777777,3.017773468461302,33.61,33.99,1.5
1,226.34722222222223,1.550666155086623,40.62,25.93,1.51
1,248.84722222222223,3.436717204749584,36.23,28.3,1.49
1,262.20833333333326,1.547388830118709,34.83,28.36,1.5
1,223.25925925925927,1.939195961863906,37.06,24.3,1.5
1,234.90625,1.976095907390118,38.96,25.36,1.52
1,230.8125,2.525528026744723,39.15,24.3,1.53
1,256.375,2.586143369786441,42.03,27.41,1.5
0,253.78125,5.149265327490866,38.54,32.84,1.5
1,252.953125,4.010845938697458,38.25,26.34,1.51
1,250.875,3.505682037936316,39.68,26.91,1.48
0,265.125,2.727896505759822,37.8,29.73,1.53
0,262.75,3.289127149515682,26.98,15.96,0.96
1,228.875,1.538756522867415,37.7,27.13,1.5
1,259.9861111111111,1.964606172508664,38.88,28.45,1.5
1,230.3055555555556,2.207849265800582,37.03,27.45,1.52
1,236.22222222222223,1.46660181052155,35.2,30.14,1.51
1,260.2361111111111,2.337877396908072,40.43,28.62,1.52
1,237.15277777777777,1.794956192374229,26.04,19.21,1.16
1,232.875,1.909948701659838,38.42,29.26,1.47
1,254.6875,4.04287294857204,30.49,30.23,1.45
1,239.25,3.173956520855427,19.82,8.52,0.63
0,253.44444444444443,4.077568280200164,40.13,27.4,1.55
1,256.84375,3.588755631819367,41.4,25.02,1.51
1,256.359375,3.270558669231832,33.42,29.32,1.48
1,249.296875,4.300243513658643,36.44,28.19,1.47
1,241.578125,2.455316652543843,36.63,25.18,1.5
1,238.84722222222223,2.06944497840272,36.23,25.43,1.51
1,248.75,3.389401945285499,35.19,28.48,1.52
1,252.2083333333333,3.671132624977165,38.28,27.38,1.47
1,252.6875,5.387216878123582,33.27,28.69,1.46
1,244.0833333333333,2.278442190753089,39.23,27.24,1.5
1,264.484375,5.10783424973488,31.09,33.37,1.5
1,233.21875,1.611230656504631,38.37,26.89,1.51
1,257.19444444444446,3.456327473123868,38.37,28.56,1.48
1,247.22222222222223,4.561512692107096,35.09,28.85,1.52
1,269.1111111111111,2.54696303854386,32.42,30.22,1.46
1,262.765625,2.253587148152292,36.84,29.53,1.47
0,245.0625,3.074741371907294,38.44,25.5,1.52
1,233.890625,1.753820854239166,37.37,25.85,1.53
1,230.515625,2.060049488209188,38.62,26.63,1.49
1,234.46875,1.954449073411524,44.67,23.71,1.51
1,239.84375,2.990315144881606,35.97,29.15,1.52
1,236.09375,1.596933181397617,38.44,25.72,1.53
1,233.0555555555556,2.225993774831295,39.4,26.26,1.49
0,254.70370370370367,3.399439459965553,35.53,26.94,1.46
1,230.5,1.844761559532748,36.89,26.63,1.53
1,232.1851851851852,1.615263212610174,38.75,26.73,1.49
1,258.83333333333326,1.679375643531481,39.13,29.38,1.5
1,237.578125,2.451877284795046,38.59,25.23,1.53
1,252.859375,3.594963637180626,35.01,31.26,1.47
0,268.96875,2.472782102413476,32.05,30.97,1.5
1,239.19444444444443,3.018045705225733,37.11,26.57,1.5
0,257.40625,2.853303055278957,12.34,10.66,0.54
1,244.8055555555556,4.401772010657522,38.74,30.48,1.54
1,264.828125,2.381623839959502,35.18,30.78,1.5
1,268.0,1.981445290148258,32.58,34.19,1.5
1,262.7037037037037,2.816998177840386,30.17,31.55,1.48
0,260.046875,3.99659937620163,38.43,28.29,1.5
1,251.359375,3.231916451826692,31.25,27.91,1.46
1,244.4691358024692,1.981130094439895,38.23,26.82,1.53
1,253.23611111111111,1.980521463685565,34.54,29.35,1.49
0,248.765625,2.855181009508669,0.0,0.0,0.0
1,258.9375,4.177910489030183,37.63,31.28,1.48
0,237.078125,2.453258330002427,33.48,23.14,1.43
1,256.26388888888886,4.500046359168161,34.07,29.09,1.47
1,230.875,1.714134616777301,37.57,26.65,1.53
0,239.36111111111111,1.375033751130104,36.38,28.9,1.5
1,255.53125,2.164463941007853,34.4,30.21,1.48
1,254.765625,2.18073689006269,34.75,29.77,1.49
0,242.609375,4.025300009176135,40.35,27.15,1.51
1,230.9583333333333,1.271106388005945,38.41,27.01,1.5
1,263.28125,2.226503985002637,28.16,34.85,1.5
1,269.0,2.395439472049475,33.01,31.62,1.5
1,231.84375,2.049559641629457,40.27,26.89,1.46
1,223.11111111111111,1.333733778676869,38.46,26.83,1.52
1,239.98765432098764,2.471667676796148,38.37,26.9,1.5
0,250.77777777777777,2.509715687069628,0.0,0.0,0.0
1,258.078125,4.719524033367634,28.42,33.09,1.44
0,242.265625,2.835572649724782,36.7,25.12,1.54
1,226.38888888888889,1.978304082320796,37.59,25.2,1.52
0,241.609375,3.845823122188449,41.49,26.33,1.48
0,244.19444444444443,2.810808788571093,0.0,0.0,0.0
1,245.41666666666663,3.491664215922356,35.6,29.02,1.52
1,242.679012345679,2.120205161012249,36.09,26.68,1.5
1,251.56944444444443,1.896520825723807,37.84,26.57,1.49
0,265.2916666666667,3.4502162784338,35.76,27.99,1.52
1,269.734375,2.662142491899431,34.73,30.21,1.51
1,236.765625,2.314994691871107,38.0,27.95,1.5
1,254.16049382716048,3.082438741201236,35.18,31.14,1.48
1,238.40277777777777,1.878629972537359,37.58,25.19,1.5
1,236.97222222222223,2.729760266840458,38.4,25.26,1.54
1,254.5,1.997045301832259,34.13,30.14,1.48
1,266.01388888888886,1.77906025118298,35.23,30.68,1.48
1,260.09375,2.440862910822034,38.95,27.95,1.48
1,256.2916666666667,2.957868100040489,31.2,25.41,1.2
1,261.94444444444446,3.573968454367585,33.08,30.88,1.48
1,234.54166666666663,2.670541457004017,38.71,27.71,1.52
1,233.40277777777777,2.02060595071978,38.61,26.92,1.55
1,226.81944444444443,2.025035043557485,37.91,26.82,1.53
1,260.015625,2.585515534505248,35.51,31.82,1.48
1,236.3333333333333,2.081791262659761,37.28,25.55,1.54
1,234.4074074074074,1.86542519301544,38.37,27.3,1.49
1,248.8125,2.104294071905315,36.91,29.83,1.49
0,241.3333333333333,2.16850952969657,30.68,26.68,1.31
1,229.90625,1.243758946657181,37.67,25.41,1.53
1,263.8611111111111,3.51156219922834,35.61,28.86,1.49
1,248.5,3.49764652363956,33.85,29.43,1.5
1,270.13888888888886,1.911547389295366,32.92,29.41,1.49
1,235.953125,2.00037191901356,37.85,25.87,1.51
1,260.5,2.412216151754061,37.38,29.38,1.51
1,242.78125,2.345295676961541,38.75,27.27,1.54
1,253.02777777777777,1.948851499292586,33.07,31.45,1.49
1,227.2083333333333,1.855444139904446,38.93,25.22,1.53
1,258.34375,3.469173413701355,40.89,28.73,1.49
1,239.29166666666663,2.802574970655971,39.35,29.27,1.49
1,233.25925925925927,1.959511427967637,39.86,25.08,1.5
1,265.046875,2.333874348551035,35.03,30.58,1.51
1,238.31944444444443,2.443429290420479,37.48,28.78,1.49
1,257.8641975308642,5.376986977494794,33.91,28.61,1.45
1,253.953125,1.619529363699257,36.11,28.76,1.47
1,229.90625,2.033742562867701,37.83,27.23,1.53
0,264.3611111111111,2.908969735105833,36.1,28.26,1.54
1,235.09722222222223,2.08719819287459,36.18,27.75,1.53
1,235.8125,2.20429109595716,36.37,28.07,1.51
1,241.328125,2.015310361050069,34.33,23.46,1.33
1,226.15277777777777,1.355576357804239,39.45,25.94,1.46
1,227.84375,2.437460635788739,38.64,27.34,1.5
1,245.6875,1.761456456035376,39.97,28.43,1.49
1,250.890625,3.097733627073467,38.6,27.84,1.5
1,266.5625,2.113863906823099,33.15,30.32,1.51
1,256.375,1.81399442628026,41.39,27.24,1.53
1,257.484375,1.868318544700742,40.93,25.48,1.5
1,235.640625,1.498313221149147,37.03,26.49,1.51
1,255.69444444444443,3.712111689150333,30.0,32.6,1.47
1,234.88888888888889,1.880199439731645,35.93,26.48,1.5
1,239.84375,1.882549085654318,36.13,25.75,1.52
1,252.578125,1.963486361317337,36.44,27.33,1.49
1,262.265625,4.656958932057024,34.6,30.65,1.47
1,251.8055555555556,3.352819394734171,32.03,29.05,1.46
1,248.77777777777777,2.022935874760151,38.4,27.32,1.51
1,235.53125,1.832178054377437,37.99,28.54,1.51
1,256.45833333333326,2.339142937627104,36.21,34.73,1.49
1,253.890625,3.468400530517101,32.72,27.84,1.46
1,251.48611111111111,3.134753406047821,36.79,26.21,1.48
0,251.84375,5.56683941371739,5.33,1.47,0.13
1,254.98611111111111,3.593257427215576,33.68,26.92,1.47
1,248.984375,2.077358623966575,35.35,27.41,1.49
0,240.81944444444443,1.844546643396219,10.31,7.42,0.4
1,260.25,2.497834022674295,39.48,30.94,1.48
1,239.578125,2.316371047869325,39.62,27.11,1.51
1,254.25,3.022984732356337,32.28,30.45,1.47
1,253.25,2.924025887416469,40.27,25.92,1.49
1,246.16666666666663,2.298571094870567,39.99,27.52,1.5
1,225.0555555555556,2.031122377349271,37.99,27.9,1.52
0,238.765625,2.03839972987771,39.65,26.78,1.47
1,236.4583333333333,1.736503354377217,38.16,29.33,1.5
1,234.5308641975309,3.066668324264479,40.91,25.13,1.51
1,238.9375,2.48226778395474,33.97,28.24,1.51
1,236.265625,2.819563878700137,38.36,26.94,1.54
1,236.29166666666663,2.055923939579063,35.31,30.16,1.49
1,240.9375,1.776233051903546,35.06,32.74,1.5
1,232.296875,1.681632445193827,37.23,27.56,1.5
1,254.09722222222223,4.899186173246966,37.7,28.91,1.53
1,232.22222222222223,1.14455403553115,40.35,26.87,1.5
1,260.34375,3.290684567764401,37.5,28.09,1.5
1,223.265625,3.725751273772296,35.21,29.67,1.51
1,246.66666666666663,2.684052870505386,32.37,30.85,1.48
1,259.234375,5.355702560395002,41.77,27.07,1.49
1,245.09722222222223,2.84921609941456,29.49,24.28,1.31
0,232.578125,1.428304431959987,33.74,20.96,1.25
1,262.734375,3.32486105337739,37.03,30.18,1.52
1,236.5625,1.932818288914859,37.11,26.56,1.5
1,221.88888888888889,1.719694435596466,38.06,28.24,1.49
1,237.671875,2.090581230819225,33.21,31.39,1.47
1,248.1875,3.589998947456479,34.02,29.72,1.5
1,230.5,1.606546791270375,38.86,25.61,1.54
1,252.41666666666663,2.547730932633082,39.02,28.28,1.48
1,266.95833333333326,2.166307851672173,34.54,30.53,1.51
1,150.671875,1.315029114484787,41.28,27.78,1.48
0,236.36111111111111,1.908741059402625,35.23,25.1,1.49
1,260.6666666666667,2.440311150418387,39.76,29.63,1.49
1,257.78125,4.690269563347102,29.97,31.25,1.45
1,254.34722222222223,3.42393010109663,34.75,27.47,1.47
1,232.0555555555556,2.136176902386877,37.66,25.06,1.52
1,264.22222222222223,2.222756750881672,34.77,30.3,1.51
1,240.9305555555556,1.281589863200982,40.94,26.13,1.5
1,246.73611111111111,3.449911708633105,35.67,27.22,1.52
1,228.48611111111111,1.653852171368069,37.45,27.33,1.53
1,264.6875,1.911662174388766,37.17,31.22,1.5
1,231.0625,2.410862304270267,37.34,26.7,1.51
1,227.04166666666663,1.752017309268316,35.57,27.56,1.51
1,232.671875,1.632982605136931,39.82,24.57,1.51
1,224.23611111111111,2.31183978564599,39.72,24.81,1.51
1,254.4375,5.239736243151128,31.24,33.38,1.47
1,259.58333333333326,2.112659874061743,40.23,27.5,1.47
1,237.921875,2.185310243628919,39.24,25.96,1.53
1,245.0555555555556,2.896983722845713,37.64,31.03,1.52
1,231.46875,2.499353815801442,37.38,27.89,1.53
1,234.296875,1.848040223121643,37.12,26.91,1.55
1,260.5,2.508589164353907,40.07,28.51,1.48
1,230.40277777777777,2.467625179224544,36.82,25.36,1.45
1,226.046875,1.444378238171339,39.41,25.77,1.52
1,237.59375,1.991484237834811,36.58,25.82,1.51
1,230.828125,1.50806372333318,39.92,25.57,1.54
1,251.015625,4.014840769581497,38.17,28.23,1.49
1,228.109375,1.760382553562522,37.4,27.7,1.52
1,245.84722222222223,2.569014351401064,35.75,27.66,1.5
0,260.046875,3.409871228039265,36.39,30.12,1.53
1,248.94444444444443,3.087512048582236,34.62,29.44,1.52
1,233.5833333333333,1.613401241600513,39.53,26.89,1.5
1,264.640625,2.60706674773246,31.63,30.64,1.48
1,240.73611111111111,2.117962968846162,40.06,28.14,1.51
1,254.65625,4.088987794704736,32.95,29.36,1.48
0,252.1805555555556,3.460888856814967,35.34,26.69,1.46
1,256.46875,1.811182969249785,34.0,30.0,1.48
0,265.75,4.893915623426438,10.76,8.61,0.46
1,266.96875,2.267686682753265,32.61,29.76,1.51
1,231.26388888888889,2.453137016130818,35.99,29.47,1.52
1,256.703125,3.021188078448176,34.79,25.07,1.47
0,239.77777777777777,2.192806856499778,0.0,0.0,0.0
1,262.6543209876544,2.300464963471448,36.27,31.77,1.47
0,237.125,2.413184107177787,36.88,26.49,1.5
1,251.0555555555556,3.012461511625184,32.18,27.28,1.45
0,266.75,5.663473467859958,38.53,25.61,1.46
1,243.7083333333333,3.063193478518062,25.92,18.55,0.99
1,266.69444444444446,2.767221568359269,31.45,33.36,1.5
1,189.46875,3.798317580806966,15.45,10.3,0.58
1,239.46875,2.76216930616647,34.42,28.02,1.49
1,244.29166666666663,2.135520923468802,40.44,27.18,1.5
1,234.984375,1.439127104356885,39.1,26.3,1.52
1,237.4583333333333,2.244372960593966,37.91,26.01,1.54
1,253.79166666666663,3.11588384790553,34.04,30.02,1.48
1,259.45833333333326,4.159620660874578,40.74,28.09,1.51
1,261.76388888888886,3.791361523171266,27.61,34.54,1.5
1,244.01388888888889,2.472771163615915,35.34,32.01,1.51
1,237.66666666666663,2.941184357636505,38.01,27.37,1.53
1,265.59722222222223,1.801369087563621,34.88,32.07,1.52
1,251.203125,3.900518171489239,36.61,28.69,1.48
1,253.015625,2.683331388048828,32.77,27.62,1.45
1,228.0833333333333,2.899955954816607,36.9,25.14,1.51
1,240.953125,3.575898415409029,36.22,28.92,1.49
1,233.4583333333333,2.916636266642147,39.83,26.28,1.54
1,260.625,2.955162602166335,39.82,30.33,1.49
1,234.9375,2.847959978505969,37.23,26.6,1.49
1,261.359375,2.737452714703977,36.45,30.46,1.52
0,258.26388888888886,4.450874989231427,40.07,29.11,1.5
1,236.59722222222223,2.526050495604674,37.43,26.48,1.52
1,246.91666666666663,2.760938278502888,34.53,29.82,1.51
1,233.0,1.955555290811592,41.0,25.87,1.46
1,227.84722222222223,1.706058843268289,39.79,25.09,1.52
0,262.28125,2.351086789742112,34.64,28.99,1.49
0,242.91666666666663,2.231646090745926,39.24,24.39,1.55
1,261.359375,1.207114933058619,36.46,29.3,1.49
1,264.234375,2.257838851772249,36.02,29.97,1.53
1,239.29166666666663,2.477257510854138,38.26,26.67,1.5
1,243.3055555555556,2.397859781980515,36.31,28.43,1.5
1,251.296875,1.709200212731957,37.2,26.63,1.49
1,249.9375,1.888103671371937,38.66,27.31,1.51
1,252.90277777777777,3.562117965684997,34.58,28.15,1.47
1,243.109375,2.672921592369676,33.66,25.35,1.39
0,255.5,4.066845623983278,0.0,0.0,0.0
1,265.328125,2.532086188904941,36.15,30.21,1.54
1,256.2916666666667,3.86286907725864,38.03,30.5,1.51
1,253.46875,4.16498083807528,39.03,28.85,1.5
1,261.15277777777777,4.550934276647038,40.53,28.48,1.53
1,269.90625,2.257693106308579,33.92,30.88,1.51
1,242.8333333333333,3.802402949995465,39.84,26.12,1.47
0,234.3827160493827,1.858966547765849,40.3,24.55,1.51
1,256.46875,7.276536142453552,40.35,28.11,1.53
1,231.15277777777777,2.246177155110571,38.75,25.36,1.52
1,253.26388888888889,4.207446128129959,33.85,27.7,1.46
1,224.51388888888889,1.838442137671842,37.21,24.74,1.49
1,248.44444444444443,2.64693611032433,31.95,30.34,1.48
1,230.0625,1.812637400813401,36.77,26.53,1.5
1,234.09375,1.576878455467522,37.51,26.08,1.49
1,228.40277777777777,1.645964549647437,37.61,27.74,1.52
1,241.453125,1.806192268617451,36.25,27.37,1.5
1,265.01388888888886,2.754614303509394,35.25,29.74,1.5
1,253.71604938271605,3.710747512770288,37.18,24.99,1.47
1,247.86111111111111,2.259081499444114,35.27,27.41,1.52
1,264.890625,1.882299192249775,34.75,30.99,1.49
0,253.23456790123453,3.084070507391,39.55,27.8,1.48
1,236.71875,1.765362279489636,36.83,28.04,1.48
1,229.90277777777777,2.016989431447453,38.17,27.05,1.51
1,263.9753086419753,2.055393511130486,32.4,29.93,1.49
1,234.02777777777777,1.317563394705455,37.32,25.91,1.54
1,235.38888888888889,1.826161507931021,38.43,25.14,1.52
1,263.953125,2.098111637867987,34.28,32.44,1.52
1,269.02777777777777,2.359263292617268,31.32,31.08,1.5
0,250.046875,2.520987539552152,40.57,28.2,1.52
1,224.16666666666663,2.166013494961792,38.64,27.79,1.51
1,260.1481481481481,2.821005451826402,39.82,28.55,1.48
1,233.046875,1.395070850849152,40.53,24.24,1.5
1,230.11111111111111,2.20092294861873,38.3,27.85,1.53
1,246.7083333333333,2.292429832120737,35.05,27.35,1.49
1,237.5555555555556,2.076545417308807,38.16,26.53,1.51
1,223.77777777777777,1.641404848959711,38.55,24.97,1.5
1,234.31944444444443,1.65347988737954,38.88,27.65,1.5
1,265.140625,2.976261210627854,33.3,29.3,1.51
1,265.328125,1.7482357788831,31.27,34.14,1.48
0,249.109375,2.641857415437698,37.97,24.71,1.42
1,245.5,3.294783371500671,32.92,31.4,1.5
1,260.59722222222223,2.148628040320343,37.86,31.06,1.48
1,241.203125,2.458762673661113,36.14,30.94,1.51
1,231.46875,1.887783446349204,37.89,26.27,1.54
1,229.84375,1.980712147429585,36.36,29.99,1.51
1,264.328125,6.705319094471634,35.58,29.61,1.47
1,234.28125,2.222159234806895,39.19,26.09,1.52
1,254.921875,1.623012332245708,33.61,30.19,1.47
1,246.31944444444443,2.759420937962002,39.77,27.19,1.53
1,231.52777777777777,2.284161195986801,40.26,28.53,1.52
0,222.8333333333333,1.230870788296064,37.84,26.31,1.44
1,268.890625,1.973066630773246,30.92,31.04,1.5
0,238.265625,1.825112888589501,23.84,18.19,0.99
1,231.21875,2.532015649601817,39.61,25.42,1.51
0,237.81944444444443,1.97306599550777,0.15,0.1,0.01
0,236.625,2.124984248541296,0.57,0.33,0.02
1,257.84722222222223,1.967950100700061,39.78,28.06,1.52
1,232.078125,2.22985427454114,37.63,27.64,1.53
1,258.48148148148147,2.210197551750842,36.85,29.1,1.49
1,241.3055555555556,2.326732304361132,41.56,26.39,1.48
1,231.6543209876544,2.094155115845763,37.35,26.09,1.5
1,229.625,2.156014030178388,39.33,26.45,1.55
1,256.27777777777777,5.377883166902596,36.07,28.14,1.46
1,241.51388888888889,2.17677732805411,38.46,26.32,1.51
0,247.61111111111111,4.167792363299264,0.0,0.0,0.0
1,264.26388888888886,1.558636645476023,36.51,30.43,1.5
1,241.015625,4.370866946876049,35.19,29.53,1.5
1,227.9375,1.587963812984526,39.1,27.52,1.51
1,229.6805555555556,2.466640378865931,35.81,25.81,1.53
1,252.875,3.290621382494768,39.23,26.73,1.48
1,237.6875,1.236549003981054,37.98,24.72,1.5
1,253.5555555555556,4.151919226587556,40.06,28.85,1.48
1,243.15277777777777,2.129014426635371,38.01,26.5,1.5
1,255.84722222222223,1.69521013316181,34.97,28.42,1.48
0,255.40277777777777,2.385625440213415,24.49,18.44,0.97
1,254.640625,2.239549849182367,34.41,29.59,1.48
1,242.47222222222223,1.490392083923022,39.74,26.56,1.51
1,255.3333333333333,3.458974374665154,19.91,14.95,0.8
1,235.09722222222223,1.708437083495988,40.3,24.92,1.48
1,263.72222222222223,2.93489146232605,33.37,29.36,1.49
1,262.328125,3.520792109891772,34.16,28.06,1.44
1,257.08333333333326,4.18744304527839,32.64,30.17,1.47
1,253.90123456790124,2.913096653090583,40.37,27.5,1.48
1,232.09375,1.464362513273954,39.97,25.85,1.51
1,237.15277777777777,2.010435914827718,34.91,28.63,1.51
1,231.7083333333333,2.272571510738797,38.58,28.37,1.52
1,241.25,2.506803607568145,36.57,28.13,1.51
1,242.84722222222223,2.960633219116264,38.15,26.01,1.55
1,239.77777777777777,1.882031733607068,36.95,25.56,1.5
1,252.75,2.628438384272158,32.58,29.84,1.47
1,250.69444444444443,2.159611761569977,35.9,26.89,1.48
1,264.1481481481481,4.545487498795546,32.63,31.62,1.48
1,255.453125,3.109855994582176,33.62,26.86,1.47
0,249.140625,2.347101592458785,39.83,25.05,1.54
1,260.94444444444446,2.546664877070321,39.83,28.51,1.48
0,233.25925925925927,1.83668299883972,22.63,15.82,0.92
1,246.95061728395052,2.122813586099648,35.56,27.37,1.48
1,247.3333333333333,3.061140255795585,40.36,27.84,1.53
1,225.875,1.891698582097888,39.19,25.76,1.51
0,234.28125,2.829071123152971,39.03,27.8,1.46
1,255.59375,1.770943962968886,41.35,28.02,1.54
1,232.88888888888889,1.129105237623056,38.98,25.0,1.51
1,247.58024691358025,2.253202659848295,39.2,26.27,1.5
1,245.85185185185185,2.41879525008025,35.18,28.61,1.51
1,248.125,2.209955832196607,36.77,30.19,1.49
1,254.97222222222223,3.950427770614624,34.28,25.33,1.44
0,255.640625,2.775068549439311,34.08,27.57,1.47
1,228.94444444444443,2.469736624095175,38.45,27.14,1.52
1,252.078125,1.946344473399222,34.78,26.9,1.48
1,255.375,2.067431908100843,37.64,31.78,1.5
1,262.0,4.755231276154518,34.49,30.14,1.46
0,264.5,3.327133271843195,13.71,10.29,0.55
1,264.796875,1.694563247263432,34.1,31.63,1.5
1,234.3055555555556,2.3267314972149,39.4,24.58,1.49
0,236.15277777777777,1.496428810887867,33.94,23.78,1.49
1,254.36111111111111,3.357271088494195,34.32,27.25,1.46
0,255.484375,3.704074592329562,39.48,27.84,1.51
0,247.171875,2.142473606392741,0.0,0.0,0.0
1,191.65625,1.295833851015845,34.45,29.29,1.48
1,225.0987654320988,1.665170776991197,37.27,28.44,1.51
1,237.66666666666663,2.098919413983822,39.35,26.13,1.54
1,262.05555555555554,3.969417595201068,38.11,26.53,1.52
1,234.09722222222223,1.949498364494906,40.19,24.98,1.5
1,242.51388888888889,2.391168552140395,36.88,27.75,1.5
1,241.34722222222223,2.574201205538379,36.09,29.98,1.51
1,255.27777777777777,3.029512763023376,33.29,30.32,1.47
0,235.171875,2.48354456294328,32.9,25.29,1.48
0,251.4305555555556,4.219576798379421,0.0,0.0,0.0
0,256.0,1.849698958918452,34.11,28.88,1.49
1,232.09722222222223,2.386276128391425,36.75,26.89,1.53
1,258.51388888888886,7.094797857105732,40.56,26.01,1.48
1,257.33333333333326,4.64759589271781,32.21,28.8,1.45
1,233.53125,1.911838318221271,46.37,26.27,1.5
1,253.671875,3.493824898265302,32.26,30.27,1.46
1,230.015625,1.902535375207663,39.03,26.23,1.53
1,254.8125,2.180072248913348,36.55,27.7,1.48
0,237.63888888888889,2.733500672711267,9.95,7.49,0.4
1,232.171875,1.608976582065225,37.2,27.04,1.49
0,234.641975308642,4.377705297352355,46.14,25.72,1.47
1,251.15625,2.98924888856709,36.48,28.06,1.49
1,253.65625,1.660702125169337,33.97,33.04,1.48
1,256.703125,2.012198410928249,39.93,26.9,1.52
0,254.8333333333333,3.713020254340437,0.0,0.0,0.0
1,259.03125,4.072720846161247,33.09,28.24,1.44
1,232.50617283950612,2.430798282593857,38.05,25.8,1.54
1,244.48611111111111,2.88426102615065,37.63,26.79,1.47
1,247.0,4.562801161780954,33.48,32.19,1.47
0,248.4305555555556,2.951843260890908,41.31,23.42,1.53
0,247.96875,1.617786846123636,42.15,21.36,1.53
1,242.30864197530863,3.659195300973492,35.68,28.75,1.5
1,233.40625,1.862131083384156,40.46,24.13,1.51
1,251.5833333333333,3.936417673197058,40.33,26.37,1.51
0,234.22222222222223,1.374413830538591,0.0,0.0,0.0
1,231.75,1.797793675214052,35.81,29.56,1.53
1,238.296875,2.234693914651871,35.31,25.92,1.52
1,239.09722222222223,2.177314903173182,37.15,25.33,1.51
1,249.484375,3.629903834313154,29.76,28.82,1.48
1,252.65277777777777,3.110204117993514,36.32,24.69,1.48
1,234.609375,2.469250291585922,0.0,0.0,0.0
0,231.015625,2.05330656748265,43.04,25.87,1.52
1,256.609375,4.386945209465921,39.52,25.47,1.52
1,252.26388888888889,3.46475555251042,0.11,0.07,0.0
1,233.21875,1.902703958563507,38.52,26.8,1.55
1,228.97222222222223,1.922535844975048,37.6,26.19,1.49
1,261.421875,3.231681140139699,40.16,28.52,1.48
1,232.76388888888889,1.90264513840278,37.08,26.62,1.53
1,235.1875,1.697495092637837,38.3,28.95,1.5
1,255.3055555555556,8.441314392619663,39.37,26.09,1.5
1,230.078125,1.779750619083643,38.34,26.93,1.53
0,254.641975308642,1.849377786671674,36.3,28.31,1.48
1,228.984375,1.725116427056491,37.42,27.86,1.51
1,258.140625,3.146040567196906,38.1,28.16,1.49
0,251.046875,2.2025580490008,0.0,0.0,0.0
1,262.765625,3.651885406114161,38.72,25.47,1.47
1,254.4305555555556,1.888800385925505,35.64,29.8,1.49
1,233.2083333333333,1.82662061519093,39.5,24.66,1.5
1,239.9135802469136,2.17321068857923,36.76,29.24,1.5
1,234.53125,2.305676399730146,36.66,25.49,1.55
1,265.9861111111111,2.58612264196078,34.84,31.42,1.51
0,245.046875,3.745583445765078,38.48,26.3,1.5
1,236.86111111111111,1.968154218461778,36.6,27.19,1.5
1,253.40277777777777,2.696748259166876,36.52,27.67,1.47
1,260.38888888888886,4.64305249022113,28.51,31.32,1.45
1,233.0833333333333,1.884084896081024,20.81,14.56,0.82
0,239.38888888888889,2.968948258294,18.93,10.2,0.63
1,225.421875,2.281912702135742,38.82,25.53,1.53
1,258.02777777777777,3.780183874898487,40.96,27.28,1.52
1,259.390625,4.1468651490286,36.52,28.39,1.47
0,244.34722222222223,1.836452780498399,7.98,5.09,0.3
0,237.97222222222223,2.47507751484712,21.44,12.93,0.75
1,259.359375,2.501405795104802,39.51,26.13,1.48
1,231.71875,1.834523910656571,34.89,28.33,1.52
0,250.7083333333333,2.715496130287647,0.0,0.0,0.0
0,268.8611111111111,2.982915129098627,35.7,21.48,1.26
1,242.23611111111111,1.884405923386415,37.93,26.69,1.52
1,230.828125,1.60087079461664,37.42,25.37,1.52
1,245.0555555555556,2.145401101145479,35.28,29.5,1.5
1,250.69135802469137,1.9297849042916,34.11,28.29,1.49
0,241.0,2.09753555059433,38.51,28.01,1.49
1,241.875,2.207259081304073,37.35,27.19,1.52
1,262.18055555555554,3.945342903335889,40.52,28.19,1.51
1,230.47222222222223,2.726507416201962,39.94,26.87,1.4
0,248.47222222222223,3.279909731613265,38.54,28.17,1.5
1,254.4583333333333,1.623528388639291,34.15,27.73,1.48
1,264.25925925925924,2.573442452483707,35.97,30.6,1.49
0,241.546875,5.61910003144294,44.31,24.93,1.51
1,261.30555555555554,1.656477903326352,38.13,31.06,1.47
1,242.48611111111111,1.892625633213255,36.29,29.43,1.51
1,235.109375,2.305753216147423,38.67,26.31,1.5
1,247.890625,2.82381806243211,37.94,28.82,1.49
1,255.69444444444443,3.426104980210463,39.22,28.04,1.5
0,257.03125,2.4122832454741,0.0,0.0,0.0
1,236.61111111111111,1.628801538712449,38.63,25.77,1.53
0,228.59722222222223,2.106363989412785,37.64,25.48,1.52
1,236.02777777777777,2.459055649737517,39.39,26.3,1.51
0,244.390625,3.101950753480196,0.0,0.0,0.0
1,255.9583333333333,1.412999559607771,33.08,29.47,1.48
1,234.234375,2.355774579569697,40.14,27.2,1.46
1,232.8125,2.194808628410101,37.61,26.32,1.53
1,244.375,3.735164937563241,36.97,26.92,1.5
1,240.71875,2.587546120397747,36.89,26.15,1.51
1,236.76388888888889,2.20683372600211,38.45,28.04,1.48
1,237.71875,1.263214224949479,34.22,30.2,1.5
0,247.59722222222223,2.465745756195651,0.0,0.0,0.0
1,233.109375,1.648595937527716,38.39,25.54,1.5
0,249.34567901234567,2.434080409414974,0.0,0.0,0.0
1,236.06944444444443,1.794132358498044,35.52,26.52,1.49
1,258.609375,1.814545802772045,36.64,28.41,1.5
1,230.86111111111111,1.573225180308024,38.91,26.44,1.52
1,269.65625,1.773386610671878,32.73,34.18,1.49
1,231.625,3.856909804046154,38.21,27.26,1.53
1,256.453125,3.447178224101663,29.87,30.27,1.45
1,234.2083333333333,2.748918897575802,37.77,27.05,1.51
1,264.8125,2.52952294331044,35.8,29.12,1.48
0,257.875,4.330101404339075,38.27,29.03,1.48
0,238.125,7.532959275878966,2.53,0.9,0.07
0,257.15277777777777,4.054611951112747,16.89,9.09,0.61
1,260.03125,3.098361755721271,29.15,32.01,1.5
1,256.609375,3.113634206354618,38.51,30.53,1.51
1,266.25,1.829754591816001,33.01,34.84,1.51
1,252.234375,2.447643348947167,36.94,25.69,1.49
1,240.625,2.424205284565687,35.25,29.9,1.49
1,234.671875,2.920819062739611,37.9,25.29,1.51
1,237.40625,2.285456182435155,38.34,26.0,1.52
1,226.4197530864197,1.768591350979275,39.13,26.15,1.49
1,227.73611111111111,2.186041292217043,37.83,26.99,1.51
0,237.671875,4.327081467956307,0.0,0.0,0.0
0,239.54166666666663,2.803318648653872,0.0,0.0,0.0
1,248.44444444444443,2.293640760911836,39.6,27.07,1.5
1,223.078125,1.887374448589981,38.66,26.54,1.52
0,238.125,2.682463607026471,44.59,26.78,1.48
1,253.91666666666663,2.37981364544895,31.81,29.59,1.47
1,243.625,2.569836250609822,35.17,28.27,1.52
0,235.16666666666663,2.611341390344831,38.74,27.08,1.51
1,267.7361111111111,2.258578908940156,27.33,33.61,1.51
1,226.69444444444443,1.438477988044421,37.21,25.5,1.51
1,232.4583333333333,1.746851114763154,38.49,28.94,1.53
1,260.234375,2.123047434724867,34.63,30.14,1.48
1,247.21875,2.899171648547053,32.32,31.5,1.5
1,250.65277777777777,2.01115817659431,37.97,28.22,1.48
1,268.85185185185185,2.677463394624215,34.35,30.91,1.51
1,235.9753086419753,3.33688935968611,34.99,26.12,1.49
0,246.390625,2.790953588671982,0.0,0.0,0.0
1,258.44444444444446,2.093245193362236,38.45,29.91,1.5
1,267.95833333333326,6.707466127971808,37.02,27.42,1.46
0,267.81944444444446,1.589023282130559,0.0,0.0,0.0
1,232.44444444444443,1.38741611275408,39.62,26.74,1.5
1,254.22222222222223,4.521682435439694,35.39,26.89,1.47
1,241.91666666666663,3.424345317814085,36.71,26.67,1.51
1,241.375,1.77447419706732,36.06,26.82,1.5
1,234.25,1.925781099332704,37.98,24.45,1.54
1,239.5555555555556,1.819401892522971,37.48,26.5,1.5
1,266.375,2.737342815432283,33.33,29.7,1.52
1,232.25,2.030049405164189,37.39,26.75,1.53
1,243.58024691358025,3.998019152953301,36.74,29.11,1.47
1,253.109375,2.948112839832902,35.17,30.91,1.47
1,255.76543209876544,4.194078245280702,36.29,27.23,1.45
1,259.0,4.250626184046268,28.94,32.23,1.45
1,262.3703703703704,2.667138909852063,37.32,27.06,1.48
0,244.328125,2.376909139566123,0.0,0.0,0.0
1,219.65277777777777,2.040470392473282,39.62,25.73,1.48
1,261.30555555555554,3.758044581446383,37.74,27.05,1.55
1,238.65625,3.545486558228731,40.14,26.74,1.53
1,251.046875,3.413014371879399,36.33,28.15,1.48
1,244.890625,2.260843875817955,37.98,30.38,1.5
1,255.6875,1.654506745748222,35.47,29.73,1.48
1,245.01388888888889,1.900564966930284,37.19,28.55,1.52
1,250.703125,3.445921581238508,36.88,25.95,1.48
1,237.421875,3.182535842061043,39.51,25.32,1.49
1,241.19444444444443,2.539156433608797,36.47,23.58,1.33
1,232.84722222222223,1.657539957099491,40.18,26.19,1.52
0,247.3125,3.504395735450089,20.91,17.32,0.89
1,255.546875,3.008731838315725,31.56,30.67,1.47
1,255.76388888888889,4.20907931195365,40.08,25.84,1.48
1,253.52777777777777,1.554962899121973,33.75,30.01,1.47
1,253.4305555555556,3.69839317103227,40.27,25.57,1.48
1,262.3125,4.115367762744427,42.54,29.12,1.48
1,251.59722222222223,2.861149568524626,40.49,29.23,1.53
1,241.09375,2.374823994934559,34.06,32.5,1.5
1,231.66666666666663,1.80349157916175,37.45,25.78,1.51
1,242.953125,2.234849830158055,27.71,19.76,1.13
1,253.90123456790124,2.179117141682425,33.2,29.81,1.48
1,228.44444444444443,1.44195969733927,36.68,26.61,1.51
1,258.01388888888886,4.511134922504426,37.32,28.54,1.48
1,235.0617283950617,1.656067197705493,37.3,28.01,1.52
1,254.3125,3.062592732720077,33.26,29.31,1.45
1,223.90625,1.629452482797205,38.11,25.12,1.5
1,235.85185185185185,2.322112612518263,38.06,28.67,1.5
0,256.19444444444446,1.805580230222808,39.7,26.8,1.52
1,233.5833333333333,1.847059018082089,39.23,25.76,1.54
0,241.97222222222223,4.739244495001104,39.42,25.57,1.48
1,242.3333333333333,4.335651495390469,36.17,28.18,1.53
1,251.80246913580248,3.353238883577747,36.94,28.93,1.47
0,240.02777777777777,2.885694263709916,0.0,0.0,0.0
1,255.34375,3.483514302410185,7.66,6.86,0.34
1,250.171875,3.310583412647247,33.26,30.12,1.47
1,256.641975308642,2.113288505577747,33.08,34.63,1.49
1,229.78125,1.25805670581758,37.8,25.79,1.5
1,256.15625,3.727621403522789,40.76,28.56,1.49
1,253.86111111111111,3.384440981679492,35.64,25.26,1.47
1,233.15277777777777,2.2304833713505,39.37,26.76,1.5
1,257.7654320987654,2.943055901262495,41.02,26.54,1.54
1,264.01388888888886,4.095662693182628,39.14,26.64,1.52
1,255.65277777777777,2.241893710361587,41.31,27.58,1.52
1,268.0,2.256987920962274,26.61,34.46,1.49
1,240.46875,2.090702370740473,38.68,26.32,1.54
1,233.02777777777777,2.562079588572184,37.29,26.86,1.52
1,250.27777777777777,3.463269858724541,39.28,24.51,1.51
1,255.0,1.434605151414871,34.89,28.68,1.49
1,231.0,1.741445032258828,37.02,28.46,1.52
1,255.453125,3.635097782127559,31.29,29.52,1.47
0,247.97222222222223,2.550934418208069,38.82,19.7,1.41
1,231.78125,2.298224677331746,38.26,25.43,1.5
1,255.36111111111111,4.360098824732834,29.53,31.0,1.45
1,261.13580246913574,2.464453726638983,38.11,30.69,1.49
1,242.015625,2.325180978514254,37.22,25.83,1.53
1,235.56944444444443,1.964499196244611,38.99,26.57,1.52
1,261.890625,2.516532568261027,40.11,26.86,1.54
1,257.375,2.123555276956823,40.95,26.07,1.52
1,229.609375,1.65433210413903,37.39,27.12,1.49
0,237.734375,2.087228036485612,42.61,26.84,1.51
0,242.19444444444443,2.924578228758441,8.99,5.27,0.31
1,223.3333333333333,1.980251931481891,38.96,26.03,1.5
1,262.65277777777777,2.660820483333535,39.15,28.56,1.5
1,265.0416666666667,2.821520026359293,36.2,30.78,1.51
1,244.76388888888889,2.696842165456878,38.58,31.15,1.52
1,229.84722222222223,2.477033068736394,38.79,25.44,1.52
1,262.21875,1.897016854956746,28.71,33.6,1.5
1,233.0617283950617,2.378795501626568,36.81,25.06,1.55
1,245.44444444444443,2.834469585782952,35.23,29.16,1.53
0,262.13580246913574,2.784077095396725,21.49,18.34,0.93
1,228.0625,1.785377876833081,39.28,25.83,1.5
1,261.68055555555554,5.034652687609196,41.54,28.68,1.48
1,226.421875,1.847913810051978,39.93,27.21,1.54
1,234.19444444444443,2.313152138557699,38.17,26.04,1.55
1,243.25,2.206509782001376,38.13,25.48,1.52
1,244.22222222222223,2.996127229597834,38.91,27.38,1.55
0,254.3333333333333,4.132571395900515,20.05,16.4,0.8
1,255.0,2.624540634453297,35.99,25.56,1.47
1,267.125,2.019181165430281,29.03,35.56,1.51
1,229.71875,2.13011378608644,38.98,27.0,1.5
0,257.47222222222223,5.287525427010324,0.0,0.0,0.0
0,239.48611111111111,4.03266950034433,47.22,22.98,1.54
1,250.359375,3.530615244060755,38.33,28.72,1.53
1,252.953125,3.531756233423948,37.19,27.5,1.48
0,266.47222222222223,1.889004124535455,37.01,29.25,1.51
1,251.3055555555556,4.295602874623407,38.02,25.52,1.49
1,250.97222222222223,2.957749857670731,36.82,27.13,1.53
1,255.515625,3.922858001664281,30.97,30.3,1.46
1,247.26388888888889,3.006778933107853,36.6,27.49,1.5
1,261.94444444444446,4.309446271922853,30.19,31.01,1.47
1,247.49382716049385,3.167542590771192,37.4,26.61,1.51
1,249.5,4.371754886582494,36.95,29.53,1.49
1,226.203125,2.224136053584516,38.88,25.61,1.5
1,266.625,1.494886146858335,31.32,32.06,1.49
1,247.609375,1.619097134098411,38.11,31.65,1.5
1,227.140625,1.959948319010437,37.8,25.26,1.53
1,263.1666666666667,3.745081064601739,35.03,30.34,1.51
1,255.50617283950612,3.216619778562475,37.56,29.67,1.48
1,228.703125,1.691883239895105,37.46,28.01,1.52
1,238.40277777777777,2.047886703577307,40.19,26.07,1.54
1,257.15625,3.162363911047578,36.47,26.36,1.48
1,257.0,1.797074032947421,36.7,29.67,1.49
1,216.6805555555556,1.78871783738335,23.0,36.52,1.47
1,225.6172839506173,1.778434089672418,39.66,25.88,1.51
1,256.234375,6.340495955199004,32.07,31.01,1.48
1,228.81944444444443,1.210118389791913,38.18,25.71,1.53
1,250.4375,2.688584693707526,39.86,28.44,1.5
1,231.98611111111111,2.163592846857177,35.51,28.92,1.52
1,228.21875,1.516042610630393,39.62,27.5,1.52
1,256.94444444444446,3.619013087617026,36.42,29.94,1.5
0,252.7083333333333,2.737745259371069,35.07,26.86,1.46
1,225.453125,1.726421214640141,38.26,27.46,1.52
0,241.625,1.639453921880987,36.4,25.88,1.52
1,239.5,1.604069972410798,38.66,26.65,1.5
0,241.359375,1.787377623841166,35.66,26.33,1.5
1,226.40277777777777,1.824548385209507,38.89,27.63,1.49
1,174.54166666666663,2.536232944498671,38.16,26.87,1.51
0,232.8333333333333,2.429600097239017,36.08,25.91,1.51
1,266.984375,2.353454700671136,37.92,30.85,1.51
1,258.640625,3.243163795210421,38.23,27.55,1.5
0,243.48611111111111,2.374784871935844,41.32,23.7,1.49
0,229.03125,1.443957936950028,34.83,26.13,1.44
1,247.9305555555556,1.900313056177563,39.6,27.43,1.51
1,263.3611111111111,1.847109994126691,28.84,34.46,1.5
0,255.23611111111111,1.755433566868305,33.31,30.55,1.46
0,234.59722222222223,1.942729939189222,17.76,12.37,0.71
1,270.31944444444446,2.185323896507422,33.88,29.88,1.5
1,235.96875,2.666677244007587,37.88,30.48,1.52
1,254.28125,6.028402553871274,34.63,27.31,1.47
1,226.53125,1.2941486351192,38.08,28.24,1.52
1,246.76388888888889,7.166311217678918,41.85,26.95,1.51
0,239.390625,2.975643680430949,41.1,25.93,1.54
1,240.109375,3.387906860560179,36.99,29.98,1.5
1,235.90277777777777,1.639229900307126,32.94,24.65,1.49
0,261.671875,5.532706318423152,41.53,25.72,1.47
1,257.765625,4.122265109792352,33.36,27.59,1.47
0,234.0625,7.054775100201368,5.07,3.21,0.18
1,237.28395061728395,1.504328049995281,38.25,27.25,1.5
1,255.125,4.073305509053171,39.13,29.17,1.48
1,254.40277777777777,3.992041369279226,33.6,27.65,1.46
1,247.96875,1.939860196784139,42.46,26.41,1.49
1,252.40277777777777,2.790724197195636,32.67,26.22,1.45
1,265.296875,2.686834144406021,35.23,30.8,1.5
1,232.3125,2.419310862198472,43.98,25.22,1.49
1,254.125,3.542094708316856,33.47,30.52,1.47
1,230.44444444444443,1.701557897859149,38.9,25.2,1.52
0,248.52777777777777,3.388718201882309,19.96,10.24,0.71
1,262.69135802469134,4.242269783844183,37.77,29.73,1.53
0,241.109375,3.927056886255741,51.96,22.02,1.52
1,255.84722222222223,3.75404497815503,33.03,30.03,1.44
1,256.38888888888886,1.729830077952809,34.54,32.88,1.5
0,260.05555555555554,1.960191925366719,17.04,13.04,0.7
1,253.47222222222223,3.401085350248549,38.97,28.73,1.49
0,242.36111111111111,3.768805323375596,32.3,22.17,1.21
1,238.625,2.034655084533076,44.83,25.15,1.5
1,268.81944444444446,2.200083995858828,32.12,30.44,1.51
1,235.04166666666663,1.551198946932952,37.62,26.62,1.52
1,244.91666666666663,2.60243866344293,36.39,27.72,1.51
1,262.703125,3.352779840119183,31.12,31.88,1.49
1,237.140625,2.288210473023355,37.89,27.1,1.51
1,257.96875,2.449193151667714,35.26,28.93,1.46
0,231.0555555555556,1.74704095058971,38.61,28.62,1.52
1,258.09722222222223,3.656562297708458,39.47,28.3,1.52
1,225.671875,1.999398946762085,38.2,25.32,1.5
1,230.078125,2.007984858937562,38.13,26.73,1.52
0,266.2361111111111,2.317215989861223,34.81,30.73,1.51
0,256.5625,4.08607326913625,36.3,27.25,1.43
1,242.9135802469136,2.346152792006363,36.54,30.34,1.49
1,227.609375,1.783415768295527,39.0,26.67,1.52
1,259.46875,3.563677901402116,37.29,28.54,1.54
0,234.078125,2.787542360834777,37.2,26.35,1.49
1,240.19444444444443,2.242017606894175,43.46,25.87,1.51
1,262.953125,2.366382629610598,36.2,29.42,1.49
1,261.01388888888886,3.470767977337042,38.21,27.38,1.52
1,260.984375,3.897592657245696,36.35,28.45,1.47
1,261.859375,4.617308104410768,39.74,28.79,1.51
1,236.15277777777777,2.246196143329144,38.19,27.01,1.47
1,237.109375,1.952347725629807,38.4,25.73,1.5
1,258.15277777777777,3.31960542831156,28.42,33.47,1.45
0,253.38888888888889,4.702662964661916,0.0,0.0,0.0
1,244.921875,2.709629686549306,37.09,30.06,1.52
1,271.625,3.039702617563307,31.18,30.25,1.48
1,250.9305555555556,3.021042624281512,36.86,28.39,1.51
1,236.8333333333333,2.293099539147483,35.16,27.83,1.5
1,240.29166666666663,2.265329141583708,37.35,25.39,1.49
1,250.171875,4.585818069055676,38.93,26.79,1.47
1,256.875,2.926537616178393,34.43,27.71,1.48
1,237.09722222222223,2.099650258819262,39.18,25.98,1.54
1,252.640625,3.658876400440931,39.67,25.93,1.48
1,254.25,3.029238349758089,33.09,29.65,1.46
1,257.296875,5.166562889702618,28.51,32.51,1.45
1,251.1851851851852,3.096990783273438,37.13,30.43,1.47
1,252.40277777777777,2.587049005760087,39.64,28.2,1.48
1,230.38888888888889,1.895646107607874,27.7,36.83,1.5
1,232.140625,1.701665239408612,37.69,27.18,1.52
1,267.2916666666667,2.467123480306731,31.53,34.29,1.51
1,240.34375,3.681813102215528,36.45,29.37,1.48
1,255.03125,5.89123664982617,33.12,27.38,1.46
0,234.61111111111111,1.974667920006646,38.89,25.91,1.5
1,240.390625,1.947267130017281,38.39,25.76,1.56
1,247.4375,2.281913346610963,39.73,26.33,1.51
0,228.98765432098764,1.749962597717474,32.62,21.74,1.29
1,240.56790123456787,1.843313542413123,36.46,25.66,1.51
1,235.0617283950617,1.875527113308141,37.16,26.9,1.51
1,235.38888888888889,2.089672702054183,38.91,26.09,1.51
1,240.265625,1.869601673446596,35.47,30.89,1.49
1,263.4375,3.02865563519299,34.15,29.85,1.48
1,255.25,3.462662414544158,29.95,32.54,1.45
1,236.234375,1.993228934705257,39.06,25.51,1.54
1,249.3703703703704,1.596835357171518,42.16,26.25,1.51
1,223.0555555555556,2.100819081895881,38.9,27.15,1.52
1,253.5,3.588811814785004,31.68,26.7,1.45
1,234.40625,2.240173880942166,39.07,25.89,1.56
0,254.94444444444443,2.143780855668916,41.17,27.66,1.53
1,256.82716049382714,6.205503233420996,28.49,33.3,1.45
1,248.94444444444443,2.499291637705432,39.63,28.18,1.5
0,259.82716049382714,4.539577064690768,20.68,15.25,0.81
1,243.5833333333333,1.675262791415056,40.29,26.51,1.53
1,264.90625,1.956728905439377,34.36,28.63,1.44
1,234.65277777777777,1.938496160010497,40.0,24.23,1.5
1,250.6805555555556,3.96304393808047,38.02,28.03,1.48
1,239.7083333333333,2.679604089094533,38.34,28.2,1.5
1,245.59259259259252,2.337239717995679,38.08,26.69,1.5
1,231.015625,1.844151699915528,36.74,26.91,1.53
1,241.875,3.009933698922396,36.77,29.63,1.49
0,242.75,2.985047021673785,36.91,26.85,1.55
1,231.6805555555556,2.356250510447555,39.11,26.36,1.53
1,239.09375,1.89574896171689,37.88,26.3,1.51
0,248.79166666666663,3.236880908409754,37.77,27.36,1.53
1,254.09375,3.033575877547264,22.05,18.43,0.9
1,253.0833333333333,3.184387625091606,36.91,29.34,1.5
1,227.95061728395052,3.126018663247426,37.95,26.58,1.47
1,264.96875,2.269380236044526,31.36,31.16,1.51
1,253.09722222222223,5.200638889438576,36.38,29.68,1.51
1,234.546875,1.940077310428023,42.54,25.23,1.49
1,266.88888888888886,2.208102184037367,37.82,30.61,1.51
1,253.171875,6.22578339278698,8.49,5.43,0.34
1,252.26388888888889,3.377296515636974,32.14,27.31,1.46
1,221.4375,1.753760890103877,39.41,26.63,1.49
1,230.61111111111111,1.685246735811234,39.3,26.48,1.53
1,257.84722222222223,6.24487430188391,36.74,30.72,1.5
0,268.46875,4.894760261289776,19.32,13.37,0.72
1,237.9375,1.702514423057437,38.42,27.97,1.55
0,256.3125,3.589145228266716,40.96,26.39,1.51
1,245.71875,1.463044210337102,44.22,25.93,1.52
1,256.609375,3.853544598445296,37.69,27.87,1.48
1,236.828125,2.447532526217401,37.63,25.28,1.49
1,253.44444444444443,3.254936097396745,37.84,30.57,1.49
1,245.515625,1.855666271410882,36.38,30.72,1.49
1,246.81944444444443,2.014916566510995,43.1,24.43,1.52
1,256.2916666666667,2.295905715889401,34.27,29.4,1.48
0,263.4166666666667,7.616429426603848,39.64,26.69,1.49
1,254.34375,2.443892159499228,37.68,31.35,1.48
1,173.984375,1.462798384732978,39.3,27.52,1.52
1,232.765625,2.170742928050458,40.46,24.64,1.51
0,249.36111111111111,2.501066335373455,0.0,0.0,0.0
1,234.140625,2.746566100046039,37.12,25.27,1.56
1,221.4375,1.644801546819508,38.62,26.81,1.51
1,226.53125,1.563399386592209,39.84,27.18,1.54
1,238.1875,2.000865231268108,38.39,27.38,1.48
0,239.31944444444443,2.868165603114499,3.13,2.24,0.12
1,266.7916666666667,1.954758245911863,34.07,29.4,1.51
1,253.76388888888889,3.395513171123134,35.79,27.66,1.48
0,269.43055555555554,1.365418165922165,25.55,34.46,1.48
1,268.01388888888886,2.635369097193082,32.91,33.82,1.51
1,259.46875,2.706520247273147,37.21,27.0,1.55
1,254.359375,2.539213974960148,33.68,26.66,1.46
1,238.86111111111111,1.6432428666287,39.8,25.69,1.53
1,247.0,3.118505790829659,34.72,29.28,1.51
1,264.109375,2.622622219845653,37.78,30.42,1.52
1,242.7083333333333,1.858784034848213,35.69,31.99,1.49
1,254.265625,4.34073896240443,31.85,28.68,1.44
1,249.015625,2.137443909421563,38.62,28.69,1.51
0,240.65277777777777,1.855807176894612,0.0,0.0,0.0
1,263.703125,3.174689885228872,33.44,31.28,1.48
1,265.76388888888886,2.570389257536994,36.47,29.25,1.52
1,264.5625,3.193983010016382,33.62,31.87,1.54
1,233.203125,2.043030026368797,36.54,27.49,1.49
0,239.72222222222223,2.055368781089783,41.41,27.0,1.53
0,249.0625,7.336778367869556,44.14,24.24,1.55
1,228.72222222222223,1.571619581845072,36.71,27.67,1.52
1,225.59722222222223,2.077390235331324,38.19,27.74,1.51
1,236.52777777777777,2.063077609572145,36.68,28.69,1.5
1,254.9583333333333,2.46685334129466,42.84,27.15,1.52
1,250.875,2.271160432137549,34.03,28.47,1.49
1,228.90625,1.873200046829879,37.93,26.33,1.51
1,230.4305555555556,2.352101741565598,36.57,26.13,1.53
1,242.328125,2.949484163895249,20.35,18.33,0.91
1,234.25,2.497397416271269,40.78,24.9,1.48
0,250.63888888888889,2.035204182068507,30.91,20.28,1.15
1,258.53125,4.140734802931547,37.81,29.49,1.46
1,238.296875,3.96800602786243,35.26,30.27,1.48
1,262.640625,2.226048395037651,35.16,30.42,1.52
1,230.390625,2.027778443880379,37.98,28.55,1.51
0,265.82716049382714,1.720891811965424,34.91,31.12,1.49
1,230.56944444444443,2.321430568065908,37.35,28.05,1.53
1,262.1481481481481,2.904830964259159,38.81,27.98,1.51
1,261.375,1.898143587840928,39.05,27.76,1.48
1,229.48148148148147,1.474344653847777,35.76,26.09,1.53
1,230.953125,1.902069053612649,37.18,27.43,1.52
0,273.47222222222223,5.322251606318686,36.83,32.0,1.5
0,263.02777777777777,2.772921576268143,0.74,0.55,0.03
1,241.8125,2.390503163449466,32.16,25.9,1.31
0,240.859375,3.074564968235791,40.99,26.31,1.49
1,258.58333333333326,2.1161627040969,39.86,27.33,1.51
1,242.16666666666663,1.999492517775959,37.61,26.15,1.52
1,238.1805555555556,1.463727917108271,37.21,30.32,1.48
0,243.2083333333333,1.548643607232306,14.62,10.28,0.59
1,234.13888888888889,2.255945143600305,29.63,19.78,1.12
1,257.2716049382716,3.617403893559068,29.69,33.6,1.45
1,256.06172839506166,4.562775688406862,35.38,27.21,1.47
1,235.56944444444443,2.314344734781318,37.52,26.61,1.47
1,241.22222222222223,1.800340176456504,28.23,21.77,1.18
1,241.14814814814807,2.580331054734595,38.51,25.4,1.56
1,240.71604938271605,1.724569185280506,41.9,25.34,1.51
1,266.34567901234567,3.514258982958617,34.55,29.02,1.5
0,246.109375,2.830683567561209,39.19,24.67,1.53
0,244.109375,2.540829126723111,6.07,4.32,0.26
0,244.78125,2.420136702246964,18.66,11.63,0.72
0,264.8125,2.374891278333962,12.63,12.75,0.6
1,223.88888888888889,1.594393330591696,38.51,26.73,1.51
1,230.625,2.379799767397344,39.47,25.91,1.5
1,251.63888888888889,4.229793166120847,35.68,28.98,1.48
1,251.671875,4.533381368964912,36.79,31.06,1.49
0,244.9375,4.250599641352892,0.0,0.0,0.0
1,258.015625,2.775743345730007,38.28,28.3,1.49
1,265.84375,2.224048702977598,35.11,30.56,1.47
1,253.4583333333333,1.539038444558779,34.75,29.14,1.48
1,265.1875,2.19961211271584,33.69,35.5,1.51
1,252.34722222222223,3.584780578811964,40.21,26.45,1.47
1,247.875,1.805247147878011,40.56,26.03,1.5
1,236.02777777777777,1.979319381217162,36.42,25.82,1.5
1,236.046875,2.963750576600432,38.38,26.92,1.5
1,262.75,3.440363394717375,35.67,27.62,1.51
1,230.25925925925927,1.984601532971418,37.76,27.2,1.53
1,265.90625,2.879520887508988,35.83,30.38,1.5
1,243.375,3.97300212085247,35.78,27.36,1.47
1,251.859375,3.74271556083113,32.92,30.3,1.47
1,231.859375,2.505574527196586,37.83,27.63,1.53
0,262.234375,2.189384173601866,38.56,26.18,1.47
1,234.8055555555556,1.893797318968508,39.17,27.35,1.52
1,256.26388888888886,2.524940262238184,37.62,32.27,1.49
1,234.94444444444443,1.716026903854476,38.4,26.33,1.52
1,252.56790123456787,1.824388926411852,35.13,29.18,1.49
1,240.92592592592592,2.761079763924634,35.91,28.74,1.53
0,249.046875,4.73715266212821,17.69,13.61,0.68
1,233.84722222222223,2.313929973377122,37.24,25.97,1.53
1,232.171875,1.723637250252068,38.45,28.8,1.53
1,243.97222222222223,2.977995216846466,36.41,25.93,1.49
1,239.5625,3.263639423064888,37.57,27.7,1.53
1,254.90625,3.298584381118417,30.5,31.63,1.47
1,263.9375,2.521127761341631,34.77,30.5,1.49
1,237.61111111111111,2.399732292526298,28.37,21.58,1.14
1,234.66666666666663,2.354792455004321,37.69,27.23,1.52
1,260.875,3.604350743815303,40.58,26.74,1.49
0,242.09722222222223,2.411992924908797,10.29,6.87,0.41
1,242.171875,3.415147833526134,37.06,27.0,1.5
0,239.87654320987653,1.815791532581235,0.0,0.0,0.0
1,253.98611111111111,3.682371209892962,39.62,27.87,1.48
1,237.28125,2.26126504316926,36.94,26.96,1.48
1,235.578125,2.889517263509333,40.94,25.36,1.48
0,251.44444444444443,5.969135910272598,16.93,10.79,0.66
1,265.015625,2.699193127453327,34.82,29.68,1.53
1,251.328125,3.330352033488452,40.68,26.05,1.47
1,250.96875,3.588392016477883,31.04,28.57,1.47
0,239.30864197530863,2.479365775614609,0.0,0.0,0.0
0,266.70833333333326,2.220442983011405,35.3,31.3,1.51
0,254.984375,2.700212277472019,0.0,0.0,0.0
0,236.84375,2.413224521093071,40.01,25.91,1.5
0,240.171875,2.265718007460237,0.0,0.0,0.0
0,248.1805555555556,7.749379305375948,0.0,0.0,0.0
0,233.19444444444443,1.230743006699615,38.13,27.97,1.51
1,267.328125,1.591509259305894,29.73,32.92,1.47
0,249.40277777777777,5.926053840253088,29.88,10.87,0.82
1,239.0,1.994548880495131,38.71,25.82,1.54
1,228.15277777777777,3.434583353617835,33.95,26.76,1.5
1,245.22222222222223,2.844279385275311,37.6,28.27,1.49
1,230.265625,1.696913062594831,38.83,25.96,1.51
1,257.921875,3.276293194852769,37.02,26.34,1.5
1,253.41666666666663,3.738913223147392,32.17,28.86,1.45
1,260.734375,4.377023831941189,28.13,32.31,1.45
1,237.828125,1.703244030475616,36.02,29.48,1.51
1,230.3125,2.241530811414123,37.39,26.74,1.53
1,258.59375,5.108197553083302,38.29,28.35,1.49
0,222.34567901234567,1.532444330645196,11.04,7.7,0.43
1,266.046875,3.421131400391459,33.86,30.92,1.49
0,265.234375,3.031510129570961,15.75,10.6,0.62
1,232.25925925925927,1.721447458973637,36.85,28.05,1.53
1,232.7530864197531,2.022975336622309,37.82,25.91,1.49
1,254.61111111111111,5.203669144047632,33.35,29.49,1.46
1,235.203125,1.661640638485551,40.6,24.56,1.52
1,246.54166666666663,2.623425149255329,38.06,26.02,1.51
1,255.97222222222223,2.50296217120356,33.73,33.27,1.51
0,241.9583333333333,1.486548400587506,0.0,0.0,0.0
0,238.80246913580248,3.618239635302697,0.0,0.0,0.0
1,226.90625,1.739098181016743,37.53,26.05,1.52
1,226.125,1.984524141065776,37.97,25.14,1.53
1,254.65625,3.05488620325923,34.31,23.85,1.32
1,260.43055555555554,3.186077695753839,38.91,29.44,1.52
1,265.375,2.528869179077446,32.15,30.05,1.49
1,260.45833333333326,2.222567266888089,39.42,29.7,1.5
0,238.125,3.066358003765345,28.13,15.14,0.96
1,228.97222222222223,1.777575618690915,37.37,27.88,1.5
1,247.296875,3.765318229794502,36.54,28.23,1.48
1,233.34375,2.219385243952274,40.34,25.72,1.5
0,255.5432098765432,4.829476087181656,35.99,29.69,1.51
0,251.29166666666663,2.754758106337653,0.0,0.0,0.0
0,258.78125,3.717143543995917,41.0,27.86,1.53
1,260.7407407407408,2.056677688787013,34.71,29.12,1.48
1,265.83333333333326,1.635976966884401,35.15,31.14,1.49
1,255.34722222222223,1.464831552571721,35.68,28.23,1.46
1,258.203125,4.210267199203372,28.7,32.72,1.44
1,254.5555555555556,6.887761391239402,33.18,28.11,1.46
1,269.96875,2.363127065822482,31.52,29.45,1.5
1,236.796875,2.357642039656639,36.61,26.15,1.53
1,249.27777777777777,1.706818958951367,36.73,27.8,1.49
0,251.79166666666663,3.924184801677863,0.0,0.0,0.0
1,268.69444444444446,2.645830319987403,32.19,31.22,1.49
0,265.46875,1.816026917658746,19.45,19.16,0.89
0,255.90277777777777,3.352766806052791,0.0,0.0,0.0
1,254.73611111111111,3.897804592218664,31.55,30.49,1.46
1,226.98611111111111,2.008604818748103,37.51,28.24,1.49
0,251.70370370370367,3.455722339359331,41.74,24.97,1.53
1,255.6805555555556,4.014213771455818,34.09,28.54,1.45
1,261.58333333333326,4.874063303073248,38.89,29.43,1.51
1,254.679012345679,3.865674779738909,32.63,29.56,1.46
1,228.6805555555556,1.886667651434739,39.42,26.98,1.52
0,226.921875,3.376736474223435,0.0,0.0,0.0
1,236.0,2.338735074736178,36.91,27.41,1.53
1,229.546875,1.861787571571767,37.46,27.91,1.52
0,242.390625,2.483514099381864,4.51,3.19,0.19
1,244.6805555555556,2.675402402049965,40.16,26.21,1.53
1,249.9305555555556,3.08132060517126,32.44,31.22,1.47
1,256.984375,2.932087237946689,38.19,28.5,1.48
0,247.3333333333333,3.122764911916521,0.0,0.0,0.0
1,230.46875,1.963668691925704,38.58,25.35,1.53
1,253.125,2.159198921173811,34.61,31.39,1.48
1,263.46875,2.258502625860274,37.43,29.8,1.52
1,231.171875,2.007055433467031,36.4,25.94,1.52
1,255.88888888888889,2.469958982349914,41.61,27.78,1.53
1,232.875,1.857798456214368,36.87,25.95,1.49
0,250.02469135802468,3.321140617500117,0.0,0.0,0.0
1,261.59722222222223,4.839299148983426,36.25,27.3,1.5
1,249.59375,2.846603978425264,33.97,30.46,1.47
1,259.44444444444446,1.79684793866343,36.34,30.29,1.49
1,231.38888888888889,2.607398038109144,35.56,27.61,1.48
1,254.140625,3.031162550672889,34.79,28.11,1.47
1,254.765625,3.56208077725023,36.08,29.64,1.48
0,248.84722222222223,5.184508811268542,0.0,0.0,0.0
1,241.09375,1.371328598819673,35.23,31.19,1.51
1,244.546875,2.151241249404848,37.98,25.89,1.53
1,251.01388888888889,4.072271420723862,38.44,27.56,1.48
1,256.5308641975309,4.801638611304908,41.62,25.91,1.47
1,242.08641975308643,1.945865984316225,37.53,26.97,1.51
0,240.015625,2.573769738897681,22.25,15.39,0.9
0,242.26388888888889,2.497698735031816,0.0,0.0,0.0
1,233.29166666666663,2.0463574545251,37.84,25.05,1.54
1,229.61111111111111,1.968329954478476,38.18,27.04,1.53
1,227.4375,1.964901222847402,35.07,28.38,1.51
1,250.59375,5.119608191773296,38.29,26.18,1.48
0,253.3333333333333,3.120169000493155,39.67,31.24,1.52
1,230.609375,1.896609649993479,38.24,26.98,1.51
0,234.515625,4.590170842595398,12.45,8.18,0.46
1,250.47222222222223,4.952196437451574,39.21,25.71,1.48
1,256.5416666666667,5.104871680339178,31.75,31.45,1.46
1,248.1875,3.387769773602486,37.6,26.88,1.5
1,266.1875,1.279662827029824,31.43,37.55,1.5
1,248.76543209876544,2.881583993817553,37.7,28.67,1.49
0,264.734375,3.082881259731948,37.71,28.96,1.47
1,266.4166666666667,3.345120486285952,32.45,34.56,1.51
1,256.18055555555554,3.188035554356045,33.43,21.49,1.21
1,233.296875,2.821147974580526,37.14,26.05,1.5
1,250.36111111111111,2.679011914465162,39.59,26.48,1.48
0,251.22222222222223,2.060888628992769,0.0,0.0,0.0
1,243.79166666666663,2.10731722580062,35.47,27.73,1.5
1,256.4166666666667,3.563907305399577,31.33,28.96,1.46
1,261.765625,2.27599651645869,40.79,28.34,1.48
0,232.015625,1.390288679860532,37.53,27.22,1.49
1,233.5,2.70420485900508,38.75,27.2,1.54
0,245.375,5.578219806775452,0.29,0.17,0.01
1,256.30864197530866,1.656961941424711,40.63,28.02,1.52
1,222.375,1.678836687467992,37.65,24.14,1.51
1,247.32098765432096,3.941524387877664,39.56,29.58,1.51
1,229.73611111111111,1.754238825705316,38.6,26.98,1.53
1,262.63888888888886,2.676040176716116,31.9,30.41,1.48
0,253.015625,4.423371907323599,0.0,0.0,0.0
1,262.640625,4.395365050062537,39.55,26.98,1.49
1,232.5,2.1869556647208,41.22,26.47,1.49
1,226.61111111111111,1.578620507485337,37.59,25.26,1.51
1,250.140625,2.546343695372343,37.18,27.22,1.47
1,238.7530864197531,2.212181120007127,36.97,27.23,1.53
1,236.546875,2.374344694428146,37.87,26.5,1.48
1,253.48611111111111,5.340696184171572,39.48,30.59,1.52
0,234.65625,1.775047869421542,38.98,26.67,1.54
1,249.296875,2.20197975076735,38.69,29.09,1.5
1,244.8125,2.103729784488678,36.56,26.58,1.52
1,226.03125,2.830909644253552,36.66,27.18,1.5
1,264.45833333333326,2.924705326557159,35.79,30.37,1.49
1,251.3333333333333,3.943344424168269,31.26,25.78,1.45
1,233.94444444444443,1.732663936085171,42.11,24.99,1.5
1,238.78125,3.014483000151813,38.01,28.06,1.51
1,229.15277777777777,2.243856161004967,38.31,28.28,1.5
1,234.0625,1.875216495245695,39.11,25.25,1.54
1,253.953125,1.98276861384511,33.32,31.61,1.47
1,238.578125,2.107963247224689,38.86,27.22,1.53
1,236.296875,2.180474543012679,38.33,28.46,1.5
1,259.8125,3.443673675879836,38.97,29.56,1.47
1,260.171875,3.449560738168657,38.53,30.5,1.49
1,242.97222222222223,1.861753264235126,41.22,26.85,1.49
0,241.765625,2.182940805330873,35.63,21.41,1.26
1,253.0123456790124,3.851451402829017,31.53,26.06,1.45
1,260.7916666666667,1.583489528960652,41.12,26.75,1.48
1,225.15277777777777,3.256295454502106,34.1,30.08,1.47
1,259.984375,4.524345111101866,35.74,28.89,1.47
1,237.8125,2.828967650420964,36.64,26.83,1.5
0,251.578125,4.50797206349671,42.76,25.86,1.49
1,234.5625,1.933962848037481,41.01,24.76,1.51
1,233.44444444444443,1.661289081897265,38.84,25.1,1.51
1,226.828125,1.979423527605832,35.61,27.25,1.48
1,267.38888888888886,1.242997782925765,34.33,32.21,1.52
1,241.875,4.055238893255593,36.24,28.66,1.52
1,254.296875,3.163408442400396,34.39,28.07,1.46
1,231.81944444444443,1.973928685817454,37.65,27.5,1.51
1,262.265625,3.139001984149218,37.19,31.64,1.51
1,235.27777777777777,1.932884957227442,37.96,24.58,1.49
1,244.875,3.55852332059294,29.35,19.49,1.11
1,232.09375,2.643135223537683,38.5,26.38,1.5
1,259.46875,2.703536038286984,40.37,27.6,1.5
1,229.984375,2.265127637423575,38.05,26.26,1.5
1,262.5432098765432,3.517672260602315,38.79,29.66,1.52
1,237.56944444444443,2.329712862769763,35.56,28.45,1.49
1,234.3125,2.525162484496832,36.7,28.76,1.52
1,244.375,2.916877157986164,38.13,29.23,1.5
1,263.5625,2.539289651438594,37.13,28.87,1.49
1,258.58333333333326,3.931273211207655,35.65,27.18,1.48
0,266.38888888888886,1.972074505355623,34.71,33.97,1.52
1,241.63888888888889,3.501881732067592,33.56,28.09,1.49
0,258.203125,3.378351715393364,41.51,27.22,1.54
1,254.25,1.844158508814871,32.36,30.31,1.49
1,267.31944444444446,2.239211951692899,25.47,35.65,1.47
1,232.3055555555556,1.59925052523613,39.37,27.8,1.53
1,242.765625,2.672386958263814,36.48,29.41,1.48
0,235.98611111111111,1.588011424574587,36.98,28.05,1.52
1,243.47222222222223,3.477351390653186,34.94,28.42,1.51
1,223.0,1.787796276621521,39.18,27.02,1.51
1,264.55555555555554,3.997054299546613,32.13,31.05,1.48
1,232.640625,2.173486061394215,37.98,26.56,1.53
1,254.46875,2.666889566928148,37.06,25.25,1.48
1,267.65277777777777,1.389915871123473,30.31,34.04,1.48
1,245.61111111111111,2.34453436318371,36.54,29.57,1.51
1,233.77777777777777,1.985999504725138,38.49,25.94,1.51
1,233.77777777777777,2.282707600129975,39.33,25.14,1.51
1,238.875,2.323471556935045,41.3,26.55,1.48
0,266.38271604938274,2.994194766621531,31.87,30.96,1.49
1,232.06944444444443,2.277109749615192,39.92,25.61,1.52
0,237.328125,6.081938911229372,0.35,0.12,0.01
1,261.1111111111111,4.465127400410031,28.88,31.38,1.45
1,257.890625,1.612295635044575,40.64,27.82,1.52
1,232.984375,1.897451782599092,37.98,26.69,1.52
1,243.625,3.41541083322631,34.0,28.83,1.51
1,229.171875,1.826366914436221,38.95,26.46,1.55
1,238.28395061728395,2.274746288487941,36.09,26.46,1.49
1,231.625,1.684265501797199,38.38,29.24,1.53
1,253.375,2.147291896864772,34.0,29.82,1.46
1,254.79166666666663,4.122560687363148,39.58,27.13,1.49
1,267.6666666666667,2.095732969542345,32.82,30.57,1.51
1,256.06944444444446,4.204300574130482,27.64,32.28,1.45
1,256.59375,4.314338315278292,40.55,28.56,1.51
0,260.578125,2.302414023317397,38.97,28.95,1.49
1,229.19753086419752,1.634623413468585,38.69,27.07,1.53
1,252.8333333333333,4.422673132684496,40.62,28.51,1.53
1,259.53125,3.923083817586303,37.68,30.96,1.48
1,262.97222222222223,4.19967153088914,37.25,26.24,1.52
0,263.125,2.025587520562112,14.6,11.94,0.57
1,245.96875,3.310672767460346,34.23,31.02,1.51
1,259.90277777777777,2.495600275695324,38.14,28.46,1.48
1,245.25,1.874894545310073,36.19,27.96,1.49
1,231.359375,2.342804406769574,36.78,26.75,1.51
1,230.3055555555556,1.946573878328006,38.04,26.63,1.53
1,229.23611111111111,1.538683870600329,37.5,26.94,1.5
1,228.28395061728395,1.598197714046196,38.01,27.08,1.52
1,242.46875,1.772358301095665,39.9,26.42,1.52
1,259.40277777777777,2.480621039867401,38.37,28.42,1.49
1,234.16666666666663,2.015259329643515,36.51,24.49,1.52
1,261.984375,3.844707179814577,36.57,30.97,1.5
1,247.28395061728395,4.522396169326924,34.88,30.74,1.49
0,242.0,3.279297694563866,41.85,24.96,1.48
1,239.359375,1.931508359499276,40.17,28.62,1.5
0,236.79166666666663,2.192542836897903,38.47,26.61,1.5
1,256.1111111111111,4.208935263256232,37.46,29.59,1.47
1,251.76388888888889,2.256791481541263,36.75,28.36,1.48
1,267.671875,2.658474708907306,33.29,32.16,1.5
1,250.8333333333333,1.449266999132103,37.71,27.05,1.48
1,240.48611111111111,1.708190279702346,37.81,26.6,1.55
1,256.34375,4.485742531716824,35.87,31.76,1.49
1,249.7083333333333,1.549323456982772,36.08,26.13,1.48
1,245.1875,2.688836299814284,35.48,28.58,1.52
0,238.03125,2.335128770209849,38.1,24.72,1.4
1,254.796875,5.589511321857572,29.95,32.2,1.45
1,235.625,2.775723068974912,36.36,28.33,1.51
1,259.34375,2.115344329737127,39.15,29.03,1.48
0,260.203125,3.264210631139576,36.93,29.07,1.52
1,257.1666666666667,2.501524575054646,43.28,26.62,1.48
1,253.97222222222223,2.273715439769957,36.1,28.67,1.47
1,236.25,2.665790714323521,38.16,25.39,1.53
1,242.3055555555556,2.910665171013938,37.4,25.75,1.52
1,243.5555555555556,2.889221198856831,39.27,25.18,1.51
1,268.578125,3.578410159796476,32.38,34.82,1.49
1,229.54166666666663,1.883883347113927,37.89,26.38,1.5
1,233.27777777777777,2.031197604205873,38.23,25.76,1.53
1,252.078125,5.664966844022274,38.92,27.24,1.49
1,235.22222222222223,1.85176113827361,39.34,26.18,1.49
1,254.56790123456787,2.221381338290226,36.48,27.62,1.46
1,222.515625,2.40349951479584,38.68,26.65,1.51
1,233.34375,2.097317660227418,39.0,26.51,1.53
1,235.86111111111111,1.657246922453244,36.58,27.79,1.52
1,261.953125,2.806415752507746,36.64,30.91,1.54
0,255.96875,2.609430365264416,37.29,30.12,1.51
1,239.140625,1.960310206748545,38.27,27.65,1.51
1,253.9305555555556,2.739439879026678,32.3,29.96,1.47
1,252.734375,3.129663256928325,40.92,24.51,1.49
1,230.828125,2.162943119183183,36.33,28.99,1.5
1,250.91666666666663,4.158018700778485,34.24,30.72,1.47
0,243.15277777777777,1.665344898071554,37.17,27.11,1.52
1,255.625,3.053407033905387,32.35,27.52,1.45
1,260.25925925925924,4.793993790944418,41.26,24.14,1.5
1,241.26388888888889,2.913365713424153,36.17,29.65,1.52
1,233.6805555555556,2.689881688190831,37.79,26.07,1.54
1,254.359375,2.347643369808793,33.46,32.43,1.47
1,270.08333333333326,2.233699628048473,31.12,30.87,1.47
1,253.9583333333333,3.883011110126972,38.19,26.86,1.48
0,256.046875,5.731925098225474,33.98,27.35,1.47
1,235.75,1.608078505429957,37.69,25.48,1.5
0,235.47222222222223,3.055171146988869,32.72,25.64,1.48
1,229.75,1.965593999251723,38.21,27.3,1.53
0,257.28125,4.387920227833092,37.41,27.64,1.5
1,267.7361111111111,3.07434779819515,33.58,33.72,1.52
1,265.375,1.944339418783784,36.25,30.27,1.49
0,246.859375,2.747564321383834,37.97,27.25,1.52
1,252.453125,2.557797440327704,35.88,27.18,1.47
1,259.734375,4.253220327198507,31.63,31.35,1.46
1,234.6805555555556,1.87506562554174,45.66,24.81,1.52
1,229.234375,1.550041675567627,38.57,25.85,1.5
1,264.26388888888886,2.245207997659842,36.73,30.75,1.52
0,239.3055555555556,2.173093684017658,0.0,0.0,0.0
1,255.390625,3.417042903602123,33.0,30.14,1.46
1,247.641975308642,3.793675728786139,31.94,31.27,1.49
1,228.625,1.610132231480546,40.11,26.59,1.53
1,234.63888888888889,1.586783964600828,39.0,24.8,1.54
1,259.60493827160496,2.633621242311266,39.23,29.4,1.48
1,257.34375,2.511292421258986,39.99,27.66,1.51
0,250.453125,2.636681251227856,41.43,27.48,1.53
1,230.6875,2.036733939312398,36.37,27.79,1.52
1,263.2916666666667,3.997593888805972,31.36,31.27,1.47
1,236.63888888888889,2.741227158241802,34.13,29.28,1.49
1,234.5555555555556,1.688566146625413,37.01,25.51,1.49
0,231.41666666666663,1.813324261870649,43.51,26.2,1.43
0,254.6172839506173,3.390161781399339,0.0,0.0,0.0
1,230.375,2.837557441658444,39.15,25.34,1.52
1,256.3611111111111,3.61120381206274,30.45,32.7,1.46
1,258.0,1.76830924467908,35.69,33.82,1.49
1,231.8055555555556,1.936911145846049,39.28,25.55,1.5
1,251.75,2.179374336265028,38.14,25.64,1.48
1,250.796875,2.534660298377275,38.55,26.82,1.49
1,232.15277777777777,2.376062499152289,34.57,23.92,1.37
1,262.90625,2.805876421742141,37.57,30.41,1.52
1,232.609375,2.714798346161842,38.15,25.82,1.51
0,190.54166666666663,2.94528914303393,33.09,21.78,1.21
1,230.3125,1.22587838023901,37.5,27.15,1.54
1,232.5555555555556,1.611816873980893,38.38,27.21,1.52
0,247.640625,2.170206937938929,41.1,26.37,1.5
1,229.72222222222223,2.201961988376246,34.4,26.42,1.47
1,256.22222222222223,2.047054459651311,33.79,29.41,1.5
0,237.81944444444443,3.34092599981361,39.07,24.04,1.39
1,252.25925925925927,3.971952481770221,36.67,29.07,1.49
1,242.796875,1.956623218022287,39.87,27.88,1.51
1,237.63888888888889,2.151881228718493,37.3,27.58,1.49
0,239.40625,6.390494532883168,41.95,22.6,1.4
1,245.59375,3.582965474575758,33.24,29.49,1.5
1,258.46875,4.19639533944428,40.76,25.32,1.5
1,251.29166666666663,2.972753825287024,33.67,28.61,1.47
0,256.796875,4.059704726561904,0.0,0.0,0.0
1,223.73611111111111,1.354423848291238,39.46,28.56,1.52
1,243.46875,4.037435410544276,33.5,29.44,1.5
1,265.1604938271605,2.844923764835169,32.91,30.72,1.5
1,248.21875,1.942117952741683,35.1,27.54,1.5
0,243.4305555555556,2.321061501900355,20.82,12.34,0.75
1,237.65625,1.704235591925681,37.5,26.28,1.51
1,234.421875,1.666894284076989,37.9,28.18,1.51
1,261.9375,2.972909843549132,28.14,33.58,1.5
1,267.358024691358,2.919402144573353,29.35,34.52,1.5
1,252.06944444444443,5.049732555945714,34.87,25.81,1.46
0,229.828125,2.336574668996036,14.43,10.08,0.57
1,233.40625,2.08122572209686,38.44,26.46,1.52
0,267.13888888888886,3.020796856118573,13.92,12.33,0.61
1,266.03125,1.576023170724511,32.8,35.02,1.5
1,256.72222222222223,3.971842155688339,31.35,31.69,1.45
1,265.01388888888886,2.71864111473163,35.09,29.85,1.53
1,250.6875,3.555278047919273,34.74,29.29,1.47
1,245.69444444444443,2.546308716138204,38.03,27.38,1.5
0,258.08333333333326,3.556536502308316,39.82,28.84,1.48
1,247.28395061728395,4.389137610977081,34.62,29.75,1.51
1,261.90277777777777,3.111286194788085,29.8,31.33,1.49
0,240.24691358024688,1.794757143214897,39.13,26.11,1.51
1,261.109375,2.598744038492441,37.13,30.31,1.52
1,228.7407407407408,2.102086435865473,38.28,27.02,1.52
1,241.77777777777777,1.752842363384035,33.99,31.73,1.5
1,238.88888888888889,2.069733292692237,37.95,27.71,1.5
1,229.5,1.916349159346686,36.45,25.81,1.52
1,241.296875,1.962084276601672,37.51,26.4,1.5
1,231.7083333333333,2.063684848447641,38.76,27.47,1.53
0,251.828125,2.80517441406846,0.0,0.0,0.0
1,228.02777777777777,2.199293558796247,38.42,25.17,1.52
1,268.68055555555554,2.310188080701563,32.47,29.92,1.5
1,257.95833333333326,1.822549872928195,40.59,26.78,1.52
1,249.109375,2.38229472655803,37.98,28.71,1.5
1,235.53125,2.151826636865735,30.85,17.57,1.01
1,237.828125,2.424629265442491,35.2,25.96,1.5
1,231.40277777777777,2.346605498757627,39.66,26.71,1.54
1,232.8333333333333,2.163195189502504,38.13,26.01,1.55
1,257.6875,1.637439286336303,31.85,21.35,1.23
1,257.875,3.893347385339439,38.2,29.81,1.48
1,234.015625,2.601563754491508,28.04,18.27,1.12
1,238.515625,2.272695455700159,35.59,25.64,1.49
1,257.55555555555554,3.303737400306596,31.91,32.13,1.46
1,245.0555555555556,3.977625863419639,35.59,28.28,1.51
1,257.578125,2.810723722912371,36.79,29.88,1.5
1,230.765625,1.705185066908598,39.01,25.72,1.51
1,260.09375,1.797778549604118,41.42,26.8,1.49
1,238.7083333333333,2.53685898002651,34.16,31.82,1.49
1,264.7361111111111,5.487697907620008,31.1,30.75,1.46
1,256.40277777777777,3.033716735740503,39.09,29.27,1.49
1,238.04166666666663,2.320802419549889,37.9,24.46,1.51
1,230.61111111111111,1.598774404989348,39.8,24.86,1.51
1,221.875,1.979459610932014,36.89,24.75,1.5
1,263.171875,1.680731806904078,36.87,29.91,1.52
1,251.98611111111111,3.349413868453768,32.81,26.25,1.46
1,227.49382716049385,1.918032090605041,35.96,27.89,1.5
1,252.875,1.506091982126236,34.3,29.72,1.47
1,237.98765432098764,1.969402539141384,6.63,4.99,0.26
1,246.40277777777777,4.135622176859114,36.96,29.6,1.48
1,243.625,2.09058154374361,38.34,27.46,1.54
1,229.9305555555556,1.482430661718051,37.78,26.35,1.51
1,233.1875,2.544920255430043,36.17,25.72,1.53
1,229.84375,2.484457320533693,39.09,27.34,1.51
1,228.46875,1.79965216293931,40.08,24.58,1.52
1,260.01388888888886,3.980071257385942,40.73,26.84,1.54
1,254.09722222222223,3.789380749066671,33.71,29.9,1.46
1,259.98765432098764,4.771945948218122,29.37,31.21,1.46
1,221.8055555555556,1.599814929068089,37.89,24.09,1.51
1,245.53125,3.094809184782207,39.66,29.53,1.53
0,270.671875,9.416356604546309,39.21,25.41,1.46
0,267.75,4.28776450455189,34.93,28.65,1.49
1,231.46875,1.902677334845066,36.0,27.63,1.49
0,257.75,5.543413140707546,39.24,26.71,1.48
0,253.47222222222223,4.434878277281922,40.54,27.26,1.46
0,230.9305555555556,1.74342659364144,39.75,25.92,1.51
1,238.453125,2.389608230441809,37.19,27.45,1.53
0,258.03125,1.697574920020998,37.93,28.87,1.49
1,254.3333333333333,2.623974627918667,33.04,27.74,1.46
0,242.234375,3.318024387583137,0.0,0.0,0.0
1,227.625,1.684499864466488,38.63,25.64,1.52
0,243.34375,2.227961897850037,34.98,24.09,1.42
0,244.19444444444443,2.604711587230364,38.81,27.3,1.5
1,244.453125,3.038664095103741,35.47,27.39,1.48
1,251.28125,3.779321539215744,38.02,28.09,1.47
1,237.703125,2.172905243001878,37.44,26.96,1.47
1,237.109375,2.278420297428966,36.56,26.19,1.5
0,241.11111111111111,4.386573262512684,4.01,2.41,0.14
1,223.69135802469137,1.7189536580333,38.49,24.82,1.51
1,251.140625,3.893993135541677,40.04,27.83,1.54
1,257.125,3.006889323703945,39.17,27.79,1.48
0,243.875,2.117356350024541,35.21,24.65,1.43
1,255.984375,3.14328713901341,35.68,29.3,1.47
1,225.02777777777777,1.874572490652402,38.94,27.74,1.52
1,232.23456790123453,2.28981837519893,38.51,25.8,1.51
1,240.9305555555556,2.500684184332689,32.66,29.14,1.49
1,236.75,1.842263089492917,39.06,26.46,1.51
1,264.93055555555554,4.579704652229946,30.43,32.19,1.5
1,247.109375,2.606861375272274,39.1,26.91,1.51
0,231.84375,1.353663220070302,39.49,26.02,1.51
1,255.125,4.046686552464962,29.79,30.82,1.45
1,243.44444444444443,1.668138155966629,35.7,31.68,1.49
1,252.9135802469136,1.542344779144099,39.35,28.75,1.47
1,246.4583333333333,2.218566715717316,36.4,30.38,1.49
1,232.50617283950612,2.601917230788573,39.31,27.39,1.54
1,245.03125,3.535339117981493,36.51,28.29,1.53
1,267.1875,1.599010746926069,29.25,33.39,1.48
1,262.109375,3.2279820619151,39.11,28.21,1.52
1,237.23611111111111,1.801845440434085,38.06,29.37,1.49
1,248.9305555555556,2.729361950523324,37.5,26.7,1.43
1,236.16666666666663,2.109458934101793,37.1,27.04,1.5
1,249.3125,2.771083208732307,37.87,26.0,1.49
1,254.27777777777777,4.603508220778572,37.74,26.27,1.49
0,247.77777777777777,3.557247509558996,39.02,27.2,1.49
1,241.11111111111111,2.810214358071486,34.93,28.46,1.5
0,235.515625,1.922173794358969,39.52,24.93,1.51
1,244.69444444444443,2.391304297579659,39.27,24.53,1.53
1,242.671875,1.702870289795101,39.15,26.23,1.5
1,259.328125,2.093301200307906,25.31,19.34,1.01
1,229.28395061728395,1.403742524576776,37.81,26.65,1.51
1,235.546875,2.07592816837132,41.96,24.3,1.51
1,255.27777777777777,1.63489210108916,34.03,28.52,1.5
1,235.5555555555556,1.610433189405335,37.88,25.35,1.5
1,242.3333333333333,3.081973488132159,40.41,25.59,1.5
1,263.875,2.333693034015596,27.85,34.51,1.49
1,264.90625,4.418184501118958,40.9,28.08,1.51
0,250.75,2.412184153683484,9.14,6.33,0.36
1,261.70833333333326,3.108723008798228,37.97,28.02,1.48
1,255.609375,4.625588692724706,31.32,31.84,1.45
0,194.328125,1.822022444672055,10.16,9.72,0.48
1,242.546875,1.561690317466855,37.22,29.75,1.5
1,250.125,3.2714466245638,40.08,24.81,1.51
0,250.8125,3.069139565341175,0.0,0.0,0.0
1,250.7530864197531,2.110101561487457,38.55,27.32,1.52
0,250.25,3.617312991060317,23.86,16.61,0.94
1,240.296875,2.159417024813592,42.32,25.21,1.51
1,255.88888888888889,3.437443845801883,35.61,27.39,1.47
1,223.66666666666663,1.868435670104292,39.26,27.87,1.51
1,251.359375,1.540728533640504,36.32,27.35,1.49
0,260.25,2.946372874081135,29.46,23.67,1.13
1,252.71875,4.346618253737688,36.86,29.45,1.47
1,254.25,3.538413166999817,35.41,26.36,1.47
1,255.875,1.448828402906656,37.27,31.32,1.49
1,232.2083333333333,1.712881635460589,37.61,26.94,1.5
1,256.4375,3.746053278446198,29.43,33.01,1.44
1,226.31944444444443,2.200137895014551,39.02,26.75,1.52
0,238.53125,2.521274456754327,0.0,0.0,0.0
1,247.984375,2.053448995575309,39.06,27.6,1.51
1,244.4583333333333,3.758664609657393,37.21,29.59,1.45
1,241.4567901234568,3.978449815585289,36.19,27.31,1.51
1,229.25,1.757944491691887,37.97,24.79,1.52
1,250.61111111111111,2.926762118935585,38.9,29.67,1.5
0,255.484375,2.985230161808431,34.95,27.22,1.48
1,234.59722222222223,2.998504866328505,41.15,25.17,1.48
1,253.72222222222223,2.59028050965733,40.67,26.3,1.48
1,263.90625,1.929364173673093,37.15,28.63,1.48
0,255.59375,4.511269323527814,36.52,31.13,1.49
1,266.94444444444446,2.64866447283162,33.8,31.26,1.47
1,252.69444444444443,2.946158906651868,37.09,27.97,1.47
0,248.34722222222223,2.740781331227885,0.0,0.0,0.0
1,237.0987654320988,1.969610125194361,38.46,25.34,1.54
1,245.7407407407408,2.14590452188327,38.82,25.16,1.55
1,268.7361111111111,2.060828115377161,31.21,30.58,1.5
1,261.0,2.718351958319545,40.66,27.31,1.54
1,256.55555555555554,3.360211764772733,36.16,28.11,1.48
1,228.96875,1.76404314301908,37.78,26.18,1.49
1,247.8125,2.071833562105894,38.1,29.3,1.47
1,252.26388888888889,2.66834669560194,39.89,28.79,1.51
0,254.296875,4.20047747064382,0.0,0.0,0.0
1,261.81944444444446,2.184540764325195,35.79,31.66,1.52
0,236.40277777777777,2.481420919299126,40.76,25.34,1.48
1,229.796875,2.396402382291853,38.89,27.3,1.53
1,264.046875,3.009840975515544,28.25,34.44,1.5
1,268.15625,2.014078446663916,34.36,29.31,1.51
1,253.546875,3.135345027782023,34.95,28.62,1.47
1,251.52777777777777,4.508402715126674,39.87,30.04,1.52
1,266.02777777777777,2.339290926025973,33.86,33.46,1.51
1,251.171875,3.527563400566578,40.44,24.67,1.52
1,267.25,3.026509455405176,29.7,29.38,1.48
1,227.3333333333333,2.174108493659231,37.82,28.62,1.51
1,240.5,2.666898523767789,40.7,25.82,1.51
1,242.31944444444443,2.089801310665078,37.4,26.86,1.5
1,252.94444444444443,5.964186679157946,38.99,27.22,1.49
1,255.125,3.27632250264287,23.31,23.74,1.08
1,237.46875,1.527033571153879,35.23,30.67,1.5
1,261.109375,3.070817239582539,36.91,30.36,1.53
1,245.27777777777777,2.62619349360466,35.61,28.23,1.52
1,242.8271604938272,2.109260948351872,37.57,27.23,1.49
1,239.65625,2.690140595659614,38.04,26.63,1.55
1,236.25,1.568989733027087,36.62,28.54,1.5
1,263.6875,1.842531341128051,34.81,30.8,1.48
1,259.18055555555554,1.552535079419613,36.66,29.12,1.51
1,235.7083333333333,2.05847735537423,39.92,24.28,1.48
0,239.234375,2.577685665339231,0.0,0.0,0.0
1,246.640625,2.610406130552292,50.33,20.12,1.5
1,247.94444444444443,2.981420178380278,36.65,28.38,1.5
0,239.3125,4.531547891907394,33.16,18.87,1.13
1,259.9861111111111,3.915150760776467,35.02,28.53,1.47
1,262.34722222222223,2.707958431707488,35.78,32.12,1.52
1,244.01388888888889,2.864837379091316,36.47,28.6,1.52
1,248.3055555555556,3.563480220735073,33.37,30.62,1.53
1,233.75,1.985809595324099,38.7,27.17,1.54
1,230.875,2.051144161158138,38.86,26.1,1.52
1,235.98765432098764,1.786532863422676,38.48,27.56,1.5
1,260.234375,2.299193056300282,39.24,28.47,1.47
1,250.76388888888889,3.84868819018205,37.48,28.02,1.48
1,262.44444444444446,2.603530468212234,35.97,28.58,1.49
1,246.27777777777777,3.450451225042343,27.9,19.73,1.1
1,265.2916666666667,1.889088850054476,34.08,30.35,1.5
0,246.36111111111111,1.597839730481307,39.99,24.7,1.55
1,243.95061728395052,3.179949694209629,35.79,29.95,1.5
1,245.47222222222223,2.844763840238253,33.42,29.85,1.5
1,257.59375,3.099053373560309,34.35,28.24,1.47
0,247.26388888888889,3.130337446100182,0.0,0.0,0.0
1,257.59722222222223,2.096536291970147,40.13,26.59,1.52
1,250.16666666666663,2.706630036234856,39.44,27.18,1.48
1,229.06944444444443,2.195587418145604,39.12,27.17,1.52
1,261.38888888888886,2.032900125616127,37.38,29.87,1.52
0,252.375,8.111200001090769,18.1,6.93,0.52
1,226.76543209876544,2.050222265131679,39.78,24.59,1.51
0,257.05555555555554,3.230854569209947,38.82,29.0,1.49
1,235.375,1.418886427250173,39.03,26.43,1.52
0,256.34375,2.59086302574724,38.03,26.2,1.52
1,163.66666666666663,4.442857401238548,32.92,30.14,1.49
0,247.92592592592592,2.490391968944926,39.64,25.06,1.55
1,241.3827160493827,2.504265196529436,39.16,26.27,1.56
0,248.515625,2.299510275945067,8.2,3.76,0.27
1,263.21875,1.503194998018444,39.36,28.21,1.47
1,264.2361111111111,1.886718086070485,37.24,28.95,1.52
0,270.1875,3.784817279316485,39.7,25.68,1.53
1,227.54166666666663,2.030367400083277,38.51,26.91,1.52
1,247.44444444444443,2.768740458988849,38.26,31.76,1.5
1,253.453125,3.328400920145214,38.74,28.85,1.49
1,243.703125,2.874929667450488,31.18,20.53,1.25
1,249.97222222222223,6.273080973989434,38.1,26.01,1.52
1,235.859375,2.109036770649254,37.2,26.39,1.5
1,256.9861111111111,3.510354499850008,37.58,32.52,1.5
1,255.359375,5.125707123428584,29.73,32.35,1.45
1,234.078125,1.346695792861283,37.85,25.72,1.53
1,227.703125,2.304695495404303,36.71,26.59,1.51
1,235.43209876543207,2.660179913779836,35.84,27.12,1.49
1,232.140625,2.512973356060684,39.09,27.73,1.51
1,267.97222222222223,2.940269606808821,30.87,30.78,1.48
1,256.8395061728395,3.627557287245621,34.18,28.56,1.46
1,230.1805555555556,2.011412028637197,36.21,29.64,1.5
1,226.859375,2.102793490514159,37.03,25.58,1.51
1,255.9375,2.363708056509495,34.45,29.23,1.49
1,266.125,2.822426102227635,33.46,31.69,1.54
1,254.15625,6.165046375244856,38.09,26.11,1.47
1,247.02469135802468,3.250846287350596,37.61,30.94,1.53
1,234.0555555555556,1.873357819186316,38.35,26.91,1.53
1,251.046875,4.245937194675207,33.38,21.16,1.27
1,141.16666666666663,1.542935663461685,33.08,30.81,1.47
1,233.3055555555556,2.196136780083179,38.56,27.1,1.53
1,238.4305555555556,1.633361236916648,40.56,26.12,1.49
1,265.65625,2.822300410829484,37.13,29.55,1.52
1,236.3703703703704,1.809568618550713,37.82,26.02,1.5
1,247.40625,2.080242561176419,36.52,29.78,1.49
0,269.28125,4.997860729694366,29.11,18.73,1.06
1,232.22222222222223,1.73901769436068,37.23,27.0,1.48
0,266.265625,2.460414133965969,30.17,35.83,1.48
1,248.859375,2.098105796612799,40.65,28.71,1.51
1,266.5,3.743935416142146,31.59,30.07,1.48
0,248.29166666666663,2.963814246157805,0.0,0.0,0.0
1,251.28125,2.837559096515179,37.27,27.89,1.47
1,257.59375,4.788531300611794,27.54,33.7,1.45
1,235.13580246913577,1.880800501064018,38.46,26.96,1.51
0,267.70833333333326,2.111834478875001,0.3,0.28,0.01
1,263.796875,6.17287115752697,39.89,27.7,1.44
1,229.875,1.562407171353698,37.94,27.43,1.51
1,240.97222222222223,2.54715445306566,35.77,25.21,1.53
1,268.30555555555554,3.225603515075313,32.9,30.63,1.5
1,252.453125,2.924085187725723,35.59,26.73,1.47
1,233.48148148148147,2.145031087192488,40.91,24.66,1.51
0,252.51388888888889,3.685992117557261,57.07,18.39,1.5
1,245.51388888888889,2.413313744796647,38.93,27.89,1.49
1,258.43055555555554,3.096315598322286,38.42,29.25,1.46
1,244.0555555555556,1.733773745596409,38.64,26.57,1.5
1,229.59259259259252,1.895899044142829,38.79,26.45,1.51
0,243.25,1.938177043572068,12.55,7.77,0.49
1,264.52777777777777,2.16177249699831,34.55,30.71,1.51
1,266.0740740740741,6.329347903345838,37.81,25.51,1.46
1,228.875,1.766652656719089,39.16,26.05,1.51
1,257.046875,3.986543188802898,37.2,31.1,1.5
1,231.46875,1.644426393322647,35.7,27.88,1.49
1,263.15277777777777,2.294919187823931,30.11,33.77,1.5
0,247.0,3.280777066014707,31.03,20.44,1.23
1,268.59722222222223,2.564196665253904,33.87,30.59,1.52
1,245.921875,4.123258027647223,36.29,28.92,1.51
0,243.875,2.510607553645968,39.18,29.15,1.49
0,242.46875,3.966519056819379,0.0,0.0,0.0
1,232.203125,1.921099084429443,37.94,27.22,1.51
1,227.90277777777777,2.418506686886152,32.21,21.89,1.26
1,258.125,3.712728897109628,40.35,30.04,1.51
1,237.23611111111111,1.647668226725525,39.85,26.55,1.5
1,252.40625,4.080405932851136,35.58,29.72,1.49
0,257.0,2.673540633585718,26.73,24.1,1.2
1,253.34722222222223,3.436349237130748,35.25,26.26,1.47
1,237.02469135802468,1.565241827641005,37.82,24.29,1.51
1,237.13888888888889,1.738983364568816,38.46,26.12,1.49
1,230.13888888888889,1.679805008073648,37.43,27.36,1.52
1,262.484375,2.333766679279506,36.1,30.43,1.53
0,250.671875,2.802435817196965,42.43,25.86,1.47
1,265.94444444444446,2.819387624661128,27.97,34.37,1.51
1,234.1875,2.309611484408379,40.21,26.53,1.52
1,243.06944444444443,2.905638251867559,37.31,27.78,1.51
1,254.91666666666663,4.543646490408316,29.52,32.08,1.46
1,249.4197530864197,2.728639761606852,39.08,29.35,1.53
1,267.83333333333326,2.239617516597112,37.46,32.03,1.5
1,237.90625,1.928144902922213,37.44,27.36,1.47
1,260.546875,3.311693207360804,38.46,27.65,1.5
1,252.078125,4.039674213156104,34.32,29.7,1.47
1,261.65277777777777,5.748516329460674,35.97,30.27,1.51
1,252.0625,4.09629475697875,38.9,30.03,1.5
1,256.078125,3.505576573312283,40.15,27.79,1.52
0,251.23611111111111,2.408415209915903,28.84,26.55,1.43
1,252.859375,2.160403611138463,31.96,30.01,1.47
1,235.94444444444443,2.528523705071873,39.77,25.17,1.5
1,260.625,2.903599061899715,41.02,26.71,1.52
1,255.84375,2.126550599001348,40.03,28.62,1.49
1,236.52777777777777,2.98225644396411,38.22,26.63,1.54
0,236.86111111111111,4.412511564791205,7.36,4.93,0.27
1,264.015625,2.112818822264671,33.66,29.95,1.51
1,234.8125,2.811697614379227,38.2,28.15,1.51
1,240.46875,2.241896534338593,33.73,31.73,1.48
1,227.265625,2.047193932347,36.78,25.9,1.51
1,246.125,2.004371341317892,37.38,26.97,1.51
1,234.890625,2.00365088135004,36.18,27.53,1.5
1,235.3125,1.859798169694841,41.54,25.62,1.49
1,243.04938271604945,2.7932548581818,37.83,29.14,1.51
0,169.70833333333334,1.642774672806263,38.96,26.5,1.51
1,262.88888888888886,2.562322412927946,30.63,33.78,1.5
0,245.796875,2.305874073877931,41.49,24.2,1.51
1,216.984375,2.188921600580215,44.18,25.88,1.48
1,248.40277777777777,3.428510731293096,39.6,28.24,1.48
1,238.77777777777777,1.805467450784312,39.29,26.13,1.49
1,249.65277777777777,3.845246592329608,40.58,25.69,1.53
1,256.84722222222223,3.34106604837709,29.6,32.45,1.46
1,230.75,1.515604893676937,40.16,25.3,1.53
1,236.6049382716049,2.977559896162998,36.41,27.0,1.46
1,261.921875,4.579985758289696,31.4,31.49,1.46
1,263.21875,3.963446890935302,38.38,28.27,1.48
1,255.78125,3.506893606856465,33.19,28.3,1.45
0,243.375,3.503379354046451,29.75,24.62,1.25
0,249.90625,3.49139061011374,0.0,0.0,0.0
1,241.52777777777777,1.585691562129392,37.66,29.48,1.5
1,231.4583333333333,2.10678279813793,38.98,26.71,1.51
0,244.078125,1.677352286875248,5.89,3.98,0.24
1,238.578125,2.296794516965747,32.66,29.16,1.49
0,268.59375,2.137992305833785,0.75,0.54,0.03
1,244.44444444444443,2.941711357346287,35.49,28.18,1.52
1,262.25,4.990203539530436,32.25,28.45,1.5
1,250.0625,3.772996711544693,35.15,28.71,1.47
1,236.828125,2.314283818006516,32.95,22.04,1.27
1,265.7407407407408,1.791844030221303,35.6,30.74,1.5
1,232.84722222222223,1.91672229518493,37.8,26.36,1.54
0,249.19444444444443,3.446735676791933,32.8,31.47,1.47
0,253.375,2.530859529972076,40.18,26.75,1.48
1,269.2916666666667,2.310757040977478,32.47,31.46,1.47
1,246.484375,2.780672768130898,35.52,30.15,1.54
1,228.4305555555556,2.114422825475534,39.35,25.64,1.5
1,252.75,2.284284276887774,31.93,26.12,1.45
1,247.69444444444443,1.791431093381511,38.8,26.8,1.5
0,253.125,10.22099731117487,39.13,29.08,1.51
0,238.09722222222223,2.403564177453518,40.17,26.97,1.47
1,258.06944444444446,3.464434602194362,38.16,29.57,1.48
1,254.4074074074074,4.018548309803009,35.71,29.96,1.48
1,259.59375,2.994410394690931,39.45,28.29,1.49
1,260.375,3.4583795145154,40.48,30.02,1.49
1,260.3125,1.787988934665918,40.57,27.27,1.48
1,236.15277777777777,2.639235116541386,39.0,26.13,1.51
1,236.640625,2.569688131101429,35.44,24.85,1.47
1,231.3055555555556,1.757154346340232,30.79,18.32,1.06
1,234.56944444444443,2.272500645783213,40.97,24.55,1.52
1,232.421875,2.094299502670765,38.06,25.71,1.51
1,260.59375,3.23104230966419,31.61,31.49,1.46
0,229.1805555555556,2.730888434582286,39.81,24.92,1.53
1,229.890625,1.763213629834354,38.98,25.53,1.53
1,254.04166666666663,3.240320994622178,32.82,29.86,1.46
1,253.84722222222223,3.590258224970765,30.09,33.07,1.47
1,247.76388888888889,3.133447397086355,31.61,32.47,1.47
1,261.38888888888886,3.978722511894173,37.23,29.83,1.53
1,237.59375,1.956689970567822,37.75,29.47,1.5
1,223.375,3.082479218952358,37.77,25.16,1.51
1,245.84722222222223,1.978518347773287,37.8,30.13,1.5
0,253.25,3.213910864666104,0.0,0.0,0.0
1,237.765625,2.291904700919986,37.16,25.5,1.54
1,227.56944444444443,2.255644251902898,38.61,25.54,1.52
1,258.84375,1.357821805402637,37.1,29.71,1.49
1,249.953125,4.030268577858806,38.74,29.32,1.51
1,247.34722222222223,2.813305215703116,34.47,29.73,1.51
1,243.86111111111111,1.739589887360732,27.48,18.57,1.13
1,254.671875,2.368914731778204,38.1,30.89,1.49
1,241.40625,1.814131411723793,35.82,27.86,1.5
1,228.359375,1.463005868718028,38.06,26.85,1.51
1,237.125,3.427802411839366,36.62,21.22,1.29
1,242.65625,3.314185257069767,35.58,27.87,1.47
1,248.95061728395052,3.410118404729867,34.13,30.33,1.51
1,223.12345679012347,1.97556871249352,37.62,24.08,1.51
1,268.55555555555554,2.056925593150987,34.23,29.97,1.5
1,265.02777777777777,2.219668848647012,33.29,29.87,1.5
1,228.078125,1.30808178987354,0.0,0.0,0.0
1,231.109375,1.952534412965178,38.55,25.62,1.52
0,260.828125,2.535263862460852,40.2,29.11,1.49
1,233.703125,2.183975084684789,39.46,25.84,1.54
1,228.375,1.905265422330962,36.84,26.8,1.51
1,253.88888888888889,3.958312181962861,39.44,25.51,1.49
1,230.921875,1.373892652802169,39.95,26.66,1.52
1,226.6875,2.358803808689117,38.3,27.62,1.54
0,238.88888888888889,2.141626015305519,37.68,28.02,1.49
1,237.34722222222223,2.521139513287279,37.8,25.52,1.53
1,246.625,4.092310727573931,39.1,26.54,1.55
1,254.96875,2.169038678519428,34.78,28.42,1.48
0,165.5,4.705744832754136,32.54,31.86,1.46
0,229.88888888888889,2.518934807843632,42.0,25.5,1.51
1,246.04938271604945,3.98554915189743,38.67,28.55,1.48
1,263.27777777777777,3.638270634743902,36.77,29.12,1.54
1,253.5,4.130134023725986,35.36,27.6,1.47
1,260.09722222222223,3.533666575948397,37.97,30.14,1.49
1,244.453125,2.320434274151921,38.91,29.59,1.44
1,221.48148148148147,1.659197875011114,39.62,25.27,1.5
0,248.375,4.217846903536055,0.0,0.0,0.0
1,228.1805555555556,1.721121113333437,38.88,25.65,1.52
0,243.2716049382716,2.135831503956406,42.54,25.12,1.5
1,255.8055555555556,2.358840370343791,34.72,28.41,1.49
1,233.2083333333333,1.677137940294213,43.37,25.62,1.51
1,249.890625,2.65684671420604,38.11,25.87,1.47
1,227.3125,1.369961014017463,38.25,28.38,1.52
1,252.9375,3.465180300176144,33.94,27.33,1.46
1,255.8148148148148,1.674226509200202,34.33,29.25,1.48
0,237.1875,3.219708311371505,38.44,26.81,1.47
1,232.41666666666663,1.677551777826415,37.73,26.37,1.52
1,258.1111111111111,2.143744210402171,35.76,29.72,1.5
1,252.015625,2.587775299325585,36.41,29.66,1.5
1,228.0,1.924652316607535,38.54,26.99,1.53
1,267.80555555555554,2.124681257539325,34.97,30.3,1.52
1,254.53125,1.91572436131537,33.62,30.12,1.46
1,249.5833333333333,3.371308870613575,36.5,26.47,1.48
1,250.0625,2.365132090635598,40.84,26.08,1.49
0,228.59375,1.857023890130222,26.63,17.6,1.03
1,231.953125,2.132577069103718,39.44,26.39,1.5
0,250.53125,2.675984896719456,0.0,0.0,0.0
1,251.703125,4.247954534366727,38.39,30.0,1.51
1,258.84722222222223,1.940404974752002,40.94,28.43,1.49
1,252.65277777777777,2.080113972226779,40.23,26.87,1.49
1,248.671875,2.142714041285217,39.7,26.9,1.5
1,265.30555555555554,1.826002710395389,32.57,34.84,1.51
1,235.26388888888889,2.102555694679419,39.34,25.31,1.55
1,231.21875,1.976837752386928,37.31,27.09,1.52
1,235.109375,1.635982225649059,38.57,25.92,1.5
1,241.3125,2.473160045221448,38.37,27.24,1.54
1,242.90625,2.253429570235312,38.43,25.8,1.56
0,242.5625,2.255183178931475,36.28,26.46,1.51
1,233.94444444444443,1.883433708714114,37.91,25.74,1.5
1,230.38888888888889,1.876881365974744,36.42,28.11,1.49
1,234.5432098765432,2.899391873383228,42.05,25.43,1.38
1,261.69444444444446,2.049880348145962,33.74,30.21,1.51
0,251.50617283950612,4.587738266697636,39.37,27.93,1.51
0,238.59722222222223,2.92883026599884,37.9,19.52,1.24
0,157.25925925925927,4.725854754447938,10.06,6.2,0.36
0,248.5833333333333,2.147572239240011,41.58,28.96,1.47
0,243.5432098765432,2.30195528563158,0.2,0.14,0.01
1,260.265625,4.15361858997494,37.97,28.84,1.51
1,229.734375,1.655507958494127,39.56,26.51,1.54
1,266.08333333333326,2.336234926349587,36.45,28.85,1.5
1,248.16666666666663,2.998487936953703,38.71,29.92,1.49
1,233.79012345679007,1.633894987312364,37.94,25.99,1.52
1,241.8055555555556,2.054784566164017,40.05,26.79,1.52
1,252.125,3.607941743400362,30.1,33.19,1.47
0,248.3055555555556,2.133667992220984,41.8,29.12,1.47
0,238.59375,4.85238566622138,45.07,25.75,1.53
1,263.20833333333326,3.713669884536001,35.69,26.99,1.48
1,241.75,1.905847710557282,37.35,28.14,1.54
1,235.25,2.605888310878996,37.23,27.02,1.51
1,260.48148148148147,4.331120066436722,41.19,28.96,1.48
1,231.875,1.922516969963908,38.78,25.73,1.51
1,234.25,2.140113044530153,38.94,25.21,1.54
1,231.078125,2.50307769048959,38.62,27.45,1.49
1,229.0617283950617,2.090748953966447,36.78,26.89,1.53
1,254.125,1.961111021538575,36.08,28.2,1.47
1,231.265625,1.993680976331234,36.22,27.25,1.53
1,261.6111111111111,2.295958911379179,36.81,29.48,1.52
1,223.3125,1.875594637356699,37.73,25.04,1.51
1,234.20987654320996,1.807031104594101,39.33,25.69,1.52
1,256.765625,2.027158940210938,41.99,26.58,1.51
1,236.81944444444443,1.915830288496282,35.86,29.27,1.5
1,244.11111111111111,1.806256408492724,39.15,24.84,1.53
1,256.984375,3.708729792386293,33.61,29.27,1.46
1,250.0555555555556,2.686948104037179,36.67,27.67,1.5
1,261.625,3.198602710850537,37.07,30.85,1.53
1,247.23611111111111,1.8594598190652,38.21,31.71,1.5
0,230.890625,2.442330381833017,38.2,25.87,1.53
1,263.0,3.505943943228987,36.09,28.83,1.47
1,266.19444444444446,2.104150902065966,30.6,35.21,1.48
1,254.484375,3.50730346236378,34.48,27.27,1.47
1,236.640625,1.772502489387989,35.87,29.58,1.5
1,248.921875,6.525311154313386,39.19,28.45,1.48
1,261.046875,3.624316578730941,38.64,26.76,1.49
1,245.296875,2.667418803088367,36.49,30.19,1.49
1,246.679012345679,4.151547376020455,36.38,28.77,1.51
1,254.046875,2.293537439778447,34.24,32.97,1.49
0,255.4583333333333,3.614331755373213,40.98,24.58,1.52
1,229.59722222222223,1.854952621791098,38.53,26.23,1.52
1,234.3125,2.246871819719672,36.79,24.96,1.52
1,249.1851851851852,3.97556158716296,40.9,24.93,1.48
1,255.0617283950617,3.878687839449188,36.92,24.35,1.47
1,248.9375,3.933815290220082,39.12,24.54,1.51
1,255.4375,2.381945533677936,35.16,28.25,1.49
0,238.15277777777777,2.734113053315216,30.32,18.05,1.05
1,263.60493827160496,2.672951768209905,34.15,33.01,1.52
1,265.4375,2.189042528159916,34.98,31.2,1.5
0,256.06944444444446,6.483946084148354,1.07,0.62,0.04
1,244.91666666666663,3.0064269627134,37.14,28.58,1.53
1,249.97222222222223,3.787592323289977,37.64,25.78,1.49
1,264.44444444444446,2.451030909187264,31.31,30.56,1.48
1,153.83333333333334,2.060604521008425,37.95,27.95,1.5
1,257.40625,3.884524592198431,34.17,29.23,1.48
1,224.28125,2.392462398856878,38.47,24.35,1.5
1,250.15277777777777,4.952183704409334,40.03,28.42,1.47
1,233.375,2.909712284803391,39.72,27.12,1.53
1,255.5833333333333,1.912989704145326,34.23,32.45,1.48
1,249.36111111111111,3.02174054334561,38.96,25.52,1.49
1,267.38888888888886,1.904737523032559,34.32,29.71,1.51
1,255.859375,2.06736530829221,36.02,29.32,1.48
0,246.26388888888889,2.223396036359999,16.47,12.56,0.69
1,234.04938271604945,1.344203857727993,37.3,26.8,1.52
1,242.13888888888889,2.254866086774402,36.26,25.11,1.53
1,257.31944444444446,3.31579736702972,34.39,29.86,1.46
0,249.58024691358025,3.368580381811401,41.22,26.93,1.47
1,232.7083333333333,1.471856566766898,38.57,25.52,1.51
1,227.79166666666663,2.217654489808612,36.42,27.47,1.47
1,228.25,1.437814610699813,40.33,25.84,1.51
1,232.40625,1.752461966127157,41.05,25.08,1.49
1,229.51388888888889,2.028568056722482,37.23,28.4,1.5
1,241.1805555555556,3.528298448357317,36.58,30.87,1.51
1,174.17283950617283,1.938940085470676,37.44,26.88,1.51
1,236.65625,2.131371261551976,38.98,25.02,1.51
1,230.15625,1.702898433431983,37.54,27.69,1.51
1,235.078125,1.772989737801254,38.17,25.85,1.53
1,233.23611111111111,2.228723843892416,39.59,26.82,1.54
0,229.625,1.896040972322226,37.45,27.5,1.51
1,238.859375,1.899764394387603,34.37,31.35,1.49
1,193.828125,2.074764839410782,37.72,25.27,1.51
1,251.796875,4.18021917808801,40.46,28.81,1.52
1,253.453125,1.954098987393081,34.63,30.4,1.46
1,250.875,2.555402812030581,32.16,31.51,1.47
1,263.60493827160496,2.375592898439478,31.78,32.13,1.49
0,243.90625,3.780708626843989,0.0,0.0,0.0
1,220.36111111111111,0.992319193151262,8.65,6.07,0.33
1,236.71604938271605,3.111309054457111,34.9,26.05,1.49
1,239.8055555555556,1.687303941282961,21.95,15.58,0.84
1,227.641975308642,2.113363240971977,35.64,28.69,1.51
0,256.45833333333326,5.41348080833753,41.0,26.61,1.55
1,250.21875,2.467965480871499,40.21,26.56,1.49
1,242.77777777777777,1.73562125944429,40.26,26.25,1.52
1,231.9375,2.149855809286237,40.23,26.61,1.53
1,226.49382716049385,1.731957366437088,38.21,26.39,1.53
1,248.7407407407408,4.570544749866298,24.17,18.5,0.97
1,247.65625,1.570295041427016,39.2,28.75,1.51
1,234.0625,2.275040801614523,38.33,26.89,1.52
0,266.7361111111111,2.466641624768575,0.0,0.0,0.0
0,264.56944444444446,2.904541235003206,36.68,25.92,1.49
1,254.0987654320988,1.981162306703167,33.17,31.7,1.47
1,253.3125,2.897681851871312,40.62,25.38,1.5
1,225.94444444444443,1.558149634136094,37.14,25.36,1.5
1,248.296875,3.93841144349426,38.81,27.48,1.48
1,225.03125,2.052057006902862,37.35,27.04,1.49
1,227.22222222222223,2.668183084163401,35.97,25.13,1.46
0,266.01388888888886,2.033450131615003,22.68,18.75,0.92
1,257.08333333333326,3.338480569422245,37.1,32.58,1.5
1,264.02777777777777,3.795335924459828,31.41,30.39,1.46
0,260.125,5.051462650299072,31.13,28.91,1.45
1,250.66666666666663,2.549411891235246,33.95,28.97,1.51
1,250.3125,1.718083860352635,37.1,27.68,1.53
1,260.70833333333326,2.184727810323238,38.57,31.08,1.49
1,231.36111111111111,3.164794591565927,37.11,27.55,1.52
0,238.890625,1.640003550797701,0.66,0.48,0.03
1,254.484375,4.760015910491348,41.03,25.3,1.51
0,240.234375,2.538812646642327,35.87,27.96,1.49
0,245.15625,2.348245342262089,37.91,27.86,1.45
1,233.66666666666663,1.803818848397997,37.69,26.5,1.49
1,230.859375,1.877214868552983,38.55,25.34,1.53
1,244.21875,4.336041938513519,37.5,25.84,1.45
1,230.921875,1.986929262988269,37.23,27.6,1.53
1,232.484375,2.562501366250217,27.88,19.67,1.14
0,229.66666666666663,2.013832494616508,37.34,25.72,1.51
1,254.69444444444443,3.086225078337722,30.32,33.14,1.46
0,269.9166666666667,2.26351783838537,31.79,31.27,1.5
0,270.875,5.167093333788216,38.91,29.03,1.45
1,228.578125,2.157965380698442,38.48,27.28,1.54
1,253.6296296296296,2.460473379971069,29.96,20.74,1.17
1,241.5,2.61977327035533,34.96,30.09,1.47
1,231.140625,2.756586397066712,22.02,13.69,0.82
1,248.4197530864197,2.482322750268159,34.87,29.84,1.5
0,227.11111111111111,1.372890674405628,39.2,25.51,1.5
1,258.4861111111111,4.348808453314835,35.19,27.89,1.48
1,235.22222222222223,2.228400520980358,37.69,25.5,1.52
1,232.36111111111111,1.937948622637325,38.17,25.16,1.5
1,240.0987654320988,2.201828819734079,38.32,28.07,1.54
1,231.48611111111111,1.476252190768719,40.1,25.54,1.52
1,260.04938271604937,3.547808146771089,37.69,29.43,1.51
0,241.48611111111111,2.09203010218011,0.0,0.0,0.0
1,231.5833333333333,2.018272058831321,37.49,26.95,1.54
1,254.265625,1.933177499100566,35.84,30.96,1.49
1,248.984375,1.919510648585856,34.95,28.81,1.49
0,253.90277777777777,2.327743695841895,0.0,0.0,0.0
0,252.546875,5.20639202091843,0.0,0.0,0.0
1,233.875,1.654656761325896,40.72,24.59,1.51
1,238.875,2.044649234041572,38.51,27.65,1.5
1,244.76388888888889,2.552253795994653,36.59,28.34,1.53
1,251.796875,3.810814105905592,37.24,28.64,1.49
0,250.328125,2.653123873285949,0.0,0.0,0.0
1,239.421875,1.49888451769948,38.53,26.2,1.52
1,260.3125,3.486222604289651,38.3,25.12,1.46
1,239.04166666666663,2.046381006638209,38.35,27.74,1.49
1,235.2083333333333,1.906305231153965,36.99,25.7,1.52
1,261.6875,5.64151960797608,31.88,31.18,1.48
1,248.40277777777777,2.589028428826067,39.74,28.19,1.5
0,244.875,2.441432753577828,39.77,27.18,1.53
1,262.68055555555554,3.24679911798901,37.72,29.43,1.51
0,245.94444444444443,2.522265291048421,37.55,22.58,1.43
1,253.25,3.995557771064341,32.28,29.88,1.48
0,256.94444444444446,3.583881655500995,36.95,31.27,1.5
1,242.625,3.104468404418892,34.16,28.31,1.52
1,243.296875,2.256594897247851,37.3,29.44,1.5
1,237.09722222222223,1.969223338696692,39.3,25.84,1.49
1,260.05555555555554,2.725862892965476,38.49,27.25,1.47
0,238.13888888888889,2.004326719376776,13.02,8.05,0.44
1,239.93827160493828,1.561944573749731,38.54,27.72,1.53
1,243.9583333333333,2.897635368009408,38.21,26.77,1.5
1,237.640625,1.853108297102153,40.52,25.66,1.5
1,226.390625,2.19489873200655,36.99,25.48,1.51
1,240.26388888888889,2.068301191760434,37.23,27.6,1.55
1,257.921875,3.351821502670646,37.05,23.93,1.47
1,246.375,2.880085052715407,35.74,27.73,1.5
1,242.09722222222223,1.793459100855721,38.92,26.79,1.53
0,270.65625,4.311668761074543,38.93,28.87,1.44
1,234.0833333333333,2.551327608525753,37.09,26.47,1.52
0,243.703125,1.156410871073604,5.65,3.99,0.23
1,240.5,3.673770057968795,36.94,29.14,1.48
1,238.91666666666663,1.881119173434046,38.82,27.83,1.5
0,235.609375,4.987704067490996,35.02,24.04,1.29
1,235.58024691358025,2.172111393492899,36.97,27.49,1.51
1,246.6805555555556,2.516664244234562,35.17,27.57,1.49
1,249.86111111111111,3.526970917979876,38.47,26.94,1.48
1,232.0,1.55076601990947,37.1,27.0,1.5
1,260.015625,2.847394967451692,39.09,28.96,1.49
1,247.27777777777777,4.418249984582265,36.15,29.32,1.48
0,238.22222222222223,2.044463697406981,0.0,0.0,0.0
1,167.65277777777777,4.299157354392503,33.14,31.02,1.52
1,258.65277777777777,1.995345664521058,36.72,28.91,1.52
1,268.26388888888886,1.98008060372538,34.09,31.34,1.49
1,236.1805555555556,1.975212285088168,38.44,29.41,1.5
0,264.796875,2.680163741111755,36.06,29.68,1.45
1,235.515625,1.811014462262392,38.04,25.87,1.5
1,231.7083333333333,1.914824186927742,37.51,26.01,1.52
1,265.30864197530866,1.971854933250098,32.64,34.57,1.51
1,260.984375,2.676905563101172,33.24,27.99,1.45
1,250.34375,2.005315635353327,39.46,27.04,1.48
1,238.515625,2.304767060093582,39.22,26.73,1.51
1,242.47222222222223,4.778855403264364,39.52,26.08,1.44
1,258.58333333333326,4.228999469015333,39.94,27.65,1.54
1,231.96296296296296,1.99857176012463,36.77,28.17,1.52
1,246.1875,2.644961263053119,37.55,27.67,1.49
1,233.796875,2.199725446291268,38.68,24.8,1.54
0,265.25,2.604161179727978,32.68,30.57,1.49
1,249.859375,2.992388636805117,39.35,29.35,1.5
1,245.98611111111111,2.320610931350125,35.37,30.8,1.51
1,249.2083333333333,3.054821636113855,37.29,28.61,1.48
1,261.671875,3.780655464157462,35.15,30.38,1.53
1,255.5555555555556,3.569954327411122,37.65,29.13,1.5
1,241.41666666666663,1.728414939509498,36.47,26.69,1.5
1,241.03125,2.943102809600532,34.78,29.98,1.48
1,238.09722222222223,2.077391636868318,38.06,27.98,1.5
1,223.78125,2.046147238463163,38.73,26.97,1.5
1,235.98611111111111,2.481468555827936,34.76,24.78,1.47
0,249.1805555555556,4.344772186544207,37.09,28.07,1.4
1,223.58024691358025,1.544295670073709,36.63,25.13,1.51
1,229.640625,2.453240339644253,37.82,26.57,1.51
1,250.88888888888889,3.077137850684884,36.75,26.55,1.47
1,263.375,2.106853187084198,20.39,18.59,0.9
1,250.3827160493827,2.148641664304851,38.13,25.85,1.49
0,239.4567901234568,2.078973252096294,39.76,26.49,1.5
1,227.16666666666663,2.381121003793345,37.43,28.04,1.51
0,251.48611111111111,2.648509629898601,0.0,0.0,0.0
1,229.609375,2.661903054453433,36.96,26.05,1.51
1,254.484375,2.970354087650776,31.88,29.72,1.47
1,256.125,3.213997662998736,37.84,30.77,1.51
0,239.625,4.081201771067249,10.39,3.44,0.28
1,232.734375,1.905165149830282,40.86,25.84,1.51
1,247.41666666666663,3.502459363804923,37.37,29.17,1.48
1,235.71875,1.986010725609958,39.04,26.26,1.5
1,251.77777777777777,1.930343742999766,38.14,25.95,1.47
0,261.671875,5.25537251494825,37.27,30.0,1.53
1,252.3125,1.755223012529314,34.55,28.66,1.46
1,246.84722222222223,2.562192142837577,36.45,27.24,1.52
1,268.72222222222223,2.246160576740901,34.3,31.13,1.49
1,246.31944444444443,3.560290103157361,36.23,27.34,1.52
0,250.8125,5.711561096832156,49.75,22.86,1.5
0,253.203125,5.149782435037196,0.0,0.0,0.0
1,255.6805555555556,3.051134190625615,31.34,30.23,1.47
1,253.38888888888889,2.098498005006048,35.77,30.31,1.49
1,255.984375,3.12380756624043,31.11,33.69,1.46
1,240.8125,2.22819160670042,38.88,27.58,1.5
1,230.40625,2.113903787918389,39.37,26.5,1.53
0,237.3055555555556,2.508627051280604,41.51,26.17,1.49
1,229.56944444444443,1.907594099640846,38.14,27.36,1.51
0,239.26388888888889,3.443039765788449,11.35,7.05,0.39
1,232.765625,1.969984237104654,37.91,27.75,1.51
1,231.34375,1.941618121229112,37.86,29.04,1.51
0,250.53125,3.68366389349103,25.77,13.09,0.87
1,255.046875,1.62120484188199,33.06,30.01,1.47
0,265.515625,5.570454210042954,3.04,2.38,0.13
1,255.734375,4.689162630587816,33.37,29.35,1.45
1,230.78125,1.799316474236548,38.77,29.24,1.52
1,232.125,2.685955179855227,38.7,27.43,1.49
1,236.90625,1.750492504797876,37.52,30.52,1.51
0,244.375,2.715110032819211,37.75,25.86,1.48
0,253.52777777777777,4.396367909179795,37.42,29.19,1.52
1,232.08641975308643,1.581004167044604,38.9,25.56,1.51
1,258.51388888888886,1.938155672616429,37.79,27.53,1.51
1,231.5555555555556,1.992113014062246,38.49,27.25,1.5
1,243.953125,2.745972038246691,36.36,28.63,1.52
0,245.0,2.256192252039909,38.32,26.05,1.55
1,254.47222222222223,1.912750141488181,35.61,28.44,1.46
1,258.9166666666667,2.348233591351244,38.59,28.65,1.49
1,266.69444444444446,2.29527143885692,35.3,30.36,1.49
1,244.04166666666663,2.341181536515554,36.65,26.5,1.45
1,251.11111111111111,3.498006296654542,39.18,29.04,1.49
1,234.11111111111111,1.674098949465487,40.4,27.04,1.48
1,244.4305555555556,2.987972840666771,37.74,27.27,1.48
1,251.359375,2.096341460011899,36.24,26.37,1.49
1,232.546875,2.106453735381365,37.06,27.37,1.54
1,229.72222222222223,1.813188542094496,36.59,25.93,1.51
1,234.546875,2.506058304570615,31.19,20.13,1.15
1,234.52777777777777,2.264587551355362,37.56,26.33,1.52
1,258.546875,3.586481970734894,39.12,28.74,1.49
1,262.03125,1.837326005101204,37.22,28.82,1.45
0,252.5308641975309,1.880535044787843,36.64,29.73,1.51
1,232.98611111111111,1.480283635358016,38.12,26.38,1.48
0,250.1805555555556,5.3238988187578,0.0,0.0,0.0
1,235.59722222222223,1.779469882448514,37.36,26.52,1.51
1,241.4375,2.422275742515922,36.5,27.84,1.51
1,249.8395061728395,2.552767019212982,41.34,25.17,1.52
0,238.48611111111111,3.453319645590252,24.47,16.7,0.9
0,234.2962962962964,2.820943833133321,38.11,26.49,1.51
0,245.91666666666663,3.531544664667712,35.5,27.35,1.52
1,258.90277777777777,3.859213698241446,39.8,27.19,1.5
0,250.3333333333333,3.419439613083262,36.43,26.12,1.48
1,237.171875,2.120240560732782,38.48,27.19,1.51
1,227.15277777777777,1.876473890410529,39.04,27.22,1.51
0,251.77777777777777,2.26221098796821,35.52,26.3,1.46
1,268.28125,2.383407928980887,28.9,34.23,1.47
1,242.875,3.12121536831061,36.32,28.88,1.49
0,259.125,5.09207768075996,26.82,31.03,1.4
1,264.22222222222223,2.255918129450745,33.48,31.14,1.53
0,251.84722222222223,5.708702973193592,0.0,0.0,0.0
1,256.88888888888886,3.099968265328142,42.72,27.08,1.46
1,259.375,3.488429019020663,37.18,29.83,1.51
1,248.8125,2.422375295311213,41.87,29.0,1.5
1,261.39506172839504,1.744012895925545,37.22,27.83,1.46
1,263.96875,2.079134683124721,36.01,29.56,1.51
1,230.515625,2.437664017081261,39.16,27.71,1.52
0,231.86111111111111,2.192758857376046,42.87,26.56,1.43
0,246.56944444444443,1.490038443770674,38.19,29.07,1.54
0,263.28125,6.270050071179868,34.79,28.87,1.46
0,267.65625,4.464560552500189,38.42,28.38,1.46
1,234.125,2.241101724095643,39.0,25.61,1.51
1,251.265625,4.931690841913224,38.66,28.27,1.48
1,255.34722222222223,4.776360029975574,37.55,30.89,1.49
1,265.265625,3.481773225590587,30.5,32.75,1.49
1,252.66666666666663,3.196843849288093,37.18,27.21,1.47
1,226.75,2.193481094203889,38.88,26.59,1.52
1,253.59375,2.756296916864812,35.26,27.27,1.47
1,256.390625,2.311101795174181,38.75,26.37,1.47
1,254.13888888888889,4.725468491514524,32.14,29.06,1.46
1,253.06944444444443,2.499194869564639,36.65,28.65,1.49
1,250.69135802469137,4.249349492567557,29.49,28.12,1.49
1,235.875,2.154143912096818,35.25,26.29,1.49
1,235.40277777777777,2.483667376140753,38.19,25.95,1.49
1,251.19444444444443,1.825715902778837,36.38,26.59,1.49
1,263.265625,2.197146932594478,34.83,30.76,1.5
0,227.5833333333333,1.346949371198813,38.92,26.63,1.51
1,236.7407407407408,1.949924795715897,36.97,27.03,1.51
0,227.26388888888889,2.21428439931737,15.72,10.35,0.56
1,262.63888888888886,5.178683996200562,29.3,31.18,1.46
0,250.40625,6.238548059016466,0.0,0.0,0.0
1,256.03125,4.315084371715784,33.47,29.7,1.46
1,262.484375,2.856111885979772,38.23,27.27,1.5
0,248.453125,9.209676060825586,0.0,0.0,0.0
1,227.06944444444443,1.534034258789486,39.76,26.79,1.5
1,245.9753086419753,2.168220122655233,38.81,28.97,1.44
1,265.39506172839504,5.843702336152394,33.26,27.65,1.47
0,221.0,1.390416856855154,4.25,3.15,0.17
1,241.203125,2.294306862168014,35.86,25.78,1.49
1,255.84375,3.431985754519701,30.28,30.89,1.45
0,251.34375,4.212168840691448,38.73,27.39,1.5
1,229.11111111111111,2.319883437068374,37.7,29.98,1.51
1,256.0,3.807887474695841,41.9,27.37,1.5
1,266.3703703703704,2.655948849371922,31.14,34.85,1.5
1,228.5,1.551933479805787,40.61,25.49,1.51
1,235.02469135802468,1.743408379731355,38.94,24.76,1.54
1,239.296875,3.59045026730746,36.14,24.99,1.52
1,241.47222222222223,3.251714323129919,36.6,31.07,1.5
1,222.28395061728395,1.678886667445854,37.25,24.36,1.51
1,256.78125,3.087257890962064,28.4,33.45,1.45
1,251.765625,2.434539206326008,37.05,26.81,1.5
1,256.625,4.303859611973166,29.9,32.73,1.46
1,265.09375,2.559811533428729,35.07,29.39,1.53
1,230.72222222222223,1.671213056478235,38.85,25.36,1.5
1,228.8125,1.962830332107842,37.97,26.67,1.5
1,242.06944444444443,3.247755691409111,36.11,28.83,1.5
1,255.41666666666663,2.817677185767227,30.18,32.99,1.46
1,245.6805555555556,2.235566340386868,38.5,27.45,1.53
1,257.375,3.523767909966409,33.38,28.29,1.46
1,229.90625,2.11505729239434,39.14,28.68,1.52
1,230.84375,1.758937413804233,39.05,25.28,1.53
1,268.5679012345679,2.469816589061125,32.97,29.99,1.49
1,227.65277777777777,1.383680132528146,38.09,25.73,1.52
1,231.3333333333333,2.287507711185349,35.82,29.33,1.51
1,258.296875,1.261525606736541,36.77,29.62,1.54
1,250.56944444444443,3.865992863972982,41.42,25.0,1.52
1,237.31944444444443,2.130025242765745,36.86,29.13,1.5
0,201.72222222222223,2.557057950645685,2.14,1.74,0.09
1,226.79166666666663,1.863042175769806,39.0,28.05,1.51
1,241.9375,1.915508593432605,36.71,28.95,1.51
1,246.13888888888889,4.926541896329986,34.19,29.24,1.47
1,251.25,2.602602800354362,36.98,25.65,1.49
0,250.69444444444443,4.757957148883078,28.35,21.48,1.12
1,235.71604938271605,2.061427290056959,37.02,26.36,1.5
1,240.09722222222223,1.586803469392988,36.44,25.74,1.52
1,248.96875,2.126959417946637,35.73,27.13,1.49
0,230.3125,1.387064930051565,2.49,1.76,0.1
0,235.86111111111111,1.248376440670755,37.81,26.29,1.48
0,258.4691358024691,8.53484031006142,0.0,0.0,0.0
1,258.875,3.574758473783731,28.19,32.54,1.45
1,252.19753086419752,3.312851627667745,37.36,28.45,1.47
1,149.08333333333334,1.306277342464613,39.98,26.07,1.52
1,262.09375,1.524475933983922,35.2,29.1,1.49
0,232.48148148148147,3.145163852491497,38.44,25.7,1.53
0,239.5,3.139391400747829,36.34,24.0,1.33
1,228.77777777777777,1.569059434864256,36.99,27.0,1.51
1,258.5,3.32472872071796,40.49,27.2,1.5
1,229.75,2.854793348349631,39.27,26.01,1.56
1,231.546875,2.275321187451482,37.89,26.52,1.51
1,244.5555555555556,2.064790486461586,36.66,28.02,1.49
1,244.609375,2.124874508939683,43.16,24.87,1.52
1,225.375,1.868682239618566,37.3,25.16,1.5
1,243.140625,2.260174342431128,35.55,28.89,1.51
1,262.28125,3.451250022277236,36.45,27.77,1.49
1,247.48611111111111,2.436467363602585,35.61,27.02,1.52
1,228.48611111111111,2.06494923763805,37.07,27.85,1.5
1,236.96875,2.393721216358244,37.81,26.45,1.51
1,268.21875,4.868855338543654,37.71,29.49,1.48
1,246.5555555555556,3.364451131059064,32.77,30.2,1.5
1,242.38888888888889,2.641439632409149,41.42,25.31,1.48
1,266.0625,1.947934948839247,31.48,32.58,1.49
1,257.5,3.306435371749103,41.1,28.18,1.48
0,241.11111111111111,2.418928522202703,41.4,22.75,1.4
1,240.9375,1.865390580147505,34.42,27.83,1.51
1,242.875,3.540867337025702,26.2,19.78,1.08
1,226.29166666666663,2.093501997490724,38.32,27.64,1.52
1,254.03125,1.782489429228008,34.56,31.07,1.47
1,230.3055555555556,1.490837259425057,36.72,26.71,1.52
1,268.0,3.102059365974532,30.77,30.73,1.49
1,260.9375,2.538069809786975,33.44,29.94,1.49
1,226.40625,1.826000926084816,38.5,28.38,1.5
0,249.81944444444443,3.499481128321754,0.0,0.0,0.0
1,260.9375,3.080143615603447,38.25,30.07,1.49
0,263.640625,2.51306489482522,35.02,30.07,1.46
1,249.4375,3.579874443821609,36.54,27.58,1.5
0,259.1604938271605,4.064340337559029,0.0,0.0,0.0
1,267.890625,1.799744470044971,31.99,31.67,1.49
1,262.58333333333326,2.83617070565621,35.56,32.22,1.53
1,234.54166666666663,2.02082178576125,37.83,24.81,1.55
0,244.203125,3.626209708862007,39.25,25.89,1.45
0,227.296875,2.101593066938221,37.32,27.74,1.52
1,229.84722222222223,2.118462185064951,39.79,24.92,1.52
1,251.0625,2.793873640708625,39.24,28.66,1.48
1,245.9135802469136,2.003613182791957,35.42,29.54,1.5
1,251.75,3.530037919680277,37.13,26.28,1.48
1,234.84375,1.692091770470142,38.78,25.55,1.49
1,230.48611111111111,2.292622791396247,36.16,29.58,1.53
1,232.26388888888889,3.411293054620425,38.86,26.18,1.52
0,199.8271604938272,1.346469126763891,41.78,25.91,1.52
1,230.13888888888889,2.390132953723272,39.29,26.21,1.52
1,231.25,1.8479419466522,38.5,25.52,1.52
1,263.625,2.35931012686342,33.47,30.96,1.48
1,229.390625,1.887149261310697,37.57,27.2,1.53
1,260.22222222222223,4.333967636028926,38.85,28.22,1.52
1,237.3333333333333,1.731942646205425,38.06,25.48,1.52
1,253.8333333333333,3.018539287149906,35.52,25.54,1.47
1,234.34375,1.744198795821932,42.23,26.42,1.52
0,242.02469135802468,3.678683832103824,0.0,0.0,0.0
0,253.40625,6.336613865569234,3.33,2.37,0.12
0,256.9375,6.136708717793226,1.11,0.58,0.04
1,267.78125,1.578379568643868,33.0,29.89,1.5
1,240.4583333333333,2.150715352760421,36.94,27.14,1.49
1,264.43055555555554,2.060554444789886,31.44,29.42,1.49
1,239.3055555555556,1.717914919058482,37.96,28.4,1.48
1,253.78125,6.368047311902046,39.29,26.55,1.48
1,266.2916666666667,2.17604413545794,32.01,35.69,1.5
1,235.0625,2.047886273823678,38.49,28.88,1.51
0,184.15625,0.496761353810628,7.89,5.06,0.27
1,234.23611111111111,1.99013373007377,38.15,28.0,1.53
1,239.47222222222223,2.275587224298053,30.03,23.39,1.29
1,242.4375,1.950062450952828,35.3,28.1,1.51
1,246.453125,2.162354615516961,37.85,30.97,1.49
0,243.265625,2.863769368268549,35.63,28.2,1.47
1,241.8333333333333,2.4051270948516,36.88,27.66,1.5
1,229.0555555555556,1.798878694574038,36.13,29.8,1.51
1,256.546875,2.319503488019109,39.92,26.21,1.51
1,251.46875,2.212548063136637,35.64,28.42,1.48
0,253.859375,4.739163958467544,0.0,0.0,0.0
1,253.23611111111111,1.904463701777988,34.0,30.49,1.49
0,231.921875,1.788722462020814,21.24,15.47,0.9
1,247.31944444444443,2.633643817570475,32.1,31.51,1.49
1,234.98611111111111,3.18954528371493,39.28,26.32,1.53
1,248.03125,2.601681352593005,38.71,29.39,1.49
1,246.234375,2.523341028019786,38.27,26.11,1.52
1,247.109375,16.63678620196879,42.49,25.01,1.54
1,265.85185185185185,2.009493426776227,31.67,34.94,1.49
1,234.375,1.882278664244546,42.97,25.46,1.5
1,249.27777777777777,2.129424044655429,41.59,28.61,1.51
1,253.5,2.63746636454016,34.48,28.03,1.44
1,253.31944444444443,3.682652420467801,40.24,26.57,1.53
1,252.3125,1.608257541432977,37.01,28.14,1.49
1,229.81944444444443,1.373277523451381,38.15,26.97,1.53
1,242.234375,2.556090724654496,38.65,28.87,1.51
1,241.86111111111111,3.173445062504874,35.75,29.33,1.49
0,262.65277777777777,2.50302275766929,35.43,29.94,1.53
1,232.984375,1.554713426157832,40.14,26.76,1.5
1,255.875,2.047212733162774,37.43,30.87,1.48
1,254.79166666666663,3.786172436343299,33.57,28.61,1.46
1,227.01388888888889,2.086482716931237,37.74,26.47,1.44
1,266.7361111111111,1.58539530966017,28.54,32.99,1.47
1,263.5625,2.27999681700021,31.93,32.01,1.49
0,263.93055555555554,6.717951109011968,32.03,19.35,1.18
0,255.61111111111111,5.799580198195246,0.0,0.0,0.0
0,239.79166666666663,2.37236103001568,36.37,28.25,1.49
1,254.71875,4.132515277713537,40.94,28.39,1.46
1,254.5833333333333,4.450542032718658,33.36,29.4,1.47
1,250.5,1.957332318648696,35.6,27.07,1.49
1,249.16049382716048,3.617240569473785,32.43,31.61,1.47
1,265.09722222222223,3.161648239526484,32.47,29.7,1.48
1,240.02777777777777,1.606459139949746,35.51,29.47,1.5
0,240.71875,1.560215147212148,0.0,0.0,0.0
1,229.8148148148148,1.715658111336791,38.78,27.34,1.52
0,257.19444444444446,4.657107532024384,0.0,0.0,0.0
1,230.65277777777777,2.759322279029422,36.23,27.06,1.52
1,232.94444444444443,2.698539842334059,37.66,27.52,1.53
1,255.25,2.320159850642085,34.68,29.13,1.48
1,234.265625,1.303257203660905,37.49,26.13,1.5
1,234.953125,2.469360160641372,37.39,27.77,1.49
1,250.27777777777777,4.636097855038114,38.55,27.7,1.51
1,234.296875,1.581595801748335,40.68,26.04,1.5
1,239.15277777777777,2.613953455454773,38.22,29.06,1.49
0,241.0625,3.161730037070811,0.0,0.0,0.0
1,236.34722222222223,2.131794927020868,36.19,28.67,1.51
1,237.44444444444443,2.332099526292748,37.76,29.62,1.51
1,240.1875,3.532557344064116,36.5,30.54,1.5
1,260.6111111111111,3.704970514608754,38.78,29.62,1.51
1,235.54166666666663,2.544690209958288,38.23,25.88,1.53
1,230.3125,2.527136483229697,40.05,28.33,1.52
1,244.98611111111111,2.589676084617774,35.91,26.75,1.46
1,229.5,1.658122510545784,38.19,27.03,1.53
1,249.625,3.181580861099064,34.77,28.98,1.52
0,240.679012345679,2.592733399367627,39.17,26.07,1.49
1,240.90625,2.415221479721367,39.66,26.35,1.49
1,267.125,4.000921802595258,36.94,26.22,1.5
1,250.171875,5.23175072297454,34.59,29.49,1.5
1,234.8125,2.34708097204566,36.69,27.2,1.48
1,237.65625,3.31695360224694,41.0,26.54,1.5
1,240.85185185185185,2.377290452704018,37.57,27.63,1.53
1,266.875,2.448981538414955,30.33,33.57,1.48
1,265.19444444444446,2.754662570854028,33.32,30.96,1.5
1,255.4583333333333,1.728917027513186,35.16,29.4,1.47
1,224.01388888888889,1.967782653040356,38.85,27.12,1.52
1,265.4861111111111,1.820854297942585,34.79,30.19,1.53
1,247.98611111111111,4.7497809636924,41.66,25.04,1.51
1,263.875,1.798189666536119,31.88,34.68,1.51
1,239.59375,2.121489123441279,37.47,28.99,1.5
1,232.38888888888889,1.841264598899417,38.65,25.52,1.51
1,255.56944444444443,2.663647688097424,40.98,27.57,1.53
1,252.76543209876544,3.141222800737546,33.49,26.03,1.46
1,231.76543209876544,2.348161832050041,38.1,26.35,1.51
1,248.984375,3.400298582389951,35.05,27.7,1.52
0,243.921875,2.139105388894677,16.9,11.08,0.66
1,242.80246913580248,2.179708884086138,39.0,27.68,1.51
1,238.9375,1.91284073330462,38.92,26.82,1.51
1,232.8125,2.204408373683691,39.92,25.84,1.49
1,235.40625,1.833918758668005,37.65,26.84,1.49
1,239.79166666666663,2.419538520276546,39.18,27.36,1.5
1,256.52777777777777,3.38288301974535,38.95,26.83,1.49
1,235.4305555555556,1.922302834689617,36.71,28.32,1.54
1,236.22222222222223,3.421038621829616,44.91,25.46,1.52
0,250.703125,7.152835991233588,21.29,11.06,0.75
1,252.296875,2.05224680993706,37.5,29.85,1.47
1,232.71875,1.368860140442848,38.14,27.47,1.51
1,266.65277777777777,2.057274238102966,31.3,32.96,1.49
1,255.09375,2.35195486433804,30.93,30.54,1.46
1,239.11111111111111,3.509661606616444,35.27,29.15,1.51
1,263.515625,1.74774141330272,35.46,29.68,1.5
1,250.640625,3.921891514211893,38.26,28.41,1.47
0,241.796875,1.744076540693641,39.04,27.48,1.52
1,248.609375,2.322920206002891,38.15,26.41,1.5
1,235.5,1.999661350622773,37.0,26.21,1.46
1,228.04166666666663,1.316918076740371,38.3,26.88,1.52
1,265.828125,3.30708010494709,33.41,27.95,1.48
1,249.19444444444443,3.612885205282105,39.21,28.51,1.47
1,243.125,1.977940352426635,39.5,26.86,1.56
1,255.13888888888889,2.067172451151742,34.59,31.07,1.49
1,267.84722222222223,3.620354436337948,33.51,30.93,1.5
1,256.0987654320988,3.448656873202618,39.43,28.51,1.51
1,228.1875,1.921789078041911,39.95,26.94,1.52
1,234.61111111111111,1.977555183900727,37.18,26.92,1.52
1,250.5833333333333,4.281906028588613,39.53,29.63,1.53
1,257.375,2.681330083869398,35.71,26.43,1.47
0,229.90277777777777,2.658477537333965,28.13,19.33,1.1
1,243.27777777777777,4.238036500910918,36.46,28.72,1.5
1,256.45833333333326,6.258698619074292,38.59,27.15,1.49
0,252.0555555555556,1.750540433658494,35.16,27.1,1.47
1,239.4375,2.082276715897024,34.35,28.02,1.5
1,246.8125,2.996121251024306,38.25,25.63,1.54
1,252.2083333333333,4.016702079938518,37.44,28.25,1.48
0,253.78125,3.578515661880374,13.64,5.94,0.43
1,263.19444444444446,3.181261411971516,32.21,30.87,1.48
0,246.453125,1.955103424377739,37.32,29.42,1.51
1,225.125,1.994932125839922,39.25,26.1,1.51
1,233.72222222222223,1.77754083275795,40.43,25.56,1.5
1,222.5,1.49436806794256,38.86,26.52,1.51
0,250.9305555555556,2.483078396982617,0.0,0.0,0.0
1,228.13888888888889,1.86966374847624,30.36,21.62,1.25
1,233.59375,1.148793136700988,40.33,25.74,1.51
1,255.53125,3.913369265384972,34.04,27.9,1.46
1,229.26388888888889,2.273357347481781,37.48,27.54,1.51
1,250.96875,1.937092743813992,34.31,27.6,1.49
1,255.59375,3.311752018518746,40.61,28.09,1.48
1,233.29166666666663,2.492475098205937,40.08,25.66,1.49
1,243.73611111111111,3.998900740918979,33.02,30.94,1.51
0,246.36111111111111,3.225952410035663,39.65,25.57,1.51
0,231.734375,2.182028450071812,37.73,27.86,1.52
1,246.65625,3.465783494524658,41.1,27.82,1.51
1,235.16666666666663,1.851314446992344,37.26,25.04,1.49
1,266.76388888888886,2.778400546974606,36.2,32.29,1.51
1,227.8055555555556,2.310096476640966,36.82,25.6,1.5
1,253.125,3.394922645555602,40.39,26.34,1.48
1,248.609375,2.039761296473444,38.47,27.21,1.51
1,265.65277777777777,2.425254217452473,32.52,33.29,1.49
1,240.8055555555556,3.476375103824668,35.08,30.02,1.52
1,243.875,2.832942526787519,36.34,26.28,1.51
1,232.63888888888889,2.271447195774979,37.26,25.38,1.55
1,255.13888888888889,3.943287226888868,37.13,25.8,1.48
1,255.734375,4.332841273397208,38.98,26.27,1.53
1,259.97222222222223,5.07090332855781,32.96,28.5,1.45
1,259.875,1.632887016567919,38.66,25.95,1.49
1,234.515625,1.893968911841512,44.15,23.94,1.52
1,254.359375,3.671973032876849,41.72,24.43,1.54
1,237.75,1.810282754711807,38.26,28.47,1.5
1,259.18055555555554,3.326237397061454,34.23,28.76,1.46
1,234.953125,2.047402902506292,39.23,25.44,1.54
1,233.375,1.894355980679393,38.24,25.56,1.52
0,255.7283950617284,2.423168434037103,38.96,27.49,1.48
1,239.8125,2.084423143416643,38.2,27.14,1.5
1,263.4375,1.829382117837667,34.15,31.85,1.51
0,254.31944444444443,2.961594477295876,39.98,27.36,1.49
0,242.375,2.591994097663297,0.0,0.0,0.0
1,237.0,2.696678099532922,36.24,25.04,1.5
1,263.515625,4.415430831722915,39.51,28.25,1.5
0,249.375,2.244867556728423,41.74,28.88,1.5
1,232.65625,2.005780939944088,37.82,24.9,1.51
1,267.15277777777777,2.186640424033006,30.71,30.25,1.49
1,264.4375,4.042186836712063,33.23,29.41,1.5
1,241.84375,2.614974780939519,36.56,28.09,1.51
1,257.046875,4.64423559140414,40.63,29.71,1.49
1,247.96875,2.597534369677305,39.15,28.97,1.5
1,228.5,2.299322888255119,37.76,25.78,1.53
0,256.21875,4.630181289277972,38.17,31.13,1.49
0,243.375,3.131807095371187,40.18,26.38,1.52
1,236.358024691358,1.837633979173354,36.77,27.17,1.49
1,230.01388888888889,2.23036372082101,37.03,27.15,1.53
0,264.984375,3.332746531814337,0.0,0.0,0.0
1,223.875,1.849841803312302,38.8,26.35,1.52
1,264.2345679012346,2.377919811525463,34.06,32.71,1.52
1,226.859375,2.376886404119432,37.6,27.46,1.5
1,237.5,1.901901578530669,40.0,26.36,1.49
1,269.05555555555554,1.486931085586548,30.16,32.75,1.49
1,270.52777777777777,1.749853590004881,32.76,31.11,1.51
1,249.765625,3.195161981508136,34.75,28.29,1.51
1,260.1875,3.851812661625445,32.87,29.37,1.46
1,231.625,1.86626968998462,37.66,27.33,1.54
1,253.984375,2.65084536653012,32.65,31.13,1.49
1,258.609375,3.898598489351571,29.88,30.38,1.45
1,227.9583333333333,2.097513091233042,39.63,27.35,1.53
1,251.734375,3.054229664616287,39.39,27.51,1.48
0,253.09375,4.428953303024173,0.0,0.0,0.0
0,231.484375,2.283909916877747,30.47,17.4,0.96
1,247.88888888888889,1.739405543439918,34.89,28.43,1.5
1,250.09375,2.025040554814041,38.66,26.65,1.51
1,234.59375,2.622720215469599,38.1,25.54,1.55
1,226.9375,1.541567222215235,36.83,27.94,1.5
1,244.1875,4.210499458014965,35.57,27.92,1.52
1,234.46875,1.94225998967886,36.77,25.57,1.56
1,231.73611111111111,2.132937636640337,37.1,26.23,1.49
1,234.61111111111111,2.09450681010882,40.95,25.19,1.52
1,255.04166666666663,3.635656139089002,30.05,32.84,1.47
1,226.16666666666663,1.860953454342153,38.32,27.85,1.5
0,238.484375,2.538896290585399,0.0,0.0,0.0
1,261.671875,3.514255371876061,38.2,27.43,1.55
1,245.0625,1.916096474044025,37.96,26.48,1.51
1,240.97222222222223,1.872337799933222,41.59,26.54,1.51
1,255.23611111111111,1.860768338872327,35.75,30.16,1.5
1,251.22222222222223,1.733770329919126,36.59,26.81,1.49
1,243.265625,2.439413389191031,35.84,29.31,1.52
1,228.578125,2.374724578112364,38.81,26.13,1.52
1,251.4305555555556,3.605748703082403,37.83,26.78,1.47
0,264.7283950617284,3.335698384561657,15.84,11.12,0.61
0,235.453125,1.886774365790188,41.9,25.09,1.49
0,241.72222222222223,2.267178384794129,40.97,26.66,1.52
1,249.046875,1.959471523761749,38.43,25.09,1.53
1,255.7083333333333,1.804920195705361,33.73,29.77,1.47
0,259.02777777777777,5.947215462724368,41.35,25.95,1.47
0,244.0555555555556,1.61160613099734,38.17,27.07,1.54
1,256.46875,3.291878874413669,36.64,25.06,1.47
1,231.828125,1.382811553776264,41.99,24.99,1.52
1,247.358024691358,1.774873769577639,39.14,27.12,1.5
1,263.40277777777777,3.322521010206805,31.46,31.21,1.47
1,231.875,1.775982919666502,38.2,25.27,1.51
1,242.23611111111111,3.382078588836723,41.44,26.2,1.5
0,252.27777777777777,2.788319952785969,0.0,0.0,0.0
0,245.9753086419753,2.608937355471246,27.18,21.98,1.18
1,258.26388888888886,3.427237167126603,38.2,28.9,1.49
1,266.578125,2.612206100486219,32.67,30.97,1.47
1,244.56944444444443,3.057561789949735,34.55,30.8,1.52
1,253.03703703703704,2.50597815454742,33.95,30.94,1.47
1,243.5625,2.212302813306451,37.74,28.78,1.48
1,263.7361111111111,2.597842917674118,33.81,31.6,1.49
1,237.15625,2.160547093488276,37.52,27.6,1.48
1,266.33333333333326,2.211807189716233,30.09,34.06,1.48
1,248.0,2.147165756672621,34.86,29.32,1.53
1,249.703125,2.412296509370208,37.87,27.32,1.48
1,234.76543209876544,1.670009108973138,37.9,26.47,1.51
1,231.84722222222223,2.217039904660649,38.46,26.15,1.49
1,228.6543209876544,1.729525665442149,36.39,29.87,1.51
1,248.44444444444443,3.701476968824863,39.08,30.34,1.52
1,228.265625,1.482687224633992,38.8,26.48,1.49
1,234.88888888888889,1.883749096757836,35.54,27.16,1.5
1,226.23611111111111,1.709635213845306,37.05,26.84,1.5
1,243.84375,2.728473199531436,38.01,26.4,1.5
1,250.921875,2.740189753472805,40.87,24.53,1.49
1,240.0,2.94134577177465,38.25,27.13,1.5
1,257.44444444444446,4.080144743952486,29.58,32.76,1.46
1,251.13888888888889,4.6291994990574,37.49,27.64,1.51
1,262.30864197530866,2.795563080428559,34.26,30.78,1.51
1,248.79166666666663,2.768752912680308,39.64,26.51,1.52
1,261.25,2.61681485010518,38.34,30.81,1.52
1,260.03125,4.274290096946061,41.65,27.61,1.53
1,255.0625,3.273923396132886,33.26,29.33,1.47
0,259.94444444444446,2.636316028734048,0.13,0.09,0.0
0,236.75,2.677789942971591,41.89,27.73,1.46
0,231.90625,2.341243457049131,36.59,27.62,1.48
0,261.59375,2.33420295920223,41.23,28.11,1.54
1,254.11111111111111,2.073551223509841,35.33,29.73,1.46
1,265.40277777777777,2.427965492010117,36.06,32.47,1.53
0,241.15277777777777,3.732575262586276,38.84,25.07,1.53
1,262.47222222222223,4.99264573554198,38.54,29.68,1.5
1,264.375,2.562361265532672,36.64,31.56,1.51
0,257.625,4.616408246258896,35.82,29.08,1.5
1,234.87654320987653,2.061603989866045,37.99,26.35,1.49
1,263.41975308641975,2.057228092058205,39.11,27.79,1.47
1,237.84375,2.075881386175752,35.51,30.14,1.5
1,233.80246913580248,1.783877706822054,38.81,27.05,1.51
1,251.4305555555556,4.477772572802173,40.12,23.89,1.51
1,230.52777777777777,2.033442731532785,36.68,26.89,1.51
1,231.88888888888889,1.395894881751802,38.94,25.85,1.49
1,238.046875,2.55570303183049,36.58,28.28,1.47
1,244.98611111111111,2.170734510653549,39.58,27.23,1.54
1,250.56944444444443,3.061834761665927,38.36,26.17,1.48
1,262.0416666666667,2.582730576395988,28.29,33.73,1.49
0,242.953125,1.630031682550907,35.86,27.93,1.48
1,240.515625,2.314786275848746,32.88,29.81,1.49
1,227.50617283950612,1.652756983851209,38.92,27.77,1.5
1,229.56944444444443,1.897167168557644,37.24,26.32,1.54
1,266.515625,1.989150045439601,32.02,33.33,1.48
0,263.125,3.918320738606983,9.5,5.58,0.32
0,264.375,3.241073598153889,0.0,0.0,0.0
0,250.9753086419753,5.246465589529202,19.32,14.51,0.75
1,239.1851851851852,1.837257085023103,37.03,26.72,1.5
0,248.6875,2.287977796979249,38.46,26.43,1.55
1,230.69444444444443,2.098803646862507,38.52,26.34,1.51
1,235.5432098765432,1.921898670402574,38.1,25.57,1.49
0,259.375,4.245050694793463,30.15,30.4,1.45
0,250.08641975308643,2.632047460402971,35.16,28.92,1.48
1,235.75,4.089299456940757,40.4,25.57,1.49
1,257.04938271604937,3.624037207644663,29.9,31.64,1.46
1,258.0416666666667,2.365218547483285,41.87,26.49,1.51
1,248.0555555555556,3.367091287341383,32.8,31.34,1.46
0,249.79166666666663,2.422912598484092,39.49,24.71,1.43
1,270.203125,1.668717905879021,31.15,30.18,1.48
1,247.296875,2.484775931574404,36.83,33.77,1.48
1,238.859375,2.309599785134196,41.39,25.81,1.48
0,246.6805555555556,1.717810278137525,18.61,12.29,0.74
1,226.23456790123453,1.932431282820525,39.02,27.36,1.55
0,250.109375,2.890333101153374,7.52,5.22,0.28
1,251.09375,3.755485000088811,38.63,27.71,1.48
1,264.671875,1.911969667300582,34.01,31.46,1.49
1,249.25,3.586505082746347,37.72,25.75,1.5
1,250.23611111111111,4.600502529905902,32.96,27.11,1.45
0,261.4691358024691,2.892305724414778,39.72,28.88,1.5
1,244.0,3.371794756501913,35.14,29.37,1.5
1,253.19444444444443,2.998383259607686,32.74,29.47,1.47
0,261.641975308642,2.945770632337641,33.55,33.46,1.5
1,257.51388888888886,4.599401908616226,28.45,32.24,1.45
1,230.5833333333333,3.333005129463143,37.09,25.78,1.51
1,230.90625,2.489881153218448,38.91,25.5,1.53
1,223.15277777777777,1.956389532321029,38.96,25.64,1.5
1,229.98765432098764,1.564408234608026,38.19,29.17,1.5
1,255.546875,5.423307698220016,37.49,30.75,1.48
0,259.578125,2.895909732207656,39.68,29.46,1.49
1,229.734375,1.629353519529104,36.6,26.2,1.53
1,265.890625,2.367479809559882,31.88,26.62,1.36
0,266.38271604938274,2.578450604721352,13.8,13.37,0.67
1,233.52777777777777,2.545547592143218,39.71,26.91,1.52
1,254.6805555555556,2.359640951785776,39.83,28.78,1.51
1,246.65277777777777,2.397487137052748,38.3,27.24,1.51
1,233.46875,1.983643899671733,39.66,24.02,1.5
1,250.15625,2.712442630901933,38.03,27.08,1.47
1,235.69444444444443,2.106744394534164,50.93,24.15,1.52
1,256.125,4.308801117042701,34.13,27.29,1.46
0,246.02777777777777,2.814148119754261,48.82,21.04,1.5
1,245.046875,3.118531918153167,36.07,25.79,1.51
1,251.6805555555556,3.453223470184538,41.64,25.76,1.49
1,236.515625,2.019778925925493,37.71,25.74,1.5
1,252.609375,2.151205321773887,35.59,26.69,1.47
1,260.06944444444446,3.045118031402429,40.64,25.94,1.52
1,226.81944444444443,1.533733558323648,38.23,27.86,1.5
1,258.5416666666667,1.345714444915454,40.12,25.52,1.5
1,264.875,2.248822415868441,32.26,31.28,1.52
0,251.34722222222223,3.879704774253898,43.06,26.58,1.51
0,253.0,6.275697750809752,0.0,0.0,0.0
1,264.578125,2.687975410372019,32.62,28.65,1.5
1,249.0,3.399422193566958,39.57,29.34,1.5
1,228.90625,1.886807039380074,37.76,27.29,1.52
1,141.73611111111111,3.647131903049273,34.16,30.72,1.5
0,127.05555555555556,4.218481125310065,40.0,26.77,1.5
1,230.2962962962964,1.645001721970829,37.84,28.54,1.52
1,234.71875,2.156974767334759,39.06,25.57,1.48
1,244.26388888888889,3.841032304697567,36.27,28.73,1.5
1,234.7083333333333,2.006112263434463,37.55,27.45,1.52
1,252.90123456790124,3.417776421264366,37.5,28.58,1.5
0,252.81944444444443,3.624811940722995,26.82,9.19,0.77
0,254.203125,2.796178132295609,39.15,27.94,1.49
1,256.609375,4.346206626854837,33.88,27.2,1.46
1,236.75,1.898312309549914,39.09,26.6,1.53
1,246.01388888888889,2.76182862619559,37.49,30.12,1.51
1,252.921875,3.890049211680889,39.28,27.53,1.49
1,232.65277777777777,1.642353018952741,38.36,26.36,1.52
1,261.27777777777777,3.252507292562061,28.87,30.83,1.45
1,261.234375,2.559324267320335,39.31,27.02,1.5
1,252.03125,4.118351430632174,35.85,30.68,1.48
1,243.8333333333333,3.044632532530361,39.23,29.01,1.55
1,267.4861111111111,2.636329429845015,33.66,31.64,1.5
1,240.44444444444443,3.078465140160219,36.44,30.71,1.5
1,260.796875,2.200634177774191,36.9,29.28,1.47
0,245.51388888888889,1.977900948789385,39.59,28.26,1.51
0,249.07407407407408,7.238499065240224,0.0,0.0,0.0
1,245.70370370370367,3.189172933131089,33.85,31.17,1.54
1,226.0833333333333,2.057235784000821,23.01,16.39,0.87
1,229.88888888888889,1.544835888677173,36.62,29.87,1.5
1,256.328125,2.559245391748846,39.71,28.52,1.51
1,243.06944444444443,1.868720173835754,41.14,27.31,1.53
1,246.5833333333333,3.231836516824034,35.65,28.06,1.53
1,244.859375,1.656195015646517,37.62,28.97,1.5
1,235.21875,2.006654050201178,38.23,25.27,1.53
1,257.765625,2.808692866005003,43.58,27.11,1.48
1,242.375,2.419453554683261,37.65,25.85,1.45
1,233.4375,1.751991734839976,39.46,25.82,1.52
1,227.6172839506173,1.596141670957024,38.61,26.63,1.51
1,230.5625,1.812334052287042,37.06,28.54,1.5
1,251.765625,2.759097289294004,37.3,26.87,1.47
1,235.734375,2.122213218361139,36.71,27.29,1.49
1,230.578125,1.687661356292665,37.15,26.76,1.54
1,243.3055555555556,2.215069123440319,35.66,27.96,1.51
1,237.54166666666663,1.515938371419907,37.93,27.48,1.5
1,254.9375,2.392388695850968,33.57,29.67,1.48
1,222.79166666666663,1.286921455628342,35.04,23.19,1.39
0,254.69444444444443,2.58644963386986,35.26,28.35,1.35
1,237.1851851851852,2.34180991002071,35.37,26.62,1.49
1,262.84722222222223,4.88096345961094,30.4,30.83,1.46
1,234.078125,2.198874566704035,40.15,27.05,1.47
0,264.671875,4.556193087249994,35.19,21.71,1.27
1,237.375,2.551228048279881,34.4,29.59,1.5
0,243.6805555555556,3.066025248832173,36.26,31.16,1.5
0,237.01388888888889,2.735087394714355,25.48,16.57,0.96
1,245.11111111111111,2.859437787698375,42.3,25.92,1.52
1,233.5432098765432,2.008641123035808,36.76,27.0,1.54
1,241.9583333333333,3.028089567191071,38.04,26.08,1.54
0,266.88888888888886,2.410879977047443,9.88,8.11,0.42
1,236.43209876543207,2.105138118620272,33.95,29.08,1.49
1,239.75,2.009581126272678,32.79,31.52,1.48
1,255.53125,2.982435439713299,32.4,29.19,1.46
1,228.30864197530863,1.608043797958044,40.61,25.95,1.53
1,244.5,2.517505458556116,37.74,26.79,1.5
0,234.84722222222223,1.813296345372995,36.04,27.44,1.51
1,234.734375,2.236234840005636,37.99,25.69,1.55
0,244.65277777777777,3.282842357125547,0.0,0.0,0.0
1,229.65277777777777,1.851483341720369,38.64,26.65,1.52
1,237.25925925925927,2.483271536267834,39.69,26.56,1.5
1,250.328125,2.724734769202769,36.41,28.25,1.48
1,255.02469135802468,3.074380297719697,41.83,24.93,1.47
1,250.39506172839504,4.1173032294085,38.18,27.73,1.47
1,233.4305555555556,2.009039871394634,36.69,27.06,1.52
1,233.03125,2.010379416868091,40.03,27.8,1.48
1,231.8125,1.907889412716031,37.02,27.69,1.52
1,253.15625,2.086172108538449,40.59,28.1,1.53
1,236.0,2.003369563983546,36.97,27.94,1.52
1,257.02777777777777,3.672593250870705,28.91,32.88,1.45
1,242.640625,1.726557723246515,35.9,27.91,1.49
0,249.3333333333333,3.554094082779355,0.0,0.0,0.0
1,250.0555555555556,4.51096557577451,39.09,28.25,1.53
1,257.1604938271605,4.492334890512772,40.09,27.01,1.49
1,238.359375,2.095229210332036,34.4,30.56,1.49
1,226.19444444444443,2.224688597023487,38.24,25.78,1.49
1,239.046875,3.387428128160536,35.65,29.93,1.51
0,223.921875,2.460223996080458,0.0,0.0,0.0
0,247.02777777777777,2.087782523698277,39.72,24.72,1.54
1,254.0625,3.345153574831784,35.05,26.44,1.46
1,241.953125,2.592481040395796,37.79,26.84,1.5
1,257.81944444444446,1.841080893245008,40.26,28.83,1.51
1,265.46875,3.004523106850684,31.63,30.14,1.48
1,231.2083333333333,2.553062656687366,41.24,26.82,1.48
1,230.69444444444443,1.767355881631374,39.9,25.41,1.54
1,236.9583333333333,2.172393128275871,36.71,26.04,1.53
1,237.53125,1.923420359380543,35.69,30.86,1.5
1,261.88888888888886,2.988698224226634,36.61,27.68,1.46
1,230.5833333333333,2.164728510710928,38.93,26.68,1.52
0,246.59375,4.844637101516128,0.0,0.0,0.0
0,250.296875,1.79132841154933,0.0,0.0,0.0
1,251.8055555555556,2.873883659640948,41.0,25.16,1.49
1,254.4375,2.505103563889861,37.55,27.64,1.49
1,228.86111111111111,2.104811959796482,38.61,27.07,1.54
1,244.3333333333333,2.112820938781456,37.45,27.41,1.5
1,232.015625,1.383700961247087,36.85,29.61,1.53
1,231.96875,1.926869060844183,42.84,25.83,1.5
0,251.4375,2.078260439448059,0.0,0.0,0.0
1,245.296875,2.715749233961105,38.98,30.2,1.49
0,243.515625,5.057684877887368,39.47,25.78,1.45
1,237.04166666666663,1.819101500014464,37.87,29.41,1.5
1,229.63888888888889,2.081995084881783,38.72,24.6,1.53
1,240.125,2.513082751797305,36.23,31.23,1.51
1,227.94444444444443,1.850937478244305,38.69,27.17,1.51
0,260.83333333333326,1.928321556912528,40.19,26.32,1.5
1,233.375,2.512660696171224,38.67,27.03,1.45
1,250.90277777777777,3.875183035102156,38.4,25.76,1.49
1,231.7283950617284,2.115244446713247,39.07,27.29,1.51
1,233.875,2.46343288756907,37.83,25.85,1.51
1,228.25,1.788838728331029,37.16,26.87,1.53
1,242.6875,1.760966679081321,33.24,33.94,1.49
1,251.91666666666663,2.43876579321093,38.51,28.73,1.47
1,228.671875,1.669694310054183,37.17,26.16,1.49
1,228.6049382716049,2.196187905323358,36.5,27.61,1.52
1,257.30555555555554,2.628766026761797,37.9,28.12,1.49
1,240.734375,2.764229545369744,33.13,29.89,1.5
1,265.8125,2.780064546503127,33.61,30.32,1.51
0,249.79012345679007,2.323900760691843,0.0,0.0,0.0
1,265.6111111111111,2.162324583364858,35.06,29.76,1.53
0,255.15625,2.572511836886406,30.15,18.28,1.12
1,252.890625,2.340134723111987,35.73,26.48,1.49
1,264.15625,3.249881947413087,36.05,28.26,1.48
0,267.5625,1.191741032525897,1.47,1.72,0.07
1,244.578125,2.290761698968709,34.83,25.33,1.44
0,247.73611111111111,3.102424821092023,41.74,28.29,1.48
0,262.671875,3.596657768823206,37.96,28.96,1.55
1,254.125,4.821097099118764,40.16,25.12,1.56
1,250.75,3.606444324366748,39.61,27.83,1.5
1,227.91666666666663,1.90965123143461,37.83,29.69,1.5
0,240.38888888888889,2.037602702776591,42.53,25.8,1.48
1,243.358024691358,2.99486145781882,37.45,30.07,1.51
1,231.22222222222223,2.600184907515844,37.34,27.63,1.49
0,237.91666666666663,1.734715748164389,0.0,0.0,0.0
1,238.90277777777777,3.779820512566301,37.04,27.99,1.48
1,229.32098765432096,1.944173590636548,37.17,25.38,1.5
1,269.15625,2.033118367195129,34.09,29.21,1.51
1,231.16666666666663,1.381573096745544,39.01,26.79,1.53
0,236.125,2.086811253594028,39.77,25.9,1.48
1,254.4375,2.067095935344696,34.55,28.58,1.47
0,230.31944444444443,2.985908019045989,34.9,27.23,1.52
1,250.4305555555556,3.081692817310492,38.14,25.78,1.48
1,263.8125,4.200321698561311,35.31,27.72,1.51
1,258.7916666666667,2.592908253272375,38.6,29.89,1.48
1,255.90277777777777,3.643336577547921,31.87,28.48,1.46
1,255.98611111111111,3.567982814378209,37.5,29.46,1.47
1,241.7083333333333,2.30302206095722,37.74,25.85,1.5
1,232.671875,2.160019844770432,37.54,26.86,1.55
1,250.875,3.146305373145474,38.82,28.89,1.51
0,231.24691358024688,1.216895712746514,41.72,25.95,1.51
1,268.01388888888886,2.366462080015077,32.99,28.87,1.51
1,239.046875,1.740015521645546,35.91,26.1,1.51
0,237.796875,2.4070944795385,42.06,21.44,1.41
1,260.375,2.8497727115949,39.79,27.72,1.49
1,234.984375,2.204850672744215,37.47,26.09,1.53
0,234.828125,10.30170557834208,21.82,13.06,0.78
1,239.1851851851852,1.473897530708784,36.88,25.62,1.52
1,256.984375,3.240133869461715,32.96,28.0,1.47
1,254.06944444444443,4.354471820924017,33.45,30.71,1.47
1,263.296875,4.128066277131439,32.44,29.05,1.47
1,228.8055555555556,2.304627916051282,37.63,27.15,1.5
1,242.72222222222223,2.255574333998892,39.42,26.82,1.56
0,272.02777777777777,3.928689324193531,36.64,29.33,1.47
1,265.90277777777777,4.117858991026879,31.99,31.11,1.48
1,249.0,3.790334248984302,37.71,28.04,1.47
1,265.421875,1.777483142912388,31.75,30.37,1.5
1,247.296875,1.365546044893563,34.95,27.88,1.52
1,231.02777777777777,1.704263526532385,38.34,25.69,1.51
1,263.84375,3.580401963554323,32.76,30.07,1.5
1,262.15625,2.304524896666408,30.87,33.42,1.49
0,268.5,2.178964817689525,0.0,0.0,0.0
1,245.8055555555556,3.187507269283136,35.2,28.97,1.51
1,242.06944444444443,2.343785144388676,37.5,25.74,1.51
1,253.3333333333333,5.271970421903664,39.01,26.08,1.47
1,262.7361111111111,4.192020700209671,29.31,31.73,1.46
1,230.625,1.728733477182686,39.97,28.31,1.51
0,233.484375,1.79786675516516,18.33,13.72,0.76
1,241.44444444444443,2.699493125081062,37.62,27.81,1.49
1,247.15277777777777,2.917268176873525,34.17,29.37,1.53
1,267.5,2.185359202325344,31.5,30.35,1.49
1,259.90625,4.528935263864696,29.85,30.99,1.46
1,242.546875,2.349770251661539,37.43,30.49,1.51
1,237.875,2.202727505005896,39.46,25.99,1.53
1,236.71875,2.707038043066859,36.35,27.99,1.51
1,254.54166666666663,3.477792509728008,36.92,25.25,1.48
1,238.91666666666663,1.434719503753715,40.91,25.73,1.48
1,244.5833333333333,1.82656721274058,35.84,29.57,1.48
0,271.69444444444446,2.050588245193163,32.7,31.29,1.51
1,227.875,2.485696579019228,35.99,28.42,1.48
1,232.625,2.495443042367697,35.73,29.45,1.52
1,235.734375,2.306757004000247,37.67,26.07,1.5
1,251.4197530864197,3.155622393996627,37.56,28.89,1.48
1,250.97222222222223,2.424106544918484,35.12,28.75,1.47
1,221.953125,1.628390436992049,38.85,27.15,1.51
1,264.88888888888886,2.518881059355206,35.81,30.5,1.51
1,227.0833333333333,2.01240529699458,37.51,26.97,1.5
1,234.44444444444443,2.171625125739309,39.55,25.72,1.52
1,251.390625,4.58287025615573,40.75,29.26,1.52
1,256.34722222222223,2.798201696740256,40.83,28.07,1.49
1,236.1805555555556,2.140766785376602,39.56,26.19,1.5
0,230.86111111111111,2.108952479230033,36.17,28.47,1.51
1,256.25,2.759678178363376,39.4,29.09,1.51
1,266.625,2.185779365400473,33.09,29.64,1.5
1,256.796875,2.766238614916801,41.39,26.63,1.52
1,257.9375,3.529481277801096,33.32,31.54,1.47
1,256.5625,4.751974293962122,27.58,34.61,1.44
1,254.0625,1.983934135176241,35.39,28.57,1.47
0,227.09375,1.712721019051969,40.09,26.51,1.51
0,256.02777777777777,4.477067319055398,41.87,24.12,1.52
1,237.96875,1.87816262152046,37.18,29.6,1.5
1,234.75,2.030405650536219,40.32,24.63,1.51
1,245.86111111111111,3.59634612666236,33.03,31.73,1.5
0,251.59722222222223,4.882045951154498,0.0,0.0,0.0
1,235.04166666666663,2.704387297232946,36.44,28.62,1.51
1,231.984375,1.707900812849402,36.81,26.68,1.5
1,234.09375,1.685719453729689,24.6,14.27,0.83
0,254.5,5.360323588881228,0.0,0.0,0.0
1,252.734375,2.592461792752147,41.26,26.71,1.51
1,245.4305555555556,1.858353095750014,43.08,24.64,1.53
0,265.703125,3.364970912225544,0.0,0.0,0.0
1,230.046875,2.080046895891428,38.18,26.89,1.5
1,268.96875,2.109786788932979,31.38,31.27,1.49
1,252.875,3.196103682120641,37.41,29.63,1.48
1,237.875,1.701973003645738,38.28,25.61,1.54
1,256.796875,3.591008844785392,31.0,29.52,1.46
1,233.5625,1.676233110018075,38.96,25.1,1.48
1,230.984375,1.409614512696862,37.7,26.41,1.5
1,256.578125,3.662479273974895,31.25,31.75,1.46
1,226.98611111111111,2.426069277856085,39.5,27.44,1.53
1,240.046875,2.032189439050853,36.27,29.56,1.49
1,238.59722222222223,2.077935480409198,37.97,25.33,1.54
1,232.453125,1.658336414024234,39.0,26.83,1.52
1,253.04166666666663,3.550186372465558,38.1,26.72,1.47
1,244.046875,4.01679523754865,36.32,29.66,1.5
1,233.6049382716049,1.975261274679208,38.29,24.71,1.51
1,253.71875,2.358939875848591,33.64,29.12,1.46
0,255.390625,6.563051046803594,0.0,0.0,0.0
1,231.84375,1.762393613345921,37.28,25.24,1.5
1,257.78125,4.453254522755742,28.07,32.44,1.44
1,253.75,4.316333163115713,34.74,27.15,1.47
0,263.96875,3.770187837071717,31.62,31.57,1.5
0,227.51388888888889,2.246914466222127,14.03,11.18,0.6
1,234.3055555555556,1.933089521196153,40.55,26.33,1.51
1,241.984375,3.650354044511914,35.54,28.45,1.52
1,234.71875,2.424379787407815,41.5,25.31,1.49
1,234.04166666666663,1.851627362691439,36.37,25.72,1.53
1,260.6111111111111,5.641911824544272,41.37,29.66,1.48
0,229.7083333333333,1.86669150657124,19.51,14.23,0.8
1,232.03125,3.083394412882626,40.23,26.73,1.46
1,251.8333333333333,3.591310290826692,39.73,26.41,1.47
1,245.50617283950612,3.276704674149737,37.81,30.23,1.49
1,254.92592592592592,1.479417403539022,35.16,28.56,1.48
1,229.31944444444443,2.060957555141714,38.18,25.78,1.53
1,246.40277777777777,5.346723818116718,35.48,28.35,1.53
0,263.15277777777777,2.536553570793735,36.74,30.24,1.53
1,240.44444444444443,2.268289528787136,37.29,26.17,1.5
0,241.38888888888889,2.785981981290711,39.41,26.14,1.44
1,228.5555555555556,1.552702017128468,38.2,28.18,1.51
1,252.8125,3.785458588041365,33.11,25.35,1.46
1,252.77777777777777,2.04507846550809,33.42,29.79,1.47
1,236.0,2.44022691084279,38.59,26.19,1.51
1,232.34722222222223,2.031307204729981,38.64,25.98,1.5
1,234.0,3.164548282511532,36.27,26.71,1.5
1,254.15277777777777,3.277989965346125,35.42,26.86,1.47
0,262.875,2.658712417715126,40.37,24.78,1.48
1,257.109375,4.364281526766719,28.39,32.64,1.45
1,227.98611111111111,1.729228109949165,37.46,27.05,1.52
1,240.56944444444443,2.853550749520461,34.52,30.47,1.48
1,254.28125,2.697101942263544,35.44,30.13,1.49
1,243.8125,2.487638395279646,37.23,30.76,1.49
1,263.875,2.638059691525996,34.53,30.33,1.5
1,247.625,2.958052505739033,40.45,27.07,1.51
1,229.19444444444443,2.677653855747647,38.88,25.97,1.51
1,249.125,1.894282633438706,33.42,29.64,1.49
1,234.890625,1.849701166152954,39.57,25.74,1.49
1,240.52777777777777,2.096674741970168,36.61,29.88,1.49
1,263.25,4.346671160724428,34.69,30.64,1.46
1,262.9861111111111,5.700878949628936,34.94,30.19,1.52
0,139.679012345679,2.206509482115507,41.03,25.55,1.54
1,236.140625,1.647430504672229,36.46,28.81,1.51
1,254.31944444444443,3.501905789805783,39.77,26.44,1.51
1,225.3125,2.006073477678001,39.29,25.23,1.51
1,255.16666666666663,4.120734320746528,40.9,25.11,1.52
1,243.53125,2.135979069396853,37.77,26.04,1.5
1,224.515625,2.248711016029119,37.34,24.63,1.52
1,262.1604938271605,2.037048124236825,37.33,30.56,1.51
1,254.3055555555556,3.763272701038255,40.37,26.74,1.47
0,250.54166666666663,5.991452277534538,1.06,0.6,0.04
1,241.21875,2.63811284955591,31.52,17.39,1.04
0,251.29166666666663,2.999003675248888,15.31,7.04,0.46
1,233.8333333333333,2.18169935958253,40.53,26.39,1.5
1,248.93827160493828,5.088955689359596,30.74,29.11,1.47
1,244.27777777777777,2.143054842121071,37.2,28.0,1.5
1,255.234375,1.770695939660072,38.96,28.81,1.51
1,255.40277777777777,4.513154566287994,34.75,27.48,1.47
1,243.890625,3.005633003078401,36.92,26.15,1.51
1,231.08641975308643,1.564905010623696,39.03,25.64,1.52
1,264.08333333333326,2.066513516836696,35.23,31.51,1.5
0,229.76543209876544,1.70154160776256,25.05,17.52,0.99
1,248.6875,3.456817808561027,34.71,28.54,1.52
1,262.77777777777777,2.552041686243481,38.26,28.27,1.5
1,248.515625,2.420458467677236,40.07,26.23,1.51
1,235.109375,1.664477521553636,39.51,25.1,1.48
1,252.625,3.015488461487823,41.23,26.2,1.48
1,265.765625,3.011720267124474,32.56,30.1,1.5
0,245.125,1.691247953101993,27.12,20.41,1.11
1,220.640625,2.245800570584834,37.06,24.01,1.5
1,234.125,2.92205864439408,38.52,26.08,1.5
0,236.890625,3.361169710755348,8.94,7.27,0.38
1,263.046875,3.065758359618485,37.97,28.51,1.47
1,244.88888888888889,2.843677312135696,36.32,28.17,1.52
1,241.8333333333333,2.064540037678348,36.3,28.38,1.5
1,239.296875,3.808714657090604,39.18,25.06,1.52
0,210.6875,1.982638484901852,20.35,25.22,1.05
0,234.234375,1.877129031345248,37.0,26.3,1.56
1,240.890625,3.882986448705196,36.25,31.03,1.51
1,236.81944444444443,2.143986825313833,37.27,28.02,1.49
1,242.15277777777777,1.378394540813234,37.52,28.64,1.49
1,234.640625,2.017025106586516,39.02,26.23,1.51
1,261.65277777777777,3.624422868920697,39.29,27.92,1.5
0,236.44444444444443,3.587691961891121,40.26,26.99,1.48
1,233.38888888888889,3.024249504009882,38.76,26.59,1.54
1,263.22222222222223,4.611485212673376,31.6,30.87,1.46
0,239.84722222222223,2.151755033267869,41.09,25.0,1.46
0,235.85185185185185,2.125827550888062,21.91,13.86,0.8
0,255.5,3.967944062314928,0.0,0.0,0.0
1,259.671875,1.723624404519796,40.38,27.77,1.53
1,229.2083333333333,2.779349818825722,37.2,27.94,1.51
0,224.59722222222223,1.537461679014895,37.56,24.23,1.52
1,234.44444444444443,1.910987266051916,39.41,25.79,1.49
1,255.29166666666663,2.95038929912779,34.59,27.6,1.45
1,264.296875,1.81244345381856,34.26,31.3,1.5
1,247.66666666666663,4.56132372137573,33.23,30.37,1.49
1,231.26388888888889,2.136727849642436,36.52,26.07,1.51
1,252.1875,3.275814950466156,38.76,25.77,1.48
1,229.53125,1.833510426804423,36.77,27.51,1.52
0,244.359375,2.044955106452107,39.47,24.82,1.55
1,258.81944444444446,3.524257576300038,30.68,30.64,1.46
1,224.0,1.540215080810918,38.93,26.64,1.51
1,168.109375,3.429218959063292,33.63,32.88,1.49
1,239.5625,3.493210162036121,36.66,30.31,1.49
1,256.6666666666667,4.204945018721951,34.77,28.67,1.47
0,255.49382716049385,3.986199497440715,40.35,28.26,1.52
1,268.55555555555554,2.63844879799419,34.07,30.55,1.51
1,246.02777777777777,2.005561688707934,39.11,28.36,1.5
1,238.01388888888889,2.217585449417432,37.45,28.74,1.5
1,246.984375,1.978607202880085,35.76,26.68,1.47
1,245.52777777777777,5.372608044909106,36.56,28.28,1.5
1,237.390625,1.886296538636088,33.82,29.33,1.5
1,227.140625,2.25595367513597,39.67,27.81,1.52
0,257.703125,3.018506552092731,39.48,28.75,1.52
1,247.90625,3.839567023329437,35.94,28.44,1.51
1,255.859375,1.922886115498841,34.21,27.98,1.48
1,123.90625,3.256927919387818,36.57,27.96,1.48
1,231.13888888888889,1.482938200235367,38.74,27.59,1.48
1,245.0,1.411993348039687,38.91,28.0,1.46
1,250.65277777777777,4.107252283228769,38.28,29.29,1.5
1,230.65625,1.717260448262095,40.74,25.21,1.52
1,266.05555555555554,2.230439148015446,33.41,29.56,1.5
1,234.91666666666663,2.114476601282755,40.86,24.87,1.52
1,256.75,1.438271359540522,34.06,31.24,1.49
1,240.22222222222223,2.463705344700519,38.4,29.93,1.49
0,245.84375,1.609779060818255,39.45,24.73,1.55
1,259.890625,2.487563824281096,39.55,28.27,1.47
1,242.3333333333333,2.147738561218167,38.6,26.22,1.5
1,252.22222222222223,5.432069599628448,39.97,27.44,1.47
1,231.36111111111111,1.50860869884491,38.74,26.73,1.53
1,234.484375,2.105613585561514,37.71,25.27,1.49
1,248.63888888888889,2.031777467164728,39.44,27.09,1.52
1,248.71875,1.529436208307743,44.06,25.84,1.5
0,250.734375,3.580672520212829,0.0,0.0,0.0
1,240.4197530864197,2.004906391655957,36.79,25.36,1.51
1,234.625,2.471289498938455,38.34,28.24,1.52
1,255.3055555555556,2.085873414244917,33.86,29.94,1.49
1,236.875,1.596878013573587,36.76,26.24,1.54
1,269.63888888888886,2.156394502354993,31.81,30.42,1.47
1,259.4166666666667,1.865603451099661,37.59,29.34,1.49
0,267.2916666666667,2.324668843713072,16.74,14.92,0.72
0,236.48611111111111,3.629949669871065,38.33,28.88,1.5
0,251.36111111111111,3.037496276199818,0.0,0.0,0.0
1,225.98765432098764,1.920161061816745,37.04,26.19,1.49
1,230.8125,1.937952059321105,39.72,26.04,1.52
1,235.765625,1.865707956254482,39.3,25.73,1.48
0,231.0555555555556,2.75270938873291,41.6,25.15,1.39
1,253.16049382716048,3.052735903380829,32.29,25.87,1.45
1,231.13580246913577,1.45639407929079,35.87,28.49,1.48
0,257.58333333333326,2.742285140686565,9.16,10.36,0.47
0,250.36111111111111,3.002165026134915,0.0,0.0,0.0
0,268.25,2.285457646681203,0.0,0.0,0.0
1,232.69444444444443,1.490260287291474,39.05,26.97,1.51
1,234.358024691358,1.768320320565024,37.89,25.22,1.52
1,227.40277777777777,1.678003823591603,36.62,27.37,1.48
1,234.0,1.254737145370907,38.96,26.89,1.53
0,246.140625,2.354313851334155,40.85,27.26,1.51
0,266.0,1.954683472402394,11.18,11.87,0.53
1,233.17283950617283,1.600400651678627,36.07,26.73,1.53
1,237.5833333333333,1.787305669652091,39.16,27.32,1.53
1,254.90625,4.480717149563134,39.68,30.94,1.51
1,240.72222222222223,3.569251947932773,36.05,29.58,1.48
1,264.5416666666667,3.282941333949566,34.42,27.36,1.48
1,261.98765432098764,2.258946937543374,28.49,34.68,1.5
1,247.4691358024692,4.520986174359734,36.55,29.34,1.47
1,232.171875,2.48090838175267,40.21,25.75,1.52
0,231.06944444444443,2.157426576647493,4.46,2.8,0.17
1,258.6111111111111,4.41258125172721,39.32,30.15,1.54
0,252.453125,2.731835693120956,36.99,24.0,1.47
1,226.25,1.872155931260851,37.44,25.41,1.51
1,229.26388888888889,2.245908468133873,36.82,27.05,1.53
1,252.625,5.934548577293754,32.98,30.0,1.46
1,248.90625,2.832907945849001,33.99,29.64,1.53
1,237.29166666666663,2.872467288540469,37.5,26.86,1.48
1,239.8641975308642,4.638875620600618,36.06,29.29,1.49
1,230.38888888888889,1.506488063269191,39.43,26.55,1.5
1,237.0,2.013738950714469,39.38,26.32,1.47
1,257.58333333333326,3.777345121734672,37.8,29.22,1.46
0,224.09722222222223,2.006456989381048,0.0,0.0,0.0
1,263.1975308641975,3.362413715433191,31.12,32.75,1.5
1,269.38888888888886,2.860684361722734,38.41,31.09,1.51
1,228.38888888888889,1.422126831279861,38.0,28.13,1.52
0,254.76388888888889,3.986076694395807,35.99,30.87,1.48
1,246.640625,2.680634252727032,36.13,29.49,1.53
1,221.20987654320996,1.788555631667008,37.91,28.34,1.49
1,241.15625,1.997274884954095,38.56,27.53,1.52
1,236.679012345679,1.809478956240195,36.22,26.74,1.49
1,252.5555555555556,3.228518753416008,36.81,27.77,1.48
0,221.16666666666663,0.505283566812674,16.27,10.94,0.6
1,248.890625,2.692644679918885,36.29,27.99,1.47
1,234.546875,1.77731559984386,40.12,26.33,1.51
0,256.015625,3.820371101610363,21.91,11.95,0.77
1,242.86111111111111,2.208180035981867,35.66,29.89,1.48
1,258.859375,3.286642014048994,40.67,26.8,1.48
0,241.5625,1.554717445746064,7.11,5.73,0.3
0,266.75,3.227859907680088,19.44,13.47,0.78
1,243.34722222222223,2.467455310126146,38.39,29.28,1.55
1,254.921875,1.359649654477835,34.77,29.14,1.47
0,243.21875,2.51497744768858,39.15,27.0,1.52
1,241.47222222222223,2.748006312383546,33.46,23.03,1.4
0,238.9375,1.637702159583569,35.25,30.36,1.48
1,235.96875,2.351551699452102,38.0,25.98,1.54
0,248.96875,2.941908709704876,0.0,0.0,0.0
1,258.53125,10.005321571603416,40.71,27.77,1.46
1,255.88888888888889,3.320462924738725,41.25,26.69,1.47
1,229.828125,2.096980266273022,38.1,27.36,1.54
1,268.46875,2.424479374662042,34.47,31.12,1.49
1,231.5,2.084110839292407,38.22,25.71,1.51
1,257.78125,2.832344954833388,39.23,29.09,1.5
1,233.15277777777777,1.263214707374573,38.32,26.79,1.5
1,254.48148148148147,2.884815924697452,36.91,27.07,1.45
1,249.11111111111111,3.052339083618588,36.42,29.48,1.47
1,235.609375,1.96962805557996,37.92,26.18,1.51
1,257.921875,4.753422489389778,34.49,27.76,1.46
1,258.05555555555554,3.292867268125216,40.35,27.72,1.53
1,229.40277777777777,1.705129120084975,38.2,26.76,1.51
1,239.0625,1.807502315379679,39.82,26.48,1.54
1,240.20987654320996,1.689440287925579,38.11,27.25,1.51
0,237.25,2.705409997039371,39.48,25.86,1.47
1,233.90277777777777,2.273497904340426,38.48,25.46,1.52
1,253.546875,4.76667940337211,31.03,24.44,1.34
1,253.8055555555556,3.491600934002134,39.61,25.94,1.47
1,255.11111111111111,4.396103200813134,38.26,30.34,1.49
1,242.671875,2.055586948990822,38.52,29.02,1.5
1,265.90277777777777,2.392244540982776,35.31,30.72,1.48
1,253.375,1.647643187083304,36.11,28.26,1.47
0,251.17283950617283,2.946774467273995,28.85,20.43,1.13
0,231.34722222222223,2.290612269606855,14.84,10.6,0.61
1,257.484375,3.404256552457809,34.28,28.37,1.46
1,235.0,2.505849256180227,36.36,27.39,1.52
1,243.8641975308642,2.614751031369339,37.56,26.71,1.52
1,256.7916666666667,4.430883193181621,35.57,27.23,1.45
1,252.984375,4.432631745934488,32.07,25.73,1.45
0,257.15625,4.198443735018375,28.28,18.72,1.08
0,239.3055555555556,1.771762736141682,17.21,12.7,0.7
1,264.75,3.155016669072211,27.75,34.63,1.5
1,260.47222222222223,5.146452923615774,37.56,31.36,1.49
1,223.625,1.832229981819789,38.34,27.75,1.52
1,239.49382716049385,2.183022180457174,36.89,27.36,1.51
1,229.203125,2.085905770771205,39.62,24.92,1.51
1,237.515625,2.493918884545565,34.11,30.67,1.48
1,239.859375,1.971441968344152,38.11,27.3,1.5
1,226.078125,1.443239724263549,40.0,27.43,1.54
1,267.578125,2.806738207116723,31.03,30.11,1.49
1,238.09722222222223,1.954998698499468,38.62,25.27,1.51
1,248.875,3.692978897856341,35.91,27.63,1.49
0,233.203125,1.734906132332981,33.14,22.86,1.27
1,252.84375,1.803510609082878,37.6,26.79,1.48
0,239.796875,2.123891471885145,38.97,27.3,1.47
1,246.671875,2.645984765142202,37.36,28.02,1.48
1,255.92592592592592,4.404559603443852,27.49,32.45,1.45
0,245.0987654320988,2.644980160542477,36.42,26.51,1.52
0,239.8125,1.470328067429364,39.43,27.06,1.5
0,242.28125,2.58591424766928,5.59,3.82,0.22
1,255.796875,3.320462958887219,33.12,27.65,1.47
1,244.77777777777777,1.73954098423322,37.73,26.27,1.45
1,241.390625,2.802759750746191,37.97,25.81,1.49
1,237.734375,2.518240867182612,34.22,29.44,1.5
1,254.3055555555556,3.600736363066567,37.0,27.72,1.48
0,248.25,6.708490797318518,0.0,0.0,0.0
1,266.40625,1.794143653474748,33.44,29.3,1.51
1,254.61111111111111,2.01463827656375,36.36,28.23,1.46
1,256.79012345679007,1.992283408288603,40.42,28.82,1.52
1,229.16666666666663,1.838449954986572,39.31,25.58,1.5
1,254.859375,3.048372259363532,36.8,27.56,1.48
1,250.453125,5.366624216549098,38.4,29.67,1.5
1,233.3055555555556,1.84337942302227,42.07,24.78,1.51
1,232.8125,1.882544000633061,38.86,27.08,1.52
1,245.484375,2.880920586176217,39.24,26.8,1.55
1,252.61111111111111,1.693660443855657,36.26,27.72,1.48
1,232.40625,1.799303280189633,39.34,26.88,1.51
0,264.484375,3.156681434251368,0.65,0.58,0.03
1,237.921875,2.60262060072273,33.82,29.58,1.5
0,250.8055555555556,2.545902003844579,0.0,0.0,0.0
1,248.11111111111111,3.191512145929866,39.58,28.25,1.53
0,264.33333333333326,2.147660396165318,29.52,32.8,1.49
1,240.4375,2.698182700201869,38.08,27.83,1.51
0,251.02777777777777,5.570000984602506,17.37,10.92,0.66
1,221.734375,1.815132725052536,39.58,26.08,1.5
1,235.28125,2.319756120443344,37.88,25.3,1.49
1,231.203125,2.396362585015595,36.48,27.08,1.53
1,265.671875,2.134509180672467,34.93,31.16,1.51
1,257.60493827160496,2.942285346396175,38.68,28.33,1.5
1,239.375,1.672693067954646,36.06,29.68,1.5
1,232.6875,1.59264356084168,38.23,25.24,1.51
1,238.671875,1.863176180049777,38.45,25.85,1.52
1,231.890625,1.891656121239066,39.13,25.63,1.56
1,250.0,2.936875006390943,33.11,29.31,1.5
1,258.97222222222223,2.854754198756483,37.57,29.42,1.49
1,238.28125,2.741217560134828,39.38,26.76,1.51
0,249.88888888888889,2.596301499340269,40.19,26.73,1.48
1,262.53125,2.190051891840994,36.47,29.62,1.53
1,251.375,1.954051311127841,36.63,26.54,1.48
1,255.40625,3.596572681330144,39.08,27.1,1.48
1,239.46875,2.327749585732818,34.32,31.39,1.49
1,260.28395061728395,2.79756506210492,39.44,28.62,1.46
1,257.34567901234567,2.667590923515367,39.62,28.39,1.53
1,228.203125,2.816101642325521,38.58,25.67,1.52
1,231.14814814814807,1.521352025461786,39.55,26.86,1.54
1,232.63888888888889,2.270080352822939,37.09,27.79,1.52
1,263.375,2.154659301042557,30.16,31.95,1.49
0,260.7916666666667,1.814839463267061,38.72,26.75,1.47
1,242.46875,2.214623689651489,40.48,26.89,1.52
1,248.46875,2.284087382256985,28.63,18.13,1.08
1,255.8148148148148,5.05918092492186,39.34,28.17,1.5
1,229.0833333333333,1.490941680139966,39.17,25.67,1.53
0,232.0,1.989706402644515,33.69,24.27,1.4
1,242.5432098765432,2.038893358207043,36.21,29.64,1.48
1,241.4583333333333,2.088171939882967,35.26,27.91,1.5
1,232.51388888888889,1.887804077731238,39.22,25.93,1.56
1,260.125,3.820759983526336,38.27,29.0,1.49
1,247.90625,4.586446319706738,37.85,25.54,1.52
1,254.0617283950617,1.643393824129929,36.0,28.32,1.47
1,261.55555555555554,4.630593315594728,34.35,30.99,1.47
1,245.015625,2.035731048323214,40.69,27.78,1.51
1,233.5,2.483432289212942,38.45,26.65,1.55
1,250.5625,2.768798261880875,33.49,27.41,1.47
1,241.93827160493828,3.536301005033799,36.51,27.9,1.48
1,225.3333333333333,1.458924245503214,37.96,25.88,1.54
1,240.11111111111111,1.96539770729012,36.61,29.22,1.5
1,254.65277777777777,3.236712387038602,31.85,25.69,1.45
0,259.15277777777777,3.712808763815297,29.52,22.53,1.21
1,251.015625,1.963853413239121,35.55,26.41,1.48
1,253.96875,2.233450308442116,36.41,26.8,1.47
1,232.25,2.056480565004879,38.56,26.4,1.51
1,256.08641975308643,2.55089940406658,36.14,30.22,1.49
1,253.84375,3.170044348575175,31.65,25.77,1.45
0,244.484375,1.822800656780601,39.39,24.23,1.53
1,254.59722222222223,1.129391600688298,34.24,28.89,1.46
1,229.125,2.213208519853652,37.2,26.5,1.53
1,235.828125,2.263156489469111,40.08,24.99,1.48
1,248.97222222222223,2.901328521470229,39.08,28.11,1.49
1,229.79166666666663,1.870421243210634,38.4,27.79,1.53
1,231.65625,1.746865483000875,39.2,27.34,1.49
1,264.1111111111111,5.331184816029338,36.37,28.78,1.46
1,244.4375,2.459115011617541,34.96,29.94,1.49
1,254.44444444444443,4.77628646294276,27.54,35.14,1.45
1,254.984375,1.881404264830053,33.62,29.28,1.46
1,254.8395061728395,2.356652446735052,33.91,29.48,1.48
0,261.51851851851853,3.094663598655182,27.42,24.96,1.16
1,231.671875,3.981557184830308,26.22,17.15,0.91
1,256.828125,3.137683663517237,39.12,28.31,1.51
1,247.40277777777777,1.833287196026908,39.55,26.18,1.53
1,239.81944444444443,1.694697101910909,36.45,25.05,1.48
1,254.46875,3.343109774403274,40.63,26.23,1.52
1,242.72222222222223,1.888551196290387,34.99,28.28,1.5
1,227.31944444444443,2.179940049019125,35.74,25.06,1.52
0,256.46875,3.994069434702396,38.31,31.29,1.49
1,254.640625,2.630923043005168,10.57,10.07,0.45
1,244.02777777777777,2.215721753736337,37.8,30.31,1.52
1,236.79166666666663,2.026810453997718,39.8,24.6,1.48
1,262.328125,3.004991789348423,33.03,30.67,1.49
1,266.1111111111111,2.799486964941025,36.04,29.02,1.54
1,242.53125,1.949859383516014,36.81,27.72,1.52
1,263.640625,3.914384650066495,32.62,31.68,1.49
1,222.921875,1.763258004561067,38.64,28.06,1.5
1,235.96875,1.924540064297616,34.56,28.35,1.5
1,233.31944444444443,1.525035898718569,44.13,25.73,1.52
1,238.015625,1.992152407765388,35.07,29.42,1.5
1,265.3125,1.859534191899002,34.19,31.66,1.51
1,268.01388888888886,2.248743633429209,27.89,33.9,1.49
1,231.1851851851852,1.466031893535897,37.84,27.15,1.52
1,243.3333333333333,3.055460190331494,36.4,28.37,1.51
1,248.77777777777777,6.559830554657514,37.08,27.79,1.49
1,249.734375,2.757530820555985,41.02,25.27,1.53
0,240.0833333333333,2.122694483233823,5.17,3.65,0.22
1,232.70370370370367,2.060617137838293,38.54,25.33,1.54
1,261.77777777777777,2.317013094822566,37.83,28.41,1.49
1,243.41666666666663,2.438162925342719,38.59,28.46,1.57
1,264.328125,3.368601669557393,39.43,27.55,1.48
1,237.1875,2.11450812779367,39.24,25.98,1.53
1,243.66666666666663,2.605588956011666,35.93,27.32,1.48
1,256.515625,2.387281213887036,42.02,26.83,1.46
1,256.59722222222223,3.071462824940681,32.22,31.23,1.48
0,242.358024691358,6.207979021248994,0.0,0.0,0.0
0,245.453125,3.808989296667278,0.0,0.0,0.0
0,243.5,2.753744610585272,39.0,26.76,1.56
1,266.703125,2.54312000144273,29.7,33.74,1.5
1,231.81944444444443,1.379189141094685,38.62,26.08,1.55
1,146.68055555555554,2.007050893655637,38.26,27.09,1.51
1,247.75,4.787891636602582,32.81,31.21,1.5
1,249.8271604938272,1.761708816628397,41.65,28.0,1.52
1,235.140625,1.966964101418853,37.7,26.63,1.47
1,267.734375,1.681299829855561,30.41,31.81,1.48
0,255.6805555555556,6.15844002366066,35.11,26.28,1.45
1,254.40625,1.841509151272476,32.53,34.68,1.49
1,249.48611111111111,1.734858059220844,39.09,26.4,1.49
1,240.71875,2.118579582311213,36.41,28.5,1.52
1,257.1875,5.195641279220582,34.29,26.89,1.47
1,229.22222222222223,2.515421465039253,38.87,26.47,1.5
1,244.875,4.359611810185015,36.33,28.08,1.49
0,254.49382716049385,2.225908206568824,42.28,27.18,1.52
1,244.88888888888889,2.955065376228756,35.77,27.17,1.46
1,223.41666666666663,1.829109890593423,20.85,13.7,0.83
1,228.77777777777777,1.683064876331223,39.2,25.79,1.52
1,242.5,4.430968235246837,41.27,25.52,1.52
0,240.453125,2.699941330589354,0.0,0.0,0.0
1,230.30864197530863,1.982913190935865,37.15,27.43,1.53
1,231.875,1.82706908788532,39.95,25.56,1.5
1,240.796875,4.101509364321828,35.51,29.88,1.49
1,243.5,2.831314581135909,35.61,29.41,1.52
1,249.81944444444443,3.708037570118904,36.77,27.86,1.47
1,233.0555555555556,1.804183956649568,38.14,26.76,1.53
0,249.078125,3.534035995602608,41.8,27.03,1.47
0,241.9305555555556,2.05706526670191,0.0,0.0,0.0
1,238.5833333333333,2.256899894111686,37.76,29.02,1.5
1,262.93055555555554,2.725073107414775,37.99,27.23,1.51
1,225.75,3.764604388839669,28.58,21.26,1.18
1,222.765625,1.807636803947389,38.74,26.96,1.5
1,245.0,2.220408111810684,37.47,27.05,1.51
1,238.8641975308642,2.229773202060181,38.01,25.35,1.53
1,261.55555555555554,1.508143881220877,35.03,28.69,1.49
1,225.703125,1.42048276681453,37.65,25.74,1.51
1,139.76388888888889,1.603410645173146,38.52,23.95,1.5
1,256.28125,4.225802936591208,41.42,26.85,1.53
1,253.76543209876544,3.950109096220982,38.15,30.04,1.48
1,235.0833333333333,1.913479877014955,38.15,25.85,1.52
0,245.4305555555556,2.552880364159743,0.0,0.0,0.0
1,243.88888888888889,2.388632317384084,40.66,25.85,1.44
1,237.125,2.101850701702966,38.42,25.42,1.54
1,244.453125,4.134699705988169,34.41,25.09,1.4
0,240.640625,9.069323300383989,0.0,0.0,0.0
1,267.921875,2.210774625651538,34.7,31.57,1.51
1,249.23611111111111,2.532731057869063,41.4,27.33,1.51
1,239.234375,1.713051022961736,38.3,26.68,1.51
1,233.0625,1.815135405909631,38.22,26.07,1.52
1,257.22222222222223,5.80067225297292,27.46,32.15,1.45
0,239.875,2.062896682343013,26.11,16.74,0.95
1,255.984375,3.145100692287087,40.13,26.69,1.48
0,246.171875,1.880818048492074,38.4,26.23,1.56
1,254.15277777777777,2.317399067183336,34.09,29.33,1.47
1,251.0,2.356606501154602,31.39,25.94,1.45
1,241.91666666666663,3.136630961464511,38.01,25.98,1.51
1,236.54166666666663,4.389223182366954,38.98,25.98,1.56
1,270.69444444444446,2.161563441157341,32.92,30.01,1.49
1,230.734375,2.45088909752667,40.01,25.75,1.52
1,254.36111111111111,3.675709863503774,39.43,27.29,1.51
1,230.296875,2.43652405589819,38.29,28.31,1.51
1,232.765625,1.707380467094481,38.48,26.24,1.54
0,239.75,4.471717863343656,35.68,19.35,1.18
1,243.4583333333333,2.088636367685265,37.95,28.54,1.52
1,257.77777777777777,5.318443818224802,40.41,29.29,1.5
1,237.234375,2.191854050382972,34.91,29.55,1.51
1,246.51388888888889,2.556794452998373,36.1,27.0,1.52
1,231.640625,2.259425111114979,37.63,24.99,1.52
1,227.86111111111111,1.3602205067873,38.68,26.51,1.52
1,230.15625,1.450690899044275,38.22,25.7,1.54
1,254.90277777777777,2.017114787465996,32.54,29.31,1.47
1,252.52777777777777,1.707158574627505,36.78,26.16,1.48
1,265.0123456790124,2.21223928383839,35.19,29.42,1.51
0,233.140625,4.181121830587034,29.32,30.3,1.39
1,223.515625,2.194933032616973,38.83,29.22,1.5
1,247.03125,1.625292608514428,36.37,27.08,1.5
1,235.36111111111111,1.335890146593253,38.6,26.33,1.5
0,249.3333333333333,1.972986858752039,0.0,0.0,0.0
1,266.140625,2.344288200139999,32.22,29.86,1.49
1,248.65277777777777,3.743502397504118,39.52,25.78,1.5
1,234.08641975308643,1.77760484189163,40.27,26.2,1.5
1,250.671875,1.978507144376636,41.7,26.68,1.5
1,251.078125,3.383988391608,39.77,28.7,1.5
1,253.16666666666663,4.291174335612191,42.56,26.33,1.48
1,230.3055555555556,2.16985972225666,37.59,27.1,1.5
1,257.02777777777777,3.290573889182673,42.2,26.99,1.47
1,258.5625,3.656371510587633,30.56,30.55,1.45
0,243.34567901234567,1.606245289614171,6.34,4.34,0.25
0,240.96875,7.597273727878928,0.0,0.0,0.0
1,236.6875,2.410508257336915,42.8,25.55,1.47
1,261.61728395061726,2.763432926601834,37.1,29.47,1.48
1,228.609375,1.549436742439866,39.02,26.45,1.51
0,241.4583333333333,1.894413215418657,8.87,6.37,0.37
1,233.734375,1.934873512946069,35.03,30.4,1.5
1,231.40277777777777,1.595007276369466,37.74,26.65,1.53
1,230.078125,1.754959567449987,38.75,24.45,1.53
0,243.02777777777777,1.595456374188264,31.34,19.53,1.19
1,236.890625,1.7339768409729,35.71,28.33,1.5
1,238.48611111111111,2.205044738948345,37.27,27.88,1.48
1,243.0,2.205799072153038,38.49,27.12,1.55
1,232.0625,2.501908032223582,38.44,27.19,1.51
1,228.51388888888889,2.643135901954439,0.0,0.0,0.0
1,252.265625,3.957667700015008,35.36,25.62,1.48
1,231.22222222222223,2.379354394972324,35.73,27.6,1.49
1,230.0625,1.905333890579641,38.4,26.87,1.53
1,232.51388888888889,1.692558098170492,40.23,26.66,1.5
1,248.546875,1.933566888794303,39.73,29.41,1.49
0,255.27777777777777,8.305854522519642,0.0,0.0,0.0
1,267.13888888888886,1.875801388588217,26.71,33.85,1.5
1,256.875,3.457129794690344,29.6,31.1,1.45
1,237.546875,2.123831157572567,38.48,25.34,1.55
1,252.265625,2.183538948185742,36.39,26.84,1.48
0,232.16666666666663,2.160500418808725,36.14,27.02,1.52
1,252.859375,3.594665199518204,34.66,30.53,1.47
1,250.015625,2.477503782138228,39.56,28.43,1.5
0,254.23611111111111,3.937955097191864,34.3,26.23,1.37
1,231.3125,2.234904170967638,39.26,25.56,1.51
1,245.53125,1.701307862997055,40.61,27.34,1.52
1,237.34375,2.975176933221519,39.24,26.23,1.47
1,234.77777777777777,1.727292783558369,38.48,27.14,1.49
1,255.1805555555556,3.135693624615669,36.46,28.17,1.49
1,254.5,3.212314482364389,33.49,27.71,1.45
1,262.58333333333326,2.82002833733956,31.31,33.28,1.5
1,255.3333333333333,3.507406039370431,34.2,27.25,1.48
1,229.4583333333333,2.067346315417025,37.72,27.02,1.5
0,238.9305555555556,1.572654782070054,0.0,0.0,0.0
1,237.4305555555556,2.018080811533663,37.74,27.28,1.51
0,259.5432098765432,2.57803057005376,40.73,28.88,1.49
1,232.609375,1.72295268625021,38.91,26.87,1.52
1,239.640625,2.058734087273479,44.87,22.55,1.49
1,233.21875,1.694982872344553,40.48,26.19,1.49
1,227.453125,2.264100040309131,36.55,25.47,1.51
1,252.734375,1.671277513727546,36.53,26.25,1.49
1,211.59722222222223,2.314728923141956,38.24,26.22,1.52
0,236.11111111111111,2.801964932845698,34.92,21.38,1.23
1,238.1875,2.074823331087828,34.07,28.73,1.51
1,243.171875,1.947241056710482,37.74,27.46,1.51
0,214.375,2.009843841195107,41.48,25.32,1.52
1,254.84375,4.187960273586214,40.0,25.42,1.48
1,266.171875,2.374764116480947,31.19,32.79,1.48
1,256.46875,2.916804335080087,35.36,27.58,1.48
1,254.92592592592592,2.789067205087638,38.2,32.68,1.49
1,233.38888888888889,1.740672359863917,40.49,25.28,1.52
1,238.796875,2.335692325606942,35.79,30.29,1.49
1,245.453125,2.971108669415116,35.86,29.46,1.51
1,238.328125,1.853864165022969,37.12,31.22,1.49
0,248.22222222222223,2.283974221183194,9.79,9.19,0.44
1,239.59375,2.129170736297965,36.69,29.08,1.51
1,256.1875,3.942158099263906,37.97,27.99,1.49
1,252.11111111111111,3.0607371462716,37.78,29.01,1.51
1,223.921875,1.828540656715631,36.82,25.63,1.52
1,229.3055555555556,2.155912529263231,36.86,25.75,1.49
1,231.77777777777777,1.972520157694817,37.05,29.05,1.5
1,257.06944444444446,2.36451700826486,34.85,27.57,1.49
1,246.85185185185185,2.141116114310276,39.25,28.26,1.5
1,248.16666666666663,1.439542089071539,39.28,26.62,1.51
1,254.484375,2.207147157751024,39.27,29.34,1.5
1,236.16666666666663,5.076073843571876,38.51,26.94,1.52
1,259.375,2.922094493276543,40.2,26.85,1.51
1,229.51388888888889,1.872570343315601,36.27,28.69,1.5
1,230.52777777777777,2.269682128396299,37.8,27.01,1.54
1,233.875,3.246501237154007,38.29,29.25,1.54
1,260.09722222222223,4.506765151189434,37.57,30.72,1.5
1,234.22222222222223,1.697234333389335,38.76,27.96,1.51
0,251.47222222222223,5.753438361816936,39.92,26.78,1.55
1,253.9375,5.43681672681123,34.7,27.09,1.46
1,236.171875,2.065894416533411,36.53,27.39,1.5
1,233.90625,2.176229969598353,36.91,26.42,1.53
1,263.640625,2.761478384025395,34.89,30.48,1.45
0,253.09722222222223,6.012755141490036,39.02,25.33,1.53
0,241.359375,3.770284362137318,0.0,0.0,0.0
1,270.15277777777777,2.448338982959589,34.9,32.19,1.51
1,265.671875,3.296601236797869,32.01,30.93,1.47
1,269.55555555555554,1.815650743742784,34.35,30.77,1.51
0,255.84722222222223,2.808550485306316,0.0,0.0,0.0
1,235.7083333333333,1.613274696800444,38.59,25.79,1.52
1,263.94444444444446,1.530789431598451,38.76,28.98,1.48
1,242.875,2.959941484034061,36.7,26.8,1.5
0,255.39506172839504,4.434736304812964,40.51,25.66,1.53
1,257.03125,3.549413950182498,33.07,30.8,1.47
1,235.453125,3.094114071689546,39.21,26.54,1.51
1,241.75,1.562626149091456,34.84,31.87,1.51
1,260.98765432098764,2.290757731155113,36.37,28.92,1.52
0,236.21875,2.214914371259511,30.54,16.85,1.09
0,244.23611111111111,2.500180390146044,9.56,6.55,0.39
1,224.8055555555556,1.788569459484683,38.83,27.73,1.51
0,243.4583333333333,2.750254039963087,35.58,27.59,1.47
1,241.671875,2.221584919840097,36.59,28.26,1.5
1,259.51388888888886,5.247843869858318,41.35,25.15,1.5
0,237.7083333333333,2.355798173281881,0.0,0.0,0.0
1,236.88888888888889,1.826908275669004,36.83,26.98,1.49
1,258.75,1.736954202875495,38.7,25.48,1.5
1,254.375,3.804510782472789,32.64,30.29,1.47
1,264.33333333333326,4.218034891434658,32.16,29.04,1.46
1,237.15625,2.132411574013531,34.45,29.19,1.49
1,265.28125,4.57412458024919,32.52,29.11,1.49
1,225.65277777777777,1.406922284927633,37.55,26.39,1.5
1,244.6875,3.777164274826646,34.37,31.07,1.51
1,250.0833333333333,3.930751110944483,39.58,29.36,1.52
1,244.328125,2.610767005942762,36.4,29.46,1.5
1,231.31944444444443,2.080744163857566,37.77,29.9,1.51
0,244.79012345679007,2.897720740165239,39.37,24.84,1.52
1,240.015625,2.349341804161668,38.29,30.9,1.5
1,231.0,2.907576384022832,37.23,25.68,1.46
1,233.72222222222223,2.241696359382735,39.01,24.76,1.54
1,254.453125,1.567839272320271,33.77,29.57,1.48
0,268.31944444444446,2.318895800246133,0.0,0.0,0.0
1,228.125,1.5589071912691,39.31,25.91,1.53
1,256.34722222222223,4.355967774987221,38.39,30.12,1.48
1,265.7916666666667,2.802155329121484,28.01,36.74,1.49
1,258.515625,4.652603382244706,28.08,32.19,1.45
0,246.98611111111111,2.725616667005751,42.81,25.54,1.52
1,240.859375,3.535274713300169,36.3,31.02,1.5
0,256.3611111111111,7.912899086872738,49.15,20.04,1.53
1,243.76543209876544,3.845500715720801,35.94,28.22,1.53
0,267.109375,2.88325054012239,18.86,12.16,0.72
1,262.22222222222223,2.037524095012082,33.75,30.41,1.5
0,249.16049382716048,4.396160964612608,40.14,29.91,1.52
0,234.01388888888889,1.85154732896222,11.66,7.98,0.46
1,232.75,1.488621001131833,37.86,27.81,1.5
1,260.94444444444446,2.205211715565787,39.48,27.89,1.48
1,229.3333333333333,1.917955290940073,35.49,29.53,1.52
1,251.265625,1.795978876762092,34.59,27.28,1.49
1,115.51388888888889,2.546337957735415,37.53,26.32,1.53
1,242.73611111111111,3.433390496505631,35.64,29.66,1.5
1,253.734375,3.136676571331918,39.12,28.8,1.5
1,243.16049382716048,1.894821407618346,36.3,25.15,1.51
1,245.88888888888889,3.148269067207972,41.89,25.51,1.52
1,246.578125,2.338822844438255,34.75,29.44,1.53
1,254.578125,1.399710492230952,5.93,4.87,0.25
1,239.65625,2.374780457466841,32.48,29.3,1.49
1,265.296875,2.082979368977249,36.84,29.02,1.51
1,241.48611111111111,3.417972289853626,36.47,28.42,1.51
0,247.75,1.451230447739363,0.0,0.0,0.0
1,228.984375,2.242965647019446,40.58,25.72,1.52
1,259.88888888888886,3.989595534072982,28.99,32.17,1.46
1,234.11111111111111,3.081107847392559,39.31,24.12,1.49
0,261.19444444444446,2.333189610805777,38.26,25.57,1.48
1,231.375,1.690473647788167,38.0,26.32,1.52
1,262.828125,4.659094421193004,41.7,24.7,1.5
0,252.453125,1.543954123742878,42.02,27.13,1.53
1,256.679012345679,4.806735862184454,27.56,34.9,1.45
1,244.29166666666663,4.695172068973382,39.21,25.7,1.46
1,227.625,1.996407487429678,40.09,25.0,1.52
1,227.15277777777777,1.489702003697554,37.6,26.42,1.52
1,226.7530864197531,1.655101525930711,35.88,27.2,1.51
1,257.34722222222223,2.109248579376274,27.12,20.06,1.01
1,244.03125,3.950514867901802,35.12,28.5,1.52
1,228.28125,1.806042377837002,37.24,27.87,1.49
1,258.22222222222223,4.586150542729432,38.87,27.05,1.49
1,259.5,1.868816285497612,38.93,26.35,1.46
1,260.13888888888886,2.22989246994257,38.52,31.1,1.48
0,229.47222222222223,2.121288036306699,38.44,25.6,1.53
1,230.375,1.953400067985058,39.41,27.03,1.52
1,233.8055555555556,2.027393100162347,37.8,25.79,1.54
0,239.421875,5.456079569645226,40.56,25.7,1.51
1,233.84722222222223,2.91316245496273,41.63,26.49,1.47
1,251.86111111111111,1.509759727451536,35.29,27.12,1.47
0,241.88888888888889,2.262674051854345,37.1,26.14,1.5
1,268.08333333333326,2.401439695722527,33.24,30.4,1.48
1,232.04166666666663,1.316538340515561,37.27,26.78,1.5
0,232.84722222222223,2.1365358001656,31.85,22.15,1.3
1,240.79166666666663,2.409985938833819,37.58,28.49,1.49
1,237.7283950617284,2.700170261624419,40.67,25.18,1.48
1,248.90625,4.735677288845182,39.66,29.36,1.49
1,228.11111111111111,1.966653398341603,35.93,27.2,1.52
1,236.625,2.332512314948771,34.44,26.91,1.49
1,234.23456790123453,2.34107862578498,37.43,26.1,1.53
0,263.375,2.266567045615779,16.47,14.75,0.69
1,240.1875,2.170396121218801,37.61,29.15,1.49
1,237.04166666666663,1.71130093269878,37.79,28.81,1.5
1,235.59375,2.097581573762,36.63,26.34,1.53
1,253.91666666666663,3.573628070453803,33.62,27.11,1.47
1,230.671875,1.960785171948373,37.03,25.21,1.53
1,255.046875,2.40743157081306,33.62,27.07,1.47
1,237.75,2.239182719960809,38.42,26.18,1.5
1,227.6296296296296,2.03529945935732,39.41,26.73,1.51
1,232.61111111111111,1.848920827938451,38.21,25.78,1.5
1,236.04166666666663,2.013797471920649,38.48,28.95,1.51
1,231.953125,2.107816550880671,38.78,25.99,1.52
0,242.625,4.840345691889524,38.52,27.31,1.48
1,248.2083333333333,2.966535131964418,39.17,27.1,1.52
1,230.328125,1.839738804847002,37.77,26.41,1.51
1,242.6805555555556,2.499807092050711,36.92,27.13,1.52
1,230.140625,1.63103031180799,37.73,27.87,1.53
1,260.703125,5.107897772453726,34.38,28.29,1.31
1,263.63888888888886,2.07410444981522,31.44,29.81,1.48
1,259.171875,2.374783338978887,38.53,29.28,1.5
1,169.5625,2.273347824811935,33.76,32.98,1.49
1,246.09375,2.238653629086912,42.98,24.57,1.53
1,238.25,1.249084720181094,35.49,29.02,1.47
1,242.76388888888889,1.9451245798005,35.98,28.63,1.51
1,240.92592592592592,2.046959740144235,23.61,16.24,0.94
1,236.63888888888889,2.046284477743837,37.49,28.95,1.5
0,269.0416666666667,2.13873565196991,12.16,9.97,0.5
1,231.2083333333333,2.068095463017622,37.77,27.3,1.54
1,227.40625,1.743119351565838,38.3,26.43,1.49
1,262.609375,1.867891807109118,37.04,28.45,1.49
0,235.5555555555556,2.758279792136616,39.59,26.11,1.5
0,253.71875,8.52208320889622,0.0,0.0,0.0
1,237.671875,2.641653972677886,38.28,25.91,1.51
1,227.98611111111111,1.807728937102689,39.42,27.64,1.52
1,268.125,2.505530783906579,29.13,34.47,1.5
0,247.9305555555556,3.945693910121918,38.94,27.19,1.49
1,256.12345679012344,4.324735642215352,37.01,28.57,1.5
1,236.0,2.355839930474758,39.61,27.21,1.51
1,255.84722222222223,2.588828111688296,41.26,26.55,1.52
1,248.81944444444443,3.79824013925261,32.68,30.71,1.49
1,234.6875,1.81977912504226,37.37,25.4,1.5
1,256.25,2.229870761434237,36.12,29.14,1.48
1,265.26388888888886,4.588593394392068,37.37,26.62,1.48
1,255.51851851851848,5.05708670763322,39.6,27.64,1.51
1,254.265625,4.022509434260428,39.22,27.77,1.5
1,242.375,4.790478072469196,31.2,27.86,1.45
0,239.375,2.28981995748149,39.22,26.79,1.5
0,257.4375,2.250953320413828,6.38,5.38,0.28
1,265.21875,1.777384547516704,36.17,31.11,1.5
1,255.765625,3.825167283415794,35.69,27.18,1.47
1,249.01388888888889,2.881787370476458,35.45,27.84,1.52
1,263.03125,4.749498281627894,40.09,29.98,1.49
1,234.65625,2.192986345849931,38.91,25.41,1.52
1,232.15277777777777,1.782918344769213,39.34,26.17,1.5
1,251.3055555555556,2.184317983686924,36.66,27.22,1.5
1,233.75,1.923534095287323,40.84,24.65,1.5
1,234.390625,2.430091771297157,38.94,26.27,1.51
1,266.6875,2.303753970190883,36.05,31.01,1.52
1,229.02777777777777,1.785061195492744,36.64,25.88,1.52
0,244.47222222222223,1.933666833572917,16.8,12.29,0.69
1,257.76388888888886,3.253244356976615,41.38,27.05,1.51
1,228.44444444444443,3.407059643831518,24.92,17.95,1.03
1,252.77777777777777,3.703318700194359,39.59,26.5,1.48
1,232.94444444444443,1.979570331672827,37.34,26.08,1.53
0,241.16666666666663,2.25488196230597,0.0,0.0,0.0
1,267.5625,2.024109953083098,32.95,32.73,1.49
1,269.34722222222223,2.261606957349512,33.15,29.8,1.49
0,242.859375,1.744419442489743,20.55,12.91,0.8
0,251.22222222222223,1.854032639000151,8.83,6.05,0.34
1,263.69135802469134,5.221182737821414,37.67,27.84,1.54
1,258.81481481481484,4.94408506449358,38.45,28.9,1.48
1,232.296875,1.270240831188858,39.13,27.41,1.51
0,257.06944444444446,3.239864735967583,34.52,27.12,1.47
1,232.5308641975309,2.644483416904638,40.09,25.72,1.51
0,255.015625,7.322609949856998,25.05,11.89,0.77
0,241.88888888888889,1.691476785842283,38.1,27.45,1.5
1,261.65625,1.262320639565587,36.75,29.37,1.5
1,257.546875,4.490736017003657,28.7,32.64,1.45
1,228.97222222222223,1.764775288601716,37.71,26.83,1.51
1,248.51388888888889,2.673728552957376,41.14,27.7,1.53
1,232.484375,1.747107609175146,45.76,26.11,1.5
1,245.51388888888889,4.9902492086677,32.9,29.59,1.5
1,257.015625,3.801815793849528,42.6,26.56,1.5
1,263.53125,2.358177935704589,30.95,31.03,1.48
0,242.91666666666663,2.2433569530646,0.0,0.0,0.0
0,231.8125,1.838935228995979,36.65,25.84,1.49
1,256.4166666666667,1.510537895063559,34.7,27.78,1.49
1,236.203125,5.215940187685192,38.92,29.7,1.55
1,255.0555555555556,4.253566583825483,36.33,24.19,1.47
1,239.96296296296296,2.28685243262185,39.31,26.93,1.51
0,243.625,2.471204338595271,19.41,11.24,0.7
0,244.296875,3.350900249555707,39.91,23.83,1.5
1,243.41666666666663,2.108008809387684,38.86,29.5,1.48
1,224.19444444444443,2.361809178358979,37.08,25.69,1.52
1,241.59722222222223,2.080102674663067,37.13,25.35,1.52
1,243.1805555555556,2.114633694291115,36.67,27.88,1.51
1,241.76388888888889,3.240949889851941,35.17,29.38,1.5
1,209.79166666666663,2.806280331364993,37.45,27.17,1.51
1,229.03703703703704,1.428485642244786,36.32,26.32,1.53
1,235.5,2.334289509803057,40.71,25.2,1.49
0,255.7283950617284,4.739418224052146,24.25,15.46,0.89
1,238.0,2.027230056623618,36.27,28.14,1.49
0,237.09375,1.844833572395146,36.16,25.16,1.5
1,240.5833333333333,2.185022918714417,35.31,27.84,1.49
1,238.4375,1.982569843530655,39.19,27.54,1.51
1,253.65625,3.589697441086173,40.19,26.31,1.48
1,262.625,6.061557059176266,39.24,26.73,1.48
1,231.22222222222223,2.040886391368177,42.7,25.18,1.51
1,249.296875,3.478516242466867,37.26,29.22,1.49
1,256.6666666666667,4.629181902441714,33.26,29.29,1.48
1,250.671875,4.171627680123863,38.9,26.77,1.49
1,178.6049382716049,2.401886339540835,33.4,30.83,1.47
1,226.63888888888889,2.445086300373077,37.18,25.39,1.51
0,273.61728395061726,7.097062049824514,31.55,29.5,1.44
0,255.77777777777777,3.949509312709173,39.52,24.78,1.53
1,254.5833333333333,2.593860304190053,33.27,30.34,1.47
1,230.09722222222223,1.691677308744854,38.18,29.9,1.5
1,228.4305555555556,2.031540466679467,37.03,26.31,1.51
1,251.71875,5.167637473903596,40.48,26.1,1.49
1,265.484375,4.318973649293185,36.33,27.23,1.49
0,244.95061728395052,1.350710018917366,0.0,0.0,0.0
1,250.1805555555556,3.964322610861725,38.44,25.75,1.5
1,247.8395061728395,3.187820480193621,36.1,27.7,1.49
1,221.59722222222223,1.999347440898418,38.78,25.63,1.5
1,234.8055555555556,1.844555372165309,24.12,17.06,1.02
1,266.75,2.77735243903266,33.21,31.7,1.49
1,249.0,4.444329045712948,35.0,29.32,1.51
1,253.84722222222223,4.660612710648114,37.95,31.73,1.51
1,238.11111111111111,2.753186219268375,34.62,30.36,1.5
0,245.12345679012347,2.51574448376526,0.0,0.0,0.0
1,245.203125,1.825879539363086,38.17,26.23,1.54
1,241.875,2.044599039687051,37.1,26.83,1.51
1,232.953125,1.635848999023438,38.95,28.12,1.5
0,240.3333333333333,2.18071274459362,37.15,24.95,1.51
1,254.09375,3.788144535385072,30.87,31.32,1.45
1,255.796875,4.030232419259846,31.44,29.24,1.44
1,235.328125,1.763887986540794,37.67,24.82,1.49
1,232.75,1.587259128689766,38.55,26.43,1.52
1,229.515625,2.032572538591921,38.63,27.27,1.51
1,260.53125,2.334436948411167,38.98,30.96,1.51
0,240.36111111111111,3.825506878395875,44.96,24.64,1.52
0,239.0,2.216851310804486,34.81,25.49,1.52
1,227.8055555555556,1.896030022038354,38.77,26.49,1.52
1,241.53125,1.845348530448973,39.46,28.89,1.49
1,252.9375,2.915989715605974,35.57,25.38,1.48
1,250.54166666666663,1.622227806184027,35.26,27.22,1.49
1,260.79012345679007,4.405662075236992,39.72,28.65,1.48
1,262.09722222222223,3.215997277034654,38.85,29.73,1.49
1,263.5625,3.862815357744694,36.48,27.82,1.46
1,234.625,1.857591106556356,41.5,25.33,1.47
0,250.44444444444443,2.400824980603324,0.7,0.46,0.03
1,240.875,1.967205711536937,36.56,26.18,1.51
1,245.56944444444443,3.602720396386252,32.12,31.48,1.48
1,257.875,4.345322968438268,39.36,27.94,1.52
1,242.47222222222223,1.833981426225768,37.29,27.16,1.52
0,239.16666666666663,2.023947654498948,0.0,0.0,0.0
1,252.578125,1.699876567348838,36.82,27.3,1.49
0,238.640625,6.249725110828876,50.88,22.01,1.52
1,268.40625,2.446836127899587,31.03,30.91,1.5
1,246.91666666666663,2.598961417045858,34.69,31.34,1.51
1,225.140625,2.24121723882854,38.64,26.61,1.49
1,255.90277777777777,5.206269201305178,38.47,29.46,1.48
1,264.90625,1.780011431314051,36.26,30.34,1.5
1,248.34722222222223,3.666909940540791,37.07,28.56,1.49
1,246.921875,2.507013970054686,35.82,28.33,1.5
1,232.97222222222223,1.412843868964248,43.62,25.3,1.52
1,229.3125,1.566664637997746,35.96,26.93,1.51
1,256.2098765432099,3.290699068410897,27.75,34.02,1.45
1,255.203125,4.61475055012852,32.37,27.21,1.45
1,257.7361111111111,4.973162073228094,38.43,29.41,1.48
1,228.734375,1.860998257063329,39.32,25.64,1.5
1,267.18055555555554,1.980487984087732,29.61,33.17,1.49
1,248.078125,2.330235840752721,39.84,26.05,1.51
1,251.890625,4.045839171856642,42.85,23.55,1.51
1,264.95833333333326,5.02574936631653,31.45,29.56,1.47
1,228.765625,1.692059070803225,35.82,27.26,1.52
1,233.0,2.221166726201773,37.25,26.98,1.5
1,242.0833333333333,1.584249220788479,39.26,26.63,1.56
1,263.265625,3.889315254986286,34.47,28.82,1.49
0,252.46875,3.121815457940102,0.0,0.0,0.0
0,258.5,2.475107782520354,16.55,11.2,0.61
0,235.484375,2.742985421791673,39.58,25.2,1.49
1,238.25,1.691733151674271,40.13,26.82,1.5
1,259.46875,5.527134219184518,37.17,26.49,1.47
1,235.3333333333333,2.650302732156383,36.55,24.96,1.55
1,232.8333333333333,2.5520871265067,40.81,26.69,1.5
0,269.515625,5.733154743909836,37.48,27.65,1.47
1,261.15277777777777,2.983452652891477,38.06,29.56,1.51
1,228.86111111111111,2.225881045063337,37.48,26.78,1.52
1,267.203125,2.006511455401778,31.7,31.42,1.48
0,249.5833333333333,4.312044941716726,40.81,27.13,1.52
1,234.56944444444443,2.024284323056539,38.61,25.82,1.5
1,256.31944444444446,4.308235665990247,37.33,32.31,1.52
1,233.66666666666663,2.056689596470491,41.46,24.75,1.46
0,246.73611111111111,2.726564138299889,37.26,26.89,1.48
1,264.06172839506166,2.924246239809342,32.16,32.98,1.48
1,232.921875,1.909306032583117,43.42,24.78,1.53
1,248.390625,3.350692356936634,39.22,27.67,1.48
0,233.44444444444443,1.933956378036075,33.48,23.04,1.33
1,234.3703703703704,2.424449198775821,37.41,26.41,1.49
0,241.77777777777777,1.854038549794091,26.57,17.1,0.97
1,247.65625,3.832544142380357,32.01,27.11,1.47
0,273.55555555555554,2.621482766336865,31.89,30.38,1.51
0,251.2083333333333,3.910273073448075,0.0,0.0,0.0
1,228.53125,1.703026572242379,38.19,27.2,1.5
1,256.28125,3.464998527429998,6.03,5.02,0.27
1,227.609375,2.209364084526896,41.34,26.33,1.53
1,262.52777777777777,4.060123281346427,31.77,30.02,1.47
0,260.2916666666667,2.738589510321617,0.0,0.0,0.0
1,243.23611111111111,2.481578514807754,40.2,29.1,1.51
0,248.3333333333333,3.524107121758991,0.0,0.0,0.0
1,261.51388888888886,2.720516434146298,37.74,25.61,1.46
1,242.65277777777777,2.592791135112444,38.8,27.43,1.51
1,249.85185185185185,2.89411402558103,32.9,32.16,1.48
1,233.25925925925927,2.246619765405302,38.66,25.25,1.5
1,261.78125,4.526215799152852,38.5,29.59,1.5
1,232.51388888888889,2.289873866571321,38.76,25.65,1.51
0,261.47222222222223,3.041992195778423,0.0,0.0,0.0
1,268.84375,1.151835029944777,26.3,34.31,1.48
1,243.484375,1.431740563362837,39.98,29.13,1.51
1,231.328125,2.437892822548747,39.51,25.75,1.5
1,266.6875,2.786286609247327,32.72,30.19,1.48
1,228.9305555555556,2.082753977841801,39.08,26.78,1.52
0,233.578125,1.813946628943086,0.0,0.0,0.0
0,246.15625,2.33194163069129,0.94,0.83,0.04
0,252.125,1.764396739502748,37.04,26.89,1.5
1,241.234375,2.258231254294515,38.49,26.64,1.52
1,239.97222222222223,3.255323266817464,38.2,27.2,1.51
1,258.83333333333326,2.151150684389803,41.47,26.96,1.51
1,255.02777777777777,3.487864861885706,39.5,25.18,1.49
1,237.59375,2.014795291237533,37.0,29.43,1.51
1,252.65277777777777,3.835005171597004,40.51,28.72,1.52
1,243.8125,2.73596150521189,35.93,27.53,1.51
1,265.546875,2.602629977278411,36.44,31.64,1.48
1,241.9305555555556,1.878546015255981,36.0,30.82,1.51
1,231.234375,2.648268210701644,36.55,26.81,1.52
0,249.56944444444443,2.258803767462572,0.0,0.0,0.0
1,232.1805555555556,1.694200282295545,38.46,25.67,1.52
0,256.22222222222223,3.553364374755341,40.49,28.13,1.48
1,238.203125,1.739400487393141,37.91,28.24,1.48
1,233.125,1.740631428029802,38.02,25.85,1.54
1,230.15625,1.889607412740588,39.01,26.91,1.52
0,253.12345679012347,4.308982475304309,38.66,26.11,1.52
1,222.1805555555556,1.970347651176982,37.24,24.96,1.5
1,265.76388888888886,2.61558989683787,30.23,36.6,1.47
1,260.7916666666667,4.34200151430236,41.88,24.5,1.5
1,260.8641975308642,3.39392089990922,33.89,27.35,1.46
1,247.13888888888889,4.067865028149553,34.99,29.36,1.5
1,235.44444444444443,2.617660058869256,37.3,26.61,1.51
0,269.1111111111111,2.193276933681818,30.3,30.97,1.49
1,260.5625,2.478259675204754,38.98,29.25,1.48
1,230.96875,1.759195378050208,37.89,27.28,1.51
1,256.8125,4.99646197538823,33.08,29.42,1.46
1,254.66666666666663,3.84859484516912,27.44,35.16,1.45
1,232.5,1.900096668861806,39.17,25.94,1.51
0,254.38888888888889,4.651703952087296,37.19,31.46,1.51
1,251.86111111111111,3.001783647471004,37.3,28.47,1.47
1,248.15625,2.734423838555813,35.93,27.62,1.49
1,247.625,2.097552674512068,31.19,21.44,1.19
1,255.86111111111111,3.911491713590092,41.1,24.88,1.53
0,230.125,2.834049108955595,27.81,17.99,0.98
1,240.0625,2.435505877248943,34.2,31.8,1.5
1,236.51388888888889,2.153239198856884,35.57,26.18,1.5
0,237.2083333333333,2.673626306984159,12.85,9.83,0.54
0,260.22222222222223,2.478045970569422,34.28,26.54,1.35
1,256.19444444444446,2.651146385404799,41.56,27.18,1.5
1,243.9305555555556,2.524503641658359,39.02,27.65,1.56
1,247.640625,3.33213710039854,39.84,28.89,1.5
1,246.11111111111111,2.145463871459166,38.71,29.81,1.51
1,228.9375,2.229104159399867,39.42,25.87,1.52
0,263.515625,5.140668293461204,37.17,28.25,1.54
1,251.4074074074074,2.86335708550465,37.96,25.98,1.48
1,249.50617283950612,4.283477005399304,38.61,29.24,1.49
1,229.21875,2.214586580172181,37.81,26.77,1.51
1,256.4375,3.643335493281484,40.6,27.15,1.48
1,224.09722222222223,1.627893913123343,37.95,27.17,1.52
0,225.77777777777777,1.978581067127517,32.07,20.29,1.03
1,232.921875,1.860069503076375,38.79,25.99,1.56
0,253.015625,4.799776880070568,0.0,0.0,0.0
0,240.13888888888889,1.58792000843419,44.32,25.44,1.52
1,257.484375,4.974640981294216,30.49,29.02,1.44
1,250.09375,2.566908216103911,37.93,26.65,1.5
1,229.34375,1.802637745626271,38.31,27.09,1.5
1,238.2716049382716,3.00768600643417,36.02,30.08,1.49
1,245.0617283950617,3.968856054323691,38.74,28.79,1.45
1,242.66666666666663,2.978184228969945,36.08,25.8,1.52
0,251.25,2.911828834149572,32.19,20.89,1.24
0,254.75,6.984628789126874,34.69,22.33,1.29
1,260.6875,3.140731925144792,38.3,29.7,1.49
1,254.078125,3.75228675827384,30.72,19.77,1.16
1,260.45833333333326,2.986124698486593,32.69,34.82,1.51
0,242.625,3.65189840644598,38.11,27.91,1.48
0,256.53125,3.48731579631567,37.8,33.95,1.5
1,230.796875,1.800649225711823,35.79,28.56,1.51
1,233.80246913580248,2.187477453255359,41.6,24.93,1.49
1,241.6875,2.607902782037854,36.01,28.09,1.53
1,244.46875,3.288349837996066,36.64,26.49,1.53
1,263.359375,4.81096689682454,27.94,34.82,1.5
1,242.484375,3.238413421437144,35.69,29.1,1.51
1,257.93055555555554,3.447380481494798,40.39,29.94,1.51
1,261.921875,3.751163648441434,36.59,28.81,1.46
1,246.359375,1.972806802950799,36.4,27.52,1.5
0,268.6666666666667,4.106313530769614,34.12,29.62,1.5
0,237.4375,2.604403770528734,14.31,6.65,0.47
1,253.69444444444443,4.127881883747047,39.63,25.26,1.48
1,260.38888888888886,2.295330705742041,39.63,28.59,1.49
1,256.6875,3.718129579909146,32.73,26.27,1.29
1,233.65625,1.830676637589931,40.26,23.45,1.49
1,237.3055555555556,3.123040945165687,37.07,27.18,1.51
1,247.96875,3.827017905190587,39.83,29.56,1.53
0,261.1604938271605,2.775161697540754,39.13,28.11,1.54
1,249.13888888888889,5.073642217450672,36.45,29.32,1.49
1,259.015625,5.188689179718494,28.55,31.92,1.46
1,239.65277777777777,2.244097839627001,35.06,29.76,1.47
1,227.44444444444443,1.557807484526693,36.1,24.62,1.52
0,226.40625,3.077603988349438,35.64,29.28,1.49
1,235.796875,2.097954228520393,30.72,20.84,1.27
1,268.33333333333326,1.653186930550469,33.53,30.6,1.49
1,257.56944444444446,3.154809970822599,36.13,26.28,1.47
1,233.5833333333333,2.026786843107806,37.93,28.2,1.51
1,263.76388888888886,2.034017611708906,36.17,29.83,1.49
0,243.69444444444443,1.720202724138896,35.74,26.14,1.51
1,248.546875,2.65052508469671,39.37,26.94,1.49
1,232.28125,1.566594923846424,39.51,26.2,1.51
1,241.28125,2.377347560599446,37.43,26.09,1.51
1,245.94444444444443,3.972499316765203,35.9,28.3,1.5
1,257.26388888888886,5.013799496822888,28.8,33.72,1.45
1,229.16666666666663,2.360988703038958,35.69,29.2,1.52
1,251.5625,4.035363256931305,33.82,26.6,1.46
0,234.71875,2.25261302292347,37.29,24.72,1.56
1,235.390625,3.221004966646433,37.2,30.11,1.51
1,254.390625,3.278551116585732,41.01,25.92,1.49
0,251.546875,4.955988209694624,39.14,23.52,1.5
1,258.421875,1.748556475155056,39.83,25.79,1.52
1,257.078125,4.399058409035206,33.58,26.42,1.47
1,237.06944444444443,2.140929417477714,39.19,25.75,1.49
1,231.73611111111111,3.294616173538897,37.02,26.32,1.51
0,239.85185185185185,1.507807284225652,11.57,7.95,0.47
0,249.4305555555556,1.917919461925824,0.0,0.0,0.0
0,255.421875,5.143715529702604,2.69,0.98,0.08
0,233.875,1.69081665109843,37.31,27.56,1.53
1,268.320987654321,2.574423745090579,31.21,30.52,1.51
1,231.90625,1.775127332657576,21.84,14.31,0.78
1,254.484375,1.824666344560683,34.1,28.99,1.46
1,255.75,5.23556381650269,38.78,26.55,1.49
0,235.953125,2.205493262968957,0.0,0.0,0.0
0,243.375,2.919892950190438,37.93,25.63,1.53
1,260.21875,4.329259134829045,35.3,31.01,1.52
1,249.5833333333333,3.881149259706338,36.03,30.17,1.49
1,253.66666666666663,2.041825458407402,35.72,28.67,1.48
1,222.359375,1.237103972584009,36.06,25.54,1.29
1,267.625,2.227928560227156,32.73,29.93,1.47
0,245.61111111111111,2.883882929053572,16.86,14.4,0.73
0,233.625,2.546062586829066,39.78,27.68,1.48
1,252.97222222222223,2.021167451308833,36.5,28.51,1.49
1,254.79166666666663,4.607721756729816,34.25,28.59,1.48
1,258.515625,2.467473259195685,37.9,32.2,1.49
1,262.21875,5.313827866688372,38.09,29.95,1.51
0,249.44444444444443,2.581884047223462,0.0,0.0,0.0
1,269.90277777777777,2.028558584551016,34.94,31.33,1.49
1,241.38888888888889,1.84563666747676,40.48,26.71,1.5
1,238.69135802469137,1.664708976392393,34.43,31.94,1.5
1,228.15625,2.155636006966233,37.97,26.38,1.52
1,235.04938271604945,2.135701774814982,39.9,26.2,1.5
1,239.70370370370367,2.455159959233837,37.52,26.94,1.49
1,238.28395061728395,2.209824782830697,37.82,25.32,1.54
1,236.6805555555556,1.864443250828319,38.08,26.34,1.51
1,256.38888888888886,2.170238632294867,40.37,28.7,1.51
1,233.679012345679,1.901205818594238,40.6,25.16,1.51
1,214.5625,1.897653779318166,35.0,29.04,1.48
1,252.3125,2.828257154673338,38.72,29.5,1.49
1,241.71604938271605,3.879812562907184,35.84,29.1,1.53
1,236.88888888888889,2.242021263473564,37.72,27.69,1.49
0,241.50617283950612,2.092815625078884,7.56,5.23,0.3
1,262.28125,3.730823535472155,36.09,31.7,1.52
1,232.578125,1.997336129657924,36.33,25.7,1.54
1,248.046875,2.034904557280242,39.38,26.78,1.51
1,255.578125,3.255026786588132,38.6,28.77,1.5
0,236.546875,2.227705135010183,35.29,25.17,1.48
1,236.3703703703704,2.148935989833173,41.94,25.61,1.47
1,242.09722222222223,3.089722288979424,38.36,26.32,1.51
1,255.671875,3.16779434774071,38.57,26.2,1.49
1,251.6049382716049,3.86492058671551,40.58,28.98,1.52
0,221.0,0.0,17.45,11.42,0.64
1,251.8125,4.337390560656786,30.41,28.78,1.46
1,229.16666666666663,1.571394310229354,39.41,26.22,1.55
1,255.51388888888889,2.260322224762705,34.27,28.34,1.46
0,230.875,1.574651835486293,36.29,22.68,1.39
1,249.19444444444443,3.228650230500433,39.31,26.62,1.49
1,234.76388888888889,2.065929521289137,38.15,27.85,1.49
0,261.34375,4.545052900910378,36.86,27.34,1.47
0,246.015625,2.680715352296829,40.92,24.21,1.5
1,263.26388888888886,2.433173230952687,34.77,30.68,1.53
1,238.515625,2.289770106784999,35.42,25.77,1.49
1,254.265625,3.756246817298234,32.58,31.04,1.46
1,239.94444444444443,2.215943162639936,34.65,30.33,1.5
1,250.63888888888889,2.102696397238307,39.17,27.84,1.48
1,228.38888888888889,2.446229185495111,38.04,27.32,1.52
1,260.1111111111111,3.46012290318807,39.12,27.43,1.49
1,250.875,3.875063864514232,31.6,27.33,1.47
1,231.65625,1.853156371042132,39.62,25.5,1.51
1,229.11111111111111,1.885674599144194,39.31,27.31,1.51
1,249.4305555555556,2.662472378048632,41.92,26.63,1.48
1,240.13580246913577,2.814561695228388,34.8,29.03,1.5
1,229.890625,2.16186625789851,37.83,26.88,1.49
1,237.5432098765432,2.667232752582173,38.51,24.85,1.49
1,253.8148148148148,4.841220932242312,37.64,28.82,1.5
1,244.671875,2.048551424406469,37.47,28.58,1.52
1,239.265625,2.339162795804441,33.78,28.94,1.49
1,228.90625,2.672814384102821,36.43,27.12,1.52
1,234.13580246913577,1.971661065831597,37.99,26.24,1.49
1,255.06944444444443,4.164356720116404,34.04,25.4,1.42
1,233.04166666666663,1.247901830408308,39.0,26.71,1.53
1,231.97222222222223,2.723320174548361,38.19,26.06,1.55
1,234.19753086419752,1.637048818446972,39.66,25.86,1.49
0,248.19444444444443,2.131048039429718,0.0,0.0,0.0
1,229.453125,2.704321945086122,37.76,26.63,1.51
1,224.90625,2.033195003867149,38.34,28.1,1.51
1,263.375,3.23071466303534,37.18,30.14,1.53
1,257.71875,3.371366764418781,38.27,27.05,1.47
1,254.09375,3.705614094622433,31.44,31.2,1.47
1,232.5,1.993659613654017,40.4,27.06,1.48
1,232.625,2.079979605972767,37.17,26.69,1.5
0,257.22222222222223,8.649145738946068,5.79,4.51,0.23
1,230.625,2.074037851765752,38.25,27.22,1.53
1,250.453125,4.830719547346234,35.53,28.76,1.47
1,256.375,5.199527883695232,40.79,27.56,1.49
0,239.01388888888889,2.983504787915283,19.15,12.49,0.7
0,229.77777777777777,2.093019242088,0.0,0.0,0.0
1,258.70833333333326,5.522719010710716,36.14,31.57,1.47
1,265.671875,1.886861971579492,27.75,35.14,1.47
1,231.828125,2.25453701429069,37.36,27.68,1.53
1,256.48148148148147,4.453052556809084,30.01,32.92,1.46
1,252.48611111111111,2.356319862107436,34.18,27.07,1.47
1,258.46875,2.103707475587726,36.17,30.44,1.49
1,266.45833333333326,2.712581210666233,32.42,30.01,1.51
1,253.27777777777777,2.424728172520796,35.41,31.23,1.48
1,259.09722222222223,2.046019693215688,37.24,29.25,1.49
0,254.875,4.878029154406654,0.0,0.0,0.0
1,239.0625,1.707753079943359,37.97,26.04,1.53
1,261.6111111111111,3.24983306394683,38.06,26.5,1.47
1,266.8395061728395,2.036774176138419,30.22,34.12,1.49
1,262.84375,3.713155345991254,37.52,27.04,1.49
0,232.640625,1.418315513990819,12.81,8.49,0.51
1,247.046875,4.378312841057779,34.04,29.06,1.48
1,237.66666666666663,1.616016022033162,30.23,21.59,1.18
0,260.140625,4.085559420287609,28.85,32.03,1.45
1,245.29166666666663,2.368769690394402,34.12,29.83,1.52
0,243.8148148148148,3.768906833213053,35.94,29.61,1.5
1,237.8125,2.051620782352984,38.44,26.11,1.52
1,260.76388888888886,5.361636496252484,38.34,28.08,1.54
0,252.63888888888889,2.616084778474437,0.0,0.0,0.0
1,251.15625,1.911728220060468,40.47,26.38,1.49
1,266.4166666666667,4.064545988208719,34.64,26.53,1.48
0,261.53125,2.123832898214459,34.45,28.95,1.49
1,266.28125,2.567996384575963,31.11,30.55,1.49
1,242.953125,4.052284445613623,35.93,29.57,1.49
1,251.953125,3.36239882837981,40.25,26.5,1.5
1,249.40277777777777,3.10388931300905,38.24,27.87,1.52
1,258.641975308642,3.925525054519559,37.25,27.91,1.47
1,259.078125,3.011925021186471,37.91,29.41,1.48
1,265.06944444444446,4.761080370181138,31.23,31.08,1.46
1,261.921875,4.190634863451123,34.55,30.63,1.46
1,241.8125,2.260195353999734,34.85,28.61,1.5
1,226.72222222222223,1.545552822450797,36.54,27.6,1.51
1,245.78125,3.160677186213434,39.35,29.06,1.49
1,234.015625,1.567194853909314,36.84,27.85,1.52
1,238.97222222222223,2.172979416118728,38.77,26.44,1.53
1,262.4861111111111,2.597799898021751,29.5,34.83,1.5
1,230.02777777777777,2.077040869328711,38.35,26.35,1.51
1,235.953125,1.60869965609163,36.93,27.33,1.47
1,231.296875,1.944452783092856,37.02,26.7,1.52
0,256.06172839506166,3.646712735847191,36.99,28.64,1.49
1,236.1875,2.576845241710544,40.81,27.17,1.47
1,230.5555555555556,2.823870157202085,39.22,27.44,1.52
1,254.2083333333333,2.192287979026636,34.16,29.96,1.47
1,250.3125,3.727810136042535,39.69,26.65,1.48
1,233.94444444444443,1.957112391789754,38.92,25.86,1.53
1,234.125,1.786318182117409,39.31,26.0,1.49
1,249.46875,2.028510792180896,35.49,27.29,1.48
1,235.36111111111111,2.254131499263975,35.54,26.21,1.5
0,256.0,2.616169803672367,0.0,0.0,0.0
0,248.19444444444443,2.545073348614904,0.5,0.4,0.02
1,266.921875,1.860454964451492,27.44,33.73,1.49
0,249.93827160493828,3.204814110273196,0.0,0.0,0.0
1,242.296875,2.341854893602431,36.65,31.58,1.5
1,238.8055555555556,2.092948117189937,36.53,28.74,1.5
1,235.26388888888889,2.563100515140428,40.83,24.91,1.51
1,235.59722222222223,2.384098158942328,34.68,24.85,1.42
1,231.796875,1.831257181242108,42.64,25.78,1.49
1,237.11111111111111,1.744258773823579,40.2,26.27,1.53
1,230.54166666666663,1.7665215904514,37.58,26.59,1.51
1,268.7654320987654,2.091114691010228,29.38,32.29,1.47
0,251.15277777777777,3.917186044156551,0.0,0.0,0.0
1,227.15625,2.326411043293774,37.95,25.86,1.52
1,235.171875,2.050590958446264,36.47,28.57,1.52
1,231.28125,1.828162810765207,36.54,26.61,1.52
1,237.0833333333333,2.261869808038076,37.81,30.53,1.51
0,236.96296296296296,1.625260900568079,3.03,2.18,0.12
0,267.72222222222223,2.316900578637918,35.55,30.13,1.51
1,228.52777777777777,2.412428529726134,25.25,17.51,0.99
1,229.23456790123453,1.743933878563068,39.28,25.69,1.53
1,226.40625,2.613963432610035,39.2,27.09,1.52
1,250.578125,2.014699581079185,37.43,28.23,1.48
1,253.734375,2.605584722943604,40.33,25.71,1.51
1,263.30555555555554,4.039226584964329,38.08,28.14,1.5
1,246.21875,3.277588026598096,33.99,30.05,1.51
1,251.953125,2.500259964726865,39.86,26.42,1.48
1,230.77777777777777,1.725721884932783,37.26,28.59,1.52
1,265.09375,7.737391313537956,38.07,24.55,1.48
0,265.203125,2.488112558610737,0.0,0.0,0.0
1,252.5308641975309,3.788129603421246,39.85,25.79,1.47
1,267.76388888888886,2.971636291179392,33.55,30.43,1.51
1,255.34375,3.351063149981201,35.14,32.4,1.47
1,250.63888888888889,4.473897483613756,34.23,30.56,1.48
1,227.53125,2.027868302538991,39.01,25.76,1.52
1,229.71604938271605,1.892442981402079,37.92,27.64,1.52
0,256.77777777777777,2.615435938040415,24.86,16.63,0.96
1,254.2716049382716,1.836842331621382,32.61,30.55,1.48
1,234.85185185185185,2.055171976118912,41.15,24.82,1.51
1,243.51388888888889,2.48144425617324,37.92,25.1,1.52
1,239.953125,4.5391950244084,36.95,26.93,1.51
0,247.90277777777777,3.460447653300232,40.64,27.25,1.52
1,231.94444444444443,1.694232475426462,38.96,27.37,1.48
0,247.69135802469137,2.062626466339017,3.94,2.72,0.16
0,236.4074074074074,2.195441184220491,15.68,9.79,0.6
1,228.03125,1.698688858188689,39.65,25.73,1.5
1,232.59375,2.994464108720422,39.16,28.93,1.48
1,229.1805555555556,1.869282770487997,38.66,27.16,1.54
0,258.625,3.97604033537209,11.84,8.23,0.44
1,231.515625,1.791577566415071,37.9,26.59,1.51
1,227.4305555555556,1.875882593293985,37.69,26.96,1.53
1,253.65625,3.745911440812051,37.9,24.42,1.49
1,248.40277777777777,3.416496391925547,32.0,30.8,1.48
1,223.44444444444443,1.383001425200038,38.4,24.77,1.5
1,256.94444444444446,3.948981636928187,40.19,28.83,1.52
1,252.3055555555556,1.924358588953813,37.53,26.86,1.49
0,238.07407407407408,6.60011965551494,4.91,3.27,0.18
1,252.046875,3.408920424059033,40.42,25.41,1.53
0,228.953125,2.376119002699852,36.87,25.76,1.4
1,253.40625,2.840764124877751,35.78,28.92,1.47
0,242.171875,3.823641987517476,4.12,2.3,0.14
0,239.29166666666663,4.761319245729182,2.82,1.27,0.09
1,226.17283950617283,1.880834198292391,37.56,25.41,1.52
1,267.578125,2.0046481564641,34.63,29.78,1.5
1,240.765625,2.283373525366187,40.46,26.07,1.54
1,242.97222222222223,2.715977500710222,35.48,30.44,1.51
1,258.02777777777777,3.609579919940896,39.09,28.39,1.5
1,222.27777777777777,1.910823332766692,38.45,26.75,1.52
1,234.9583333333333,2.086143784224987,38.13,25.55,1.54
1,258.921875,3.925815688446164,40.99,26.54,1.5
1,257.125,2.895966891613272,32.77,29.38,1.46
1,262.296875,2.927863489836454,38.21,27.85,1.52
1,245.75,2.533380897508727,35.25,28.49,1.53
1,253.5308641975309,2.941471129287908,37.7,28.29,1.48
1,267.13888888888886,2.515363151828448,33.12,30.26,1.5
1,259.265625,3.330650836229324,41.03,29.69,1.48
0,238.5625,1.753811151720583,10.8,6.91,0.38
1,263.1875,4.067072312347591,32.78,29.11,1.49
0,254.21875,4.178055660799146,29.52,25.16,1.2
1,252.46875,2.612910946831107,36.76,25.63,1.48
0,240.953125,2.149227207526565,38.69,27.84,1.49
1,243.8148148148148,2.348774910709004,39.56,28.31,1.49
1,223.84375,2.91566167678684,37.55,24.06,1.51
0,260.3611111111111,1.882746785051293,35.94,28.6,1.49
1,235.171875,1.562097667716444,37.81,26.12,1.51
1,230.23611111111111,2.217462090982331,37.82,28.15,1.51
0,253.44444444444443,3.839820134143034,0.0,0.0,0.0
1,250.4375,2.422991548664868,36.58,27.25,1.51
1,228.703125,2.297059601172805,38.45,26.18,1.5
1,242.47222222222223,2.174454471303357,36.59,25.66,1.52
0,232.546875,2.749723023734987,11.67,7.86,0.48
1,249.79012345679007,1.942907356921537,36.0,26.07,1.5
1,265.0,4.748238862388664,33.2,28.58,1.49
1,230.0555555555556,2.854135678874122,37.47,27.8,1.52
1,266.78125,1.80698033887893,34.25,29.53,1.51
0,238.56944444444443,1.514952942728996,38.42,26.91,1.51
1,228.96875,1.502084723673761,39.22,25.91,1.53
1,226.40625,1.794059772975743,39.0,25.44,1.51
1,254.76388888888889,1.848003568748633,33.66,29.5,1.47
0,254.2962962962964,2.302128632127503,33.82,29.94,1.48
1,239.375,2.075915882363915,33.85,31.45,1.49
1,262.5061728395062,3.569791087397823,36.37,31.69,1.52
0,235.40277777777777,1.47413114623891,46.19,25.58,1.52
0,268.7283950617284,4.61364957506274,19.61,13.22,0.78
1,255.2083333333333,3.324666620956527,37.79,26.19,1.48
1,256.7037037037037,3.278287031768281,30.85,28.53,1.45
1,250.69444444444443,2.544961402813593,34.38,28.09,1.48
1,258.75,3.362609828511874,39.42,28.46,1.51
1,254.94444444444443,2.1016591116786,34.8,28.43,1.49
1,244.47222222222223,2.318968364761935,41.49,27.56,1.5
1,256.7654320987654,4.306645388956423,42.56,27.18,1.46
1,228.71875,1.620332987047732,37.58,26.92,1.51
1,228.9375,2.512407953850925,39.7,28.79,1.52
1,261.95833333333326,3.381878768404325,40.35,24.58,1.48
1,237.734375,1.647883205674589,38.22,28.48,1.5
0,239.421875,2.698617713525891,0.0,0.0,0.0
1,248.4375,3.051929543726146,34.49,29.97,1.48
0,267.375,3.90747888551818,35.46,28.99,1.5
1,267.40625,2.876356511376798,34.02,32.59,1.5
1,241.9375,4.69574881065637,35.68,29.12,1.52
1,264.921875,1.889754593372345,34.21,30.5,1.5
1,228.29166666666663,1.739392167992062,39.35,25.68,1.52
1,259.33333333333326,4.53589526977804,36.72,31.04,1.5
1,230.90123456790124,2.104420027615112,37.31,25.99,1.53
1,230.5,1.74661727497975,37.62,27.32,1.53
1,239.453125,1.875055300071836,35.6,30.38,1.5
1,247.671875,1.850285072810948,41.63,26.1,1.49
1,231.52777777777777,2.178393140435219,41.15,24.39,1.5
1,231.296875,1.3869225140661,37.21,29.02,1.5
1,230.828125,1.724574290215969,37.32,25.16,1.52
1,268.4375,2.795380992814898,30.16,30.78,1.48
1,235.25,1.736011245184474,47.43,24.55,1.51
1,247.828125,2.097223652526736,41.08,25.82,1.52
1,239.578125,2.547038543969393,34.51,31.56,1.5
1,229.4375,1.548759359866381,37.26,27.36,1.5
1,243.1875,1.736856276169419,39.5,27.2,1.55
0,229.875,1.996993135660887,39.3,25.79,1.56
1,249.40277777777777,1.757263739075926,38.32,26.01,1.51
0,236.6875,1.609314252622426,37.97,26.82,1.49
0,269.52777777777777,1.982999302446842,34.03,29.47,1.51
1,242.59722222222223,2.788155601256423,36.36,25.9,1.51
1,250.19444444444443,4.520356537567246,38.91,28.68,1.48
1,250.375,3.935319325162305,32.96,30.36,1.47
1,257.796875,3.81340195890516,28.63,33.4,1.44
1,243.390625,3.357449965551496,35.29,30.19,1.53
1,236.90625,3.071315952576697,36.99,26.92,1.51
0,262.734375,4.222671668045223,37.65,27.57,1.56
1,237.5833333333333,2.340042711132102,38.44,27.1,1.51
1,228.15625,1.907274241559207,37.97,26.22,1.53
1,249.1805555555556,4.75592943860425,39.95,28.0,1.51
1,242.5,2.143688809126616,36.4,27.8,1.46
0,262.375,2.303329754206869,0.0,0.0,0.0
1,254.703125,2.401941534131765,35.83,25.83,1.47
0,253.09722222222223,2.778615436620183,0.0,0.0,0.0
0,262.7037037037037,4.045850593366741,38.89,24.91,1.33
1,268.015625,2.605039247311652,34.65,32.02,1.52
0,231.84722222222223,1.971151096953286,37.21,25.42,1.44
0,235.48611111111111,1.652087248033947,4.37,3.02,0.17
0,246.0617283950617,2.937088940614535,0.0,0.0,0.0
0,266.45833333333326,3.804497707221243,0.0,0.0,0.0
0,262.20833333333326,9.603131032652325,41.75,25.84,1.47
1,266.06944444444446,2.413230738706059,32.41,31.95,1.5
1,254.21875,1.935712766833603,33.31,29.59,1.47
1,242.28125,2.432512604631484,37.81,26.6,1.5
1,261.44444444444446,3.666012663900116,35.2,31.08,1.48
0,249.8125,2.333006612956524,0.0,0.0,0.0
1,248.65277777777777,6.129142969018884,38.72,28.19,1.47
1,258.79012345679007,4.396804118597949,32.0,30.11,1.47
0,253.046875,4.098660752177238,39.85,27.02,1.55
1,232.04938271604945,1.573437771679443,38.81,26.73,1.49
1,257.015625,1.897711983881891,36.08,33.6,1.49
1,266.27777777777777,2.538668158981535,32.92,32.45,1.49
1,250.54166666666663,2.03460206091404,35.95,26.73,1.48
1,245.76388888888889,3.677907677160369,35.47,28.24,1.53
0,264.75,3.89736513607204,35.83,32.02,1.49
1,257.01388888888886,3.293351857198609,40.25,27.76,1.52
1,253.26388888888889,2.516725230548117,33.68,32.73,1.48
1,232.84375,1.865077028982341,38.15,25.22,1.51
0,232.19753086419752,2.595306549543216,15.85,11.42,0.65
1,254.25,1.765660360455513,33.51,33.43,1.49
1,241.75,2.63773410850101,37.74,26.03,1.52
1,229.16666666666663,3.006470359034008,40.05,28.19,1.51
1,260.828125,2.870021846145391,28.55,34.44,1.5
1,243.97222222222223,2.356681439611647,36.5,31.12,1.49
1,233.58024691358025,2.079944829146067,37.94,26.73,1.51
1,251.97222222222223,3.173260072867075,37.74,26.22,1.48
1,265.3611111111111,1.957536527680026,32.43,34.97,1.49
1,244.328125,2.508413119241595,16.56,11.5,0.68
0,249.125,2.453013029880822,43.13,22.47,1.51
1,267.09722222222223,1.777319855988026,34.46,29.82,1.5
1,252.8125,7.607601972296834,3.33,2.76,0.13
1,262.2916666666667,3.863222641249498,39.06,29.34,1.48
1,254.52777777777777,4.63867029382123,31.95,29.4,1.45
1,244.140625,1.927179320715368,25.34,18.46,1.01
1,261.43055555555554,2.491858597430918,37.01,27.8,1.47
0,265.6875,2.278477507643402,37.4,29.99,1.48
1,241.84375,1.726062534376979,24.36,16.69,0.98
1,263.984375,5.607131754979492,31.38,30.83,1.46
1,242.40625,3.874054569751024,37.96,25.98,1.48
1,256.33333333333326,4.825252309441566,33.45,27.25,1.37
1,261.7361111111111,4.421783659193251,38.12,27.74,1.5
1,258.05555555555554,2.90365314649211,37.89,27.74,1.51
1,246.65625,2.428711173124611,39.63,26.89,1.53
1,242.31944444444443,2.161670608652963,36.76,31.42,1.49
1,233.7083333333333,1.465783060424858,39.62,26.44,1.51
1,244.015625,2.763191008940339,37.61,27.65,1.5
0,232.3333333333333,3.229157412217723,15.07,10.95,0.64
1,236.44444444444443,2.03205604188972,39.25,26.1,1.51
1,255.3125,4.79521563090384,38.65,24.79,1.5
0,248.51388888888889,3.889015245768759,34.34,17.33,1.22
1,256.1875,1.6215356932953,35.34,30.78,1.49
0,252.296875,3.307906024158001,0.0,0.0,0.0
1,255.46875,1.973541857674718,39.1,26.56,1.53
1,258.90625,3.03417578805238,37.75,28.42,1.46
0,260.9166666666667,3.72443658610185,31.16,31.81,1.46
1,237.7083333333333,2.528497326705191,37.99,25.24,1.54
1,229.4375,2.409767649136484,38.23,27.48,1.53
0,237.87654320987653,1.599522822433048,23.39,18.8,1.0
1,251.41666666666663,2.534988401664628,38.78,30.16,1.49
1,250.34722222222223,2.274322890573078,37.95,30.31,1.5
1,232.125,2.482286657206714,37.0,26.25,1.54
1,256.81481481481484,2.067234304952033,34.25,29.65,1.48
1,227.16666666666663,2.257572985357708,39.79,27.3,1.53
1,238.06944444444443,2.704104950858487,37.69,29.66,1.5
1,230.734375,1.834740374237299,38.01,27.03,1.53
1,262.02777777777777,4.607104983594684,36.55,29.35,1.47
1,254.078125,1.70699205994606,35.33,28.85,1.46
1,231.28125,1.714848977513611,38.91,24.9,1.53
1,232.8333333333333,1.459925832847754,39.53,26.35,1.52
1,231.0,1.975892815324995,37.21,27.15,1.49
1,241.48148148148147,3.258670842206036,35.34,28.5,1.49
1,235.375,2.074890724486775,38.87,25.68,1.52
1,224.015625,2.07778000831604,38.5,26.55,1.52
1,237.8055555555556,1.840032402839926,35.53,25.71,1.49
1,228.7530864197531,1.655083956541838,37.55,26.97,1.53
1,229.875,1.767352334327168,37.93,24.65,1.52
1,238.359375,2.746284856460989,38.47,27.64,1.5
1,252.31944444444443,3.99258758707179,38.14,27.24,1.48
0,256.65625,3.009687412530184,5.05,4.09,0.22
1,228.91666666666663,1.824590245054828,37.09,27.8,1.5
1,236.546875,2.183903995901346,38.16,26.18,1.51
0,247.76388888888889,2.362198868559466,39.2,27.33,1.52
0,249.66666666666663,3.027124554746681,38.93,23.96,1.52
1,234.6875,2.069845143705606,40.2,25.56,1.51
1,231.078125,1.50552097056061,39.85,27.32,1.52
1,258.5625,4.478551072999835,41.27,28.42,1.49
1,265.1481481481481,2.553972395849816,27.96,28.37,1.28
1,229.0,2.546842833049595,37.78,27.46,1.52
0,236.48611111111111,1.863952843679322,18.38,12.93,0.74
1,261.40625,4.269004738889635,29.27,32.71,1.5
1,245.51388888888889,1.925391367740101,37.95,30.74,1.51
1,267.4375,1.962505652569234,33.66,29.71,1.51
1,232.06944444444443,1.749442072378264,39.13,27.32,1.49
1,255.171875,1.790910835377872,40.82,27.2,1.51
1,244.8055555555556,2.257818348705769,37.57,26.97,1.5
1,238.56944444444443,4.629665732383728,36.95,27.04,1.52
1,252.76388888888889,3.540712987383207,34.5,25.75,1.46
0,245.3055555555556,3.342324112852415,35.51,28.31,1.47
1,240.4305555555556,2.296574383974075,36.61,26.77,1.51
1,241.79166666666663,2.049072790477011,37.27,25.7,1.5
1,241.86111111111111,3.669058289792803,39.37,25.41,1.49
0,237.09722222222223,2.352421115669939,36.49,26.78,1.48
0,231.29166666666663,1.811080986426936,38.35,27.15,1.52
1,240.63888888888889,1.364754223161273,36.93,29.53,1.49
1,252.1875,2.789852916263044,31.76,26.23,1.46
1,227.97222222222223,2.16273831244972,39.73,27.17,1.53
1,229.1805555555556,2.299896723694272,38.68,25.94,1.52
1,237.0555555555556,2.309271030128002,36.06,24.33,1.48
1,262.921875,2.169544626027346,29.52,23.23,1.18
1,254.4567901234568,4.772215219191564,34.44,28.38,1.45
1,238.703125,2.602403487078846,36.66,29.06,1.51
1,244.5,2.668095992878079,35.55,28.79,1.53
1,237.03125,2.343072733841836,38.67,25.25,1.55
1,224.23611111111111,2.881248474948936,38.87,25.63,1.51
0,198.828125,2.602814783921113,29.73,34.22,1.46
1,251.5308641975309,3.063032776485255,31.33,25.89,1.45
1,225.36111111111111,1.785494992302524,39.22,25.69,1.43
1,263.859375,1.556716713123024,37.76,29.99,1.5
1,249.04938271604945,2.604818147641641,33.62,28.24,1.5
0,265.52777777777777,2.953858155343267,0.0,0.0,0.0
0,245.98611111111111,3.040463438464536,0.0,0.0,0.0
1,251.72222222222223,3.937209927373462,39.12,25.81,1.47
1,242.30864197530863,2.1258170656216,37.16,27.59,1.54
1,240.06944444444443,2.128595643573337,39.77,28.31,1.48
1,237.0,1.97507117026382,39.34,25.98,1.5
1,246.81944444444443,1.849317015873061,39.21,26.8,1.52
1,249.86111111111111,3.404620894955264,35.79,26.15,1.49
1,252.8125,4.365480261854829,37.74,27.26,1.49
1,249.4375,3.297319622710347,38.1,29.83,1.48
1,235.3333333333333,2.377271987037894,44.07,25.57,1.51
0,256.47222222222223,2.656371599270238,22.17,19.33,0.96
1,240.4375,2.722870429977775,37.97,25.85,1.53
1,255.25,1.672522407956421,40.61,27.69,1.54
0,261.80555555555554,1.545372293227249,12.02,9.39,0.48
1,264.984375,2.088708888739347,31.39,31.0,1.49
1,254.875,3.659632374842962,36.44,26.55,1.47
1,240.125,1.939761288464069,40.34,26.47,1.49
1,258.15625,4.966141225770116,30.14,30.02,1.45
1,262.46875,3.508962659165263,36.94,28.36,1.46
1,257.0,3.352752551620389,37.04,28.44,1.47
1,255.79166666666663,4.145247731771734,37.79,28.86,1.47
1,268.390625,2.437107942067087,28.8,33.62,1.48
1,242.39506172839504,1.778807573112441,37.57,26.58,1.51
1,237.65625,2.582628149539232,33.57,30.18,1.5
1,247.671875,2.840179041959345,35.72,28.27,1.49
0,251.3333333333333,3.991177539030711,0.0,0.0,0.0
1,229.53125,2.534712301567197,37.99,28.4,1.51
1,227.5555555555556,1.890722032222483,39.36,27.26,1.5
1,232.2962962962964,2.493749440452199,41.16,25.73,1.52
1,230.875,2.308832081966102,39.09,26.5,1.53
0,255.296875,3.059462242759764,1.45,1.15,0.06
1,244.578125,1.764904536306858,36.45,29.15,1.49
1,241.93827160493828,2.210737779552554,37.58,26.22,1.5
1,221.921875,1.758308607153594,37.66,24.31,1.42
1,256.21875,2.199342276901007,40.21,29.4,1.52
0,251.015625,4.920211028307676,22.54,9.46,0.68
1,245.56944444444443,3.047995669974221,37.56,31.64,1.52
1,257.90625,4.42880908586085,38.51,26.09,1.52
1,232.27777777777777,1.607674880160226,38.32,26.83,1.52
1,234.1875,2.185631787404418,36.25,29.13,1.52
0,250.3333333333333,5.038517431252534,35.49,25.21,1.32
1,232.47222222222223,2.02402651309967,37.63,25.16,1.52
1,246.5308641975309,2.66981648295014,36.46,27.68,1.52
1,243.8125,4.128952615894377,33.53,31.49,1.51
1,263.296875,4.202190451323986,38.04,26.98,1.5
0,253.25,2.222874914606412,39.18,27.9,1.53
1,261.55555555555554,4.619628349939982,35.41,29.88,1.54
1,219.21875,4.00000816041773,34.22,30.15,1.46
1,249.04938271604945,2.235304393150188,39.49,27.91,1.52
1,230.29166666666663,1.922891784873274,38.58,27.13,1.54
1,265.484375,1.999738428741693,36.29,30.69,1.51
1,238.23611111111111,2.716020537747277,35.36,26.58,1.5
1,252.76388888888889,4.75521546933386,39.22,27.53,1.48
1,245.828125,2.409264102578163,41.39,25.49,1.53
1,256.859375,3.988470282405615,38.05,29.43,1.47
1,244.9375,3.31430234387517,36.06,27.93,1.52
1,226.97222222222223,3.609003563721975,28.31,19.66,1.09
1,236.640625,2.448682647198439,34.87,25.24,1.5
1,250.66666666666663,2.998006286720435,40.55,28.79,1.53
1,223.59722222222223,1.567044095860587,22.05,14.34,0.89
1,234.34722222222223,2.079248117903868,39.12,26.28,1.49
1,266.625,1.769088183840116,31.78,33.91,1.49
0,239.23611111111111,2.570633741716544,39.43,25.76,1.49
0,244.328125,2.20668289065361,37.89,26.05,1.46
1,236.44444444444443,1.523832803891029,38.1,25.56,1.51
1,233.61111111111111,1.463814785910977,38.06,25.66,1.52
1,255.5625,3.848458332009614,36.1,28.31,1.46
0,259.015625,4.19304195791483,8.61,5.87,0.32
1,225.14814814814807,1.972845199667377,38.33,27.45,1.52
1,230.359375,2.185053737834096,39.08,26.18,1.54
1,265.28395061728395,1.627173129423165,32.64,32.47,1.5
1,265.45833333333326,2.624156589309374,35.16,30.58,1.51
1,259.46875,3.708843754604459,36.72,31.4,1.53
1,249.48611111111111,3.234703215459982,37.39,26.21,1.51
1,258.546875,2.095419463701546,37.7,26.61,1.47
1,259.875,3.711052938364446,39.63,27.47,1.5
1,247.31944444444443,3.508318374554316,32.67,31.46,1.48
1,232.984375,1.810908153653145,40.8,24.5,1.51
1,230.3055555555556,1.790858351522022,37.71,28.52,1.52
0,238.27777777777777,2.459908948176437,41.15,24.4,1.44
0,242.358024691358,3.91570144303051,39.8,25.48,1.49
1,254.97222222222223,4.720853058828248,37.85,30.04,1.47
1,234.0,1.848681876435876,37.27,25.01,1.5
1,226.1805555555556,1.739588083492385,38.84,25.53,1.52
1,248.2083333333333,3.591641573442353,33.61,29.75,1.53
1,234.375,1.63171423971653,35.31,21.93,1.31
0,234.4305555555556,1.968955417474111,29.51,19.28,1.13
1,258.359375,2.431937946006656,37.6,27.26,1.49
1,250.41666666666663,3.33626956327094,39.9,26.3,1.53
1,230.22222222222223,1.730311479833391,38.6,27.07,1.54
1,250.71875,1.808405985124409,39.85,26.24,1.51
1,257.28125,6.465609343722464,37.85,26.06,1.51
1,229.24691358024688,1.925869513441015,40.84,26.38,1.51
1,235.640625,2.978895522654057,40.67,26.03,1.51
1,204.375,4.33271723613143,30.47,31.81,1.47
1,233.875,2.349151839502156,37.1,25.07,1.55
1,259.046875,4.107147101312876,35.35,28.3,1.47
0,247.875,2.980667581160863,10.78,4.24,0.3
1,230.5,2.224308653838105,37.49,27.32,1.53
1,248.125,3.053893832489848,25.42,17.27,0.97
0,230.90277777777777,2.126317107843028,36.68,26.09,1.5
1,243.0,3.565029906729857,39.48,28.14,1.47
1,266.625,2.281598050561216,34.1,30.89,1.5
1,267.83333333333326,1.454325440857146,29.98,35.15,1.49
0,259.30555555555554,4.684602421191004,37.6,24.19,1.28
1,261.09722222222223,3.034522540039486,37.46,29.77,1.53
1,233.27777777777777,2.411426851318942,39.49,25.14,1.52
1,232.484375,1.88307287171483,37.27,26.94,1.5
1,249.26388888888889,4.683546702067058,40.19,25.73,1.52
0,243.53125,4.412523902952671,21.67,13.17,0.78
1,230.828125,2.045176566578448,37.4,25.77,1.52
1,238.578125,1.650371327996254,37.11,27.61,1.5
0,266.06944444444446,1.702687415811751,30.05,34.54,1.51
1,242.6805555555556,4.098278736902608,35.93,28.97,1.49
1,240.734375,2.571365308947861,35.97,29.71,1.48
1,235.625,2.687120244838297,38.22,26.31,1.52
1,266.203125,1.936142592690885,28.93,33.68,1.49
1,233.09375,1.852859714999795,40.75,25.42,1.5
0,241.22222222222223,3.220133839382066,0.0,0.0,0.0
1,238.515625,1.68297525960952,37.42,25.06,1.5
0,244.4583333333333,4.244296833872795,0.0,0.0,0.0
1,244.0617283950617,3.688968567200649,38.97,29.03,1.56
1,255.328125,3.782077288255095,35.89,26.98,1.45
1,225.359375,3.562607283703983,37.49,23.79,1.5
1,260.58333333333326,7.092192426323892,41.65,26.57,1.53
1,255.76388888888889,4.075538079771732,42.47,28.3,1.49
1,248.15625,3.061394920572639,41.26,28.11,1.55
1,252.25925925925927,1.74103589631893,36.11,26.58,1.49
0,235.52777777777777,2.035004222558604,37.99,25.99,1.51
1,244.38888888888889,4.011809289455414,39.67,26.95,1.56
0,261.609375,2.47254669573158,11.04,8.42,0.44
1,235.23456790123453,2.212120870013296,36.44,24.48,1.5
1,241.0,1.902888607647684,36.32,28.75,1.52
0,263.97222222222223,4.403676683704059,37.51,28.39,1.52
1,233.4375,2.342027101665735,38.9,25.96,1.51
1,259.3611111111111,1.812511718935437,40.54,27.95,1.51
1,228.84722222222223,2.091161450578107,37.97,26.97,1.43
1,234.15277777777777,2.470694790283839,40.57,26.01,1.51
1,233.59375,2.923935078084469,38.77,26.49,1.5
1,237.1805555555556,2.380208606521288,34.94,27.39,1.48
1,256.08641975308643,3.87064794699351,40.11,26.78,1.48
1,267.09375,2.104797238484025,29.8,34.27,1.5
1,243.72222222222223,2.291658390727308,38.99,26.82,1.55
1,232.94444444444443,2.163545596102873,37.54,27.55,1.51
1,248.234375,2.703027712181211,0.14,0.09,0.01
1,260.625,3.385296838358045,37.86,28.11,1.52
1,229.73611111111111,1.233446669247415,37.7,28.54,1.5
0,251.15277777777777,4.676077336900764,0.0,0.0,0.0
1,229.6172839506173,2.111217265511736,37.92,26.55,1.49
1,228.75,2.056854302994907,39.51,25.53,1.52
1,235.23611111111111,1.985823647843467,41.54,25.07,1.49
1,255.16666666666663,2.903106216755178,37.96,28.3,1.49
1,235.921875,2.112365503795445,37.25,26.91,1.47
1,254.96875,3.277679068036377,35.63,28.43,1.48
1,240.875,1.921887686476111,6.02,3.61,0.21
1,265.953125,1.485620963387191,35.59,32.88,1.51
1,253.125,2.957130958326161,36.21,28.15,1.49
1,258.3125,2.382928466424346,39.16,29.84,1.49
1,232.625,2.457479354925454,40.21,24.71,1.5
1,239.734375,2.316101466305554,37.64,27.73,1.5
1,231.875,2.493655240370168,39.72,27.52,1.51
1,246.16666666666663,2.098169282078743,35.73,29.42,1.53
1,238.625,2.028239954676893,36.99,28.18,1.53
1,241.640625,2.889684581197798,39.62,25.62,1.5
1,247.8055555555556,2.097393504447407,38.84,27.26,1.5
1,249.15625,3.263541799969971,36.5,29.26,1.48
0,246.88888888888889,2.728450482918157,41.05,26.41,1.51
1,255.703125,4.259889911860228,36.37,24.5,1.47
0,237.9583333333333,1.648823835783535,28.75,19.09,1.06
1,261.40277777777777,2.793591795696153,35.08,30.68,1.51
1,258.3611111111111,1.406308595505026,35.31,29.8,1.49
1,267.9166666666667,2.779505987962087,32.45,31.82,1.51
0,249.4583333333333,2.721615764002005,30.09,19.37,1.15
1,231.52777777777777,2.153484207888444,39.98,27.18,1.48
1,269.80555555555554,2.53307458344433,33.24,30.71,1.5
1,239.09722222222223,2.441232172151407,37.99,26.36,1.55
1,258.140625,4.937899957410992,39.86,29.07,1.49
1,240.015625,3.51785455737263,34.55,28.06,1.49
1,249.22222222222223,4.206954686178104,39.04,29.3,1.51
0,239.859375,4.10516757145524,4.94,2.71,0.17
0,253.1805555555556,3.054642237722874,43.19,24.15,1.56
0,146.55555555555554,2.713491411879659,10.82,6.09,0.38
0,270.75,2.555565969811545,32.79,29.86,1.5
0,256.953125,3.309917520731688,37.37,29.3,1.5
1,231.2083333333333,1.274317214886348,37.99,26.73,1.52
0,257.70833333333326,3.168919386963049,38.45,28.41,1.49
1,233.375,1.823797724313206,38.04,26.32,1.56
1,231.41666666666663,2.249811434083515,40.07,25.3,1.54
1,264.40277777777777,2.720945822695891,33.74,34.31,1.52
1,240.86111111111111,2.415253333747387,35.63,30.84,1.49
1,232.8125,1.839786190539598,42.01,26.25,1.49
1,246.703125,2.312667771242559,39.43,27.72,1.5
1,267.859375,3.538252963684499,32.54,34.19,1.51
0,239.90123456790124,2.185958334693202,0.62,0.38,0.02
0,257.7916666666667,3.324643428954813,41.09,26.48,1.54
0,236.421875,2.037430923432112,42.11,24.66,1.5
1,259.05555555555554,2.106540556583139,38.54,28.58,1.49
1,247.078125,4.405583065003157,34.54,28.43,1.51
1,259.22222222222223,2.879036165773869,38.1,27.11,1.48
1,229.8333333333333,2.22217714952098,38.41,26.93,1.52
0,247.65277777777777,2.665693437059721,0.0,0.0,0.0
1,250.56944444444443,3.491667139861319,40.14,27.34,1.48
1,239.3125,1.939358966425061,39.8,25.47,1.48
0,231.9583333333333,1.824257481429312,0.0,0.0,0.0
0,235.51388888888889,2.291599256296953,41.05,25.07,1.47
1,226.34722222222223,2.533103571997748,38.83,27.86,1.51
0,236.04166666666663,1.466023978259828,0.53,0.41,0.02
1,238.59722222222223,2.210449496077167,34.8,30.21,1.49
1,238.47222222222223,2.307760344611274,33.78,30.63,1.49
1,266.921875,2.243251027539372,34.67,30.35,1.5
1,233.77777777777777,2.075721910430326,41.33,25.56,1.49
0,256.328125,4.893830681219698,38.3,26.09,1.54
1,230.9305555555556,1.90342879957623,38.7,25.69,1.51
0,236.859375,3.129527796059847,27.49,17.21,1.0
1,229.26388888888889,2.011925385230117,37.85,26.56,1.51
0,250.56944444444443,1.836653471820884,0.0,0.0,0.0
0,239.04166666666663,2.010393876168463,45.34,25.38,1.51
1,236.13888888888889,1.921653957830535,37.34,26.87,1.47
1,255.11111111111111,1.779722775022189,35.0,29.59,1.47
1,257.679012345679,4.6121268728633,31.76,28.3,1.45
1,229.52777777777777,2.050374536878533,37.56,26.61,1.53
1,233.81944444444443,1.781338286068704,38.94,25.89,1.52
0,246.65625,3.802317107096314,0.86,0.69,0.04
0,265.2916666666667,4.587670423090458,36.7,26.89,1.54
1,233.296875,1.414408704265952,45.2,26.29,1.51
1,248.29166666666663,5.894476555287838,36.03,29.61,1.48
1,242.36111111111111,2.835210330784321,36.35,29.86,1.5
1,232.4305555555556,1.938737742602825,38.89,29.54,1.48
1,224.640625,1.59477237612009,38.7,26.41,1.54
1,235.703125,2.375611250288785,40.04,24.73,1.5
1,245.828125,2.213522488251328,39.36,30.41,1.49
1,266.4375,1.782485748641193,37.95,30.83,1.5
1,233.9305555555556,1.620480248497592,43.34,25.76,1.51
1,261.02777777777777,4.086588683227699,29.77,30.65,1.46
1,253.9583333333333,3.674183877805869,34.62,27.62,1.48
1,248.1875,4.223998215049505,37.55,28.06,1.52
0,251.5555555555556,1.91724426464902,15.88,10.74,0.59
0,233.5625,1.254684345796704,9.9,6.51,0.4
1,264.03125,1.765961869619787,37.24,29.2,1.53
0,240.0,3.406227575408088,0.0,0.0,0.0
1,243.59375,1.877201431430876,36.27,26.76,1.52
1,226.98765432098764,2.295714740399961,39.4,26.83,1.49
1,239.76543209876544,2.465895171518679,37.03,26.68,1.51
1,253.5,3.235928269724051,36.78,27.69,1.49
1,236.6543209876544,2.116485914330424,38.8,26.04,1.51
1,231.671875,2.00703807733953,36.92,26.44,1.53
1,250.48611111111111,3.847451092468368,38.79,25.66,1.47
1,266.77777777777777,2.070072535011503,35.09,29.83,1.49
1,247.0,4.362050270661712,38.16,28.65,1.52
1,264.1666666666667,3.109691182772318,35.06,30.62,1.53
1,264.27777777777777,2.448829425705804,32.86,31.11,1.49
1,228.765625,1.889739662408829,36.61,26.57,1.53
0,258.51388888888886,4.542140409350396,39.12,28.14,1.48
1,228.90625,1.867305909283459,38.58,25.13,1.52
1,247.703125,2.273208621889353,40.73,28.73,1.51
1,255.125,3.0215342597685,30.44,31.42,1.45
0,241.859375,1.856799978762865,37.04,26.08,1.53
1,264.546875,1.663608599454165,34.96,29.59,1.5
1,231.44444444444443,3.092682993246449,36.72,26.91,1.5
1,264.97222222222223,5.848161947396068,31.69,30.24,1.46
1,243.1805555555556,2.029995847079489,38.69,25.94,1.55
1,229.140625,2.495841785334051,36.66,27.07,1.53
1,235.91666666666663,1.981379547880755,38.13,26.15,1.49
1,232.734375,2.380426660180092,38.8,26.72,1.55
1,244.5625,2.743240926414728,27.36,20.9,1.1
1,159.29166666666663,1.764671088833558,34.2,29.05,1.49
1,229.125,1.48514359164983,38.68,27.93,1.49
1,235.875,2.077536700500382,39.19,26.51,1.49
1,232.765625,1.749284218065441,38.21,27.68,1.54
0,265.96875,8.17617007903755,38.48,25.74,1.46
1,237.48611111111111,1.998392404781447,35.28,29.95,1.5
1,240.97222222222223,2.213465673228105,41.09,26.2,1.51
1,242.66666666666663,2.483786871035894,34.52,30.85,1.51
1,243.671875,4.061149465851486,39.98,27.24,1.53
1,248.75,1.71692515630275,40.69,25.83,1.51
0,251.90625,3.181520038284361,0.0,0.0,0.0
1,229.984375,2.620093701407313,37.1,26.72,1.51
1,228.515625,1.169562146998942,37.12,28.63,1.52
0,237.421875,1.41798485442996,0.9,0.64,0.04
1,257.5925925925926,5.722990962458246,41.46,28.11,1.48
1,236.828125,1.710415712557733,40.36,25.64,1.49
1,240.90277777777777,3.162923133207692,33.48,31.53,1.49
1,238.9375,2.129706622101367,37.42,25.1,1.5
0,240.94444444444443,2.568767302566104,38.34,26.13,1.5
1,253.828125,2.02196879312396,33.61,29.49,1.48
1,235.22222222222223,1.805917806095547,44.34,23.86,1.5
1,255.29166666666663,2.076970061494245,34.22,29.26,1.48
1,232.71875,2.456628134474158,37.08,26.39,1.54
1,253.8125,3.723820677027106,37.0,23.93,1.48
1,260.703125,3.192126864567399,30.59,30.66,1.46
1,255.015625,4.440693822689356,41.14,28.72,1.49
1,235.73611111111111,2.103948295116425,37.76,30.14,1.5
0,253.77777777777777,6.05450419916047,0.25,0.14,0.01
1,252.75,2.007772876156701,37.39,27.47,1.49
1,249.97222222222223,3.020483031041092,40.9,28.01,1.49
1,242.69444444444443,2.566878493461344,38.4,28.29,1.55
1,252.2962962962964,2.283020508878025,37.42,27.51,1.49
0,264.34375,3.615801820531487,31.04,31.72,1.5
1,244.97222222222223,4.623990661568112,35.99,26.17,1.51
1,255.8125,2.203226741403341,41.46,28.05,1.54
1,226.125,2.439028683118522,37.38,25.45,1.51
0,263.15277777777777,4.535716013775932,40.22,28.65,1.48
1,228.59259259259252,1.754121601581573,37.21,25.85,1.5
1,235.5555555555556,2.321001094800454,37.08,26.81,1.47
1,225.50617283950612,1.742018397207613,35.45,28.31,1.51
1,258.296875,2.959187910892069,38.18,26.05,1.48
1,232.59722222222223,1.408003218472004,38.55,27.07,1.5
1,246.484375,3.796242578886449,35.54,28.05,1.5
0,256.90625,3.834477936848998,2.15,1.53,0.09
1,239.5833333333333,1.985413855148686,36.99,27.29,1.53
1,241.3333333333333,2.818687313868676,41.09,26.46,1.53
0,240.76388888888889,3.591269935170809,41.54,27.68,1.52
1,262.58024691358025,4.288742619532126,39.84,27.74,1.46
1,240.75,2.073654530776872,37.35,27.42,1.5
1,208.515625,2.017312205754794,36.37,24.45,1.53
1,229.71875,2.223964734002948,37.85,27.06,1.52
0,263.9375,7.364638825878502,39.88,27.86,1.5
1,254.54166666666663,5.099873811006546,44.33,22.64,1.53
0,230.25925925925927,2.174094647537043,16.1,12.31,0.69
0,238.70370370370367,3.667934988015964,9.37,5.08,0.32
1,252.140625,3.880079591646791,35.91,26.19,1.49
0,226.375,1.96570900361985,37.85,26.53,1.45
1,265.96875,2.211132399737835,34.26,30.69,1.5
1,239.40625,1.998407538980246,36.48,25.67,1.52
1,251.40277777777777,3.215870747963587,36.23,28.28,1.47
1,255.890625,2.595002028159797,33.72,30.45,1.47
1,247.43209876543207,2.796716003506272,33.87,29.43,1.53
1,247.95061728395052,3.294758911486025,35.55,29.03,1.51
1,245.265625,2.541335156187415,37.48,27.66,1.5
1,255.16666666666663,3.700418322450585,33.84,27.2,1.47
1,227.75,1.645968877606922,37.3,28.55,1.53
1,252.296875,4.102617656812072,37.5,25.45,1.48
1,228.625,2.321600794792175,37.85,27.11,1.53
1,258.046875,5.581315465271474,40.07,27.53,1.49
1,246.171875,2.533668744377792,37.94,30.52,1.47
1,267.625,1.547364904648728,30.39,31.17,1.49
1,254.0,3.862710572779179,30.34,31.32,1.45
1,247.71875,2.110491018742323,40.73,28.65,1.5
1,261.56944444444446,2.777266462643941,30.46,30.55,1.45
1,230.71875,2.093947341665626,37.96,26.57,1.52
0,256.13580246913574,4.964726320755336,2.17,1.5,0.09
1,250.03125,4.298826602287593,36.53,27.69,1.48
1,225.375,1.745792327448726,37.55,25.21,1.52
0,252.515625,2.382934142835438,37.01,26.24,1.48
1,235.19753086419752,2.281328804698991,40.21,25.87,1.49
1,233.27777777777777,1.909854654636648,40.95,24.72,1.51
1,232.109375,1.390297116711736,38.83,25.81,1.52
1,241.71875,2.373372515663505,39.84,30.23,1.49
1,242.98611111111111,1.588115808864434,37.28,26.19,1.5
1,262.421875,3.23055359069258,32.46,28.91,1.46
1,246.9583333333333,2.378269127673573,33.75,30.81,1.48
1,228.48611111111111,1.750325137542354,37.97,26.74,1.51
1,229.546875,1.972338961437345,38.35,26.96,1.5
1,234.421875,1.790827270597219,38.9,22.48,1.32
1,230.12345679012347,1.469220118758119,40.5,28.7,1.52
0,245.86111111111111,2.936996906995773,24.02,18.69,1.01
1,233.84375,1.94257140532136,41.84,25.18,1.51
0,246.9305555555556,2.094319453669919,13.78,7.53,0.48
1,252.6172839506173,2.777735297326688,41.58,25.47,1.49
1,260.52777777777777,2.286594255930848,35.63,32.05,1.5
1,254.984375,3.558331716805696,30.13,31.17,1.44
1,262.41975308641975,3.856536189715067,34.32,30.29,1.46
1,258.7916666666667,4.12103791617685,37.02,29.64,1.48
0,257.265625,4.429636158980429,43.01,23.81,1.53
1,257.2361111111111,2.906351304716534,37.12,31.14,1.5
1,244.39506172839504,3.470728442256833,35.76,28.27,1.51
1,261.359375,2.742394500412047,38.09,29.13,1.48
1,242.8125,1.572558919899166,37.49,26.11,1.51
1,237.66666666666663,2.609264832403925,33.5,29.27,1.48
1,258.6296296296296,6.84604357790064,34.06,27.99,1.47
1,254.88888888888889,3.547545249263445,37.01,30.48,1.51
1,251.88888888888889,3.901421758863661,39.53,28.58,1.49
1,234.59259259259252,1.846052184517001,38.97,26.06,1.52
1,264.52777777777777,5.51944005323781,35.42,31.29,1.52
1,244.98611111111111,2.412397292753061,36.96,27.52,1.5
1,264.6666666666667,3.220153975817892,33.9,31.27,1.53
1,236.859375,2.185146955773234,39.08,25.38,1.5
1,226.46875,1.3413938395679,38.74,28.34,1.53
1,263.21875,2.025141109712422,37.2,29.0,1.46
1,225.66666666666663,1.547105102627366,37.32,25.34,1.51
1,234.25,2.080478241667151,37.81,26.34,1.51
1,244.2083333333333,2.553062500225173,36.91,26.15,1.44
1,237.40625,1.934583102352917,38.63,25.65,1.54
1,224.48611111111111,1.750695346958107,37.68,27.74,1.52
1,252.3055555555556,1.72598658916023,37.26,27.86,1.49
1,245.546875,2.428952168673277,35.91,27.36,1.52
1,259.578125,4.77179921977222,38.26,29.66,1.48
1,231.66666666666663,1.786710168752405,39.88,26.79,1.52
0,241.22222222222223,1.902563105854723,25.15,18.1,0.96
0,268.625,2.60768345826202,34.43,31.63,1.52
1,252.15277777777777,3.238222766253683,36.79,27.15,1.47
1,250.03125,2.002566618844867,33.88,28.56,1.48
1,238.953125,2.554758939892054,38.53,26.55,1.51
1,235.09375,1.6483044186607,38.62,25.32,1.54
1,229.8333333333333,2.623995731274287,37.57,27.08,1.51
1,229.40277777777777,2.664318319824007,38.04,26.98,1.52
1,230.125,2.496757608320978,37.68,25.7,1.49
0,236.358024691358,1.484057206430553,4.45,3.33,0.18
1,262.38888888888886,2.466812159452173,38.59,27.65,1.52
1,231.375,1.457380848005414,38.45,26.38,1.53
0,253.796875,4.77771669253707,36.34,20.72,1.3
0,262.078125,3.357656978070736,40.53,24.49,1.49
1,235.4375,1.488774911500514,37.42,28.45,1.52
1,228.4375,2.466669394634664,37.54,27.44,1.53
1,245.72222222222223,3.882481109764841,36.24,27.2,1.52
1,260.641975308642,4.808446252787554,39.39,27.78,1.5
0,269.875,3.785358210404714,35.01,28.49,1.5
1,264.953125,4.736373885534704,36.94,28.51,1.46
0,230.1875,1.912653155624866,39.01,25.27,1.51
1,234.65625,2.187510875985026,36.96,27.32,1.52
1,248.5625,3.250884485431015,40.6,25.7,1.52
1,235.76388888888889,2.228634922040833,38.06,26.91,1.52
1,254.703125,4.293465496040881,33.05,27.97,1.47
1,231.21875,2.740448722615838,37.17,28.17,1.53
1,255.84722222222223,4.389553306003412,38.06,28.1,1.51
0,242.80246913580248,2.379169938740907,36.32,27.09,1.49
1,245.56944444444443,2.863647308614519,38.38,29.89,1.44
1,255.51388888888889,3.461885674960083,37.66,28.77,1.49
0,268.83333333333326,1.634111266169283,2.38,2.84,0.12
1,252.125,3.418199080973864,38.96,25.98,1.44
1,261.45833333333326,2.395521896580855,31.79,31.85,1.49
1,268.13888888888886,2.065019383198685,37.62,32.01,1.51
1,237.52777777777777,2.095098790195253,34.55,30.93,1.5
1,262.046875,2.552189784124494,38.05,28.49,1.51
1,240.921875,1.78927668184042,37.13,26.12,1.5
1,243.97222222222223,2.24265084001753,41.06,28.37,1.5
1,227.15277777777777,2.025594232810868,40.55,26.83,1.52
0,234.9375,2.577086643315852,37.94,24.23,1.49
1,251.65625,2.302064828574657,36.3,26.16,1.48
1,267.27777777777777,3.818073768582609,36.19,27.75,1.53
1,250.13888888888889,2.035297431051731,37.24,29.3,1.49
1,242.20987654320996,3.297487950619356,36.4,29.03,1.49
1,229.87654320987653,1.774128448815993,37.72,26.79,1.52
1,266.9375,2.304080599918962,31.67,29.83,1.48
1,245.09722222222223,2.920466916428672,35.33,28.13,1.5
1,243.3333333333333,2.387142032384872,28.51,19.57,1.19
1,233.6172839506173,1.876611524893914,38.55,26.8,1.52
1,260.77777777777777,4.585138858192498,36.36,30.73,1.54
1,244.0,2.705749317072332,38.83,24.58,1.53
1,241.01388888888889,3.147488126324283,41.4,25.66,1.51
1,206.34375,1.657090108349638,37.93,26.31,1.51
0,223.9583333333333,2.676452623473273,37.9,26.29,1.45
1,253.25,3.566069756117132,38.09,29.37,1.49
1,262.08333333333326,3.525756711761157,34.77,29.62,1.5
1,251.24691358024688,2.682236801694941,33.55,30.1,1.46
1,251.0555555555556,3.67959237512615,37.03,27.02,1.46
1,262.88888888888886,4.821226094975884,30.35,30.8,1.46
1,237.3333333333333,3.080334549332842,40.67,25.93,1.5
0,229.9135802469136,2.446271373901838,39.9,25.01,1.53
1,257.390625,3.440060696564615,37.92,29.98,1.47
1,233.1805555555556,1.798576856652896,41.23,24.89,1.5
1,258.265625,2.552967365831137,34.9,27.85,1.49
1,255.88888888888889,3.802470583054754,32.85,29.35,1.48
1,236.0555555555556,2.016177642676565,38.37,26.52,1.47
1,247.22222222222223,2.452744955817858,41.18,27.29,1.52
1,239.9583333333333,1.518327549099922,36.7,27.98,1.49
1,240.3827160493827,1.834828473167655,36.58,29.16,1.5
1,262.390625,2.576875456608832,36.67,30.37,1.48
1,263.47222222222223,3.076674541665448,37.26,31.6,1.49
1,234.0833333333333,2.270184460613462,36.12,29.24,1.51
1,229.11111111111111,1.183126240968704,37.38,24.34,1.52
1,261.08333333333326,3.036367625825935,28.33,33.54,1.49
1,264.08333333333326,6.558411290248236,36.44,28.31,1.46
1,226.390625,1.955161205492914,39.83,26.58,1.54
0,251.8125,2.717470736242831,8.45,5.22,0.3
1,230.375,1.982021545059979,36.19,26.43,1.54
1,245.296875,2.251253801397979,42.69,25.62,1.53
1,243.640625,2.179667425341904,39.02,25.15,1.54
1,260.734375,4.400671662762761,23.49,21.91,1.04
1,231.875,1.901184624267949,39.08,26.24,1.49
0,254.34722222222223,4.489973761969143,0.0,0.0,0.0
1,260.546875,1.409572434611619,39.38,29.19,1.47
1,260.03125,4.040906930342317,30.43,31.44,1.45
0,258.1875,2.665041789412498,17.36,12.85,0.65
0,253.3333333333333,2.617710521651639,40.24,29.69,1.53
1,263.09722222222223,2.47364439898067,34.73,28.42,1.43
1,240.828125,3.212816600687802,34.09,29.39,1.5
1,228.5625,2.02459714282304,36.53,25.94,1.52
1,233.69135802469137,1.332797915111353,38.87,28.79,1.51
0,233.453125,2.33713064622134,40.98,24.21,1.5
1,245.03125,3.122616892680526,33.02,29.41,1.5
1,255.296875,3.020820579491556,36.76,29.19,1.48
1,255.0555555555556,2.170013155374262,36.88,25.13,1.48
0,239.125,1.967937206228574,37.68,25.6,1.51
1,245.85185185185185,2.167542710716342,42.26,25.94,1.53
0,264.05555555555554,2.255579716629452,33.7,31.15,1.5
1,256.109375,2.694889193400741,40.65,27.27,1.48
1,234.54166666666663,1.712184309131569,40.01,26.85,1.51
1,232.921875,2.069450730457902,36.02,29.24,1.51
1,256.234375,2.055743173696101,34.44,29.53,1.48
1,269.671875,4.628049132414162,37.54,30.94,1.51
1,257.890625,3.660701812244952,33.73,29.08,1.45
1,241.65277777777777,3.196691012216939,36.44,30.97,1.51
1,248.4567901234568,2.526386711332533,34.32,26.63,1.5
1,263.65625,3.865117374807596,36.08,28.62,1.46
0,261.28395061728395,8.554609660013222,38.75,27.52,1.48
1,247.72222222222223,2.411186769604683,38.72,30.52,1.5
1,267.94444444444446,1.815698383582963,36.41,31.36,1.47
0,249.11111111111111,4.456105492181248,40.12,29.35,1.52
1,225.91666666666663,1.466200871600045,36.14,28.81,1.49
0,258.15277777777777,2.390358466241095,38.45,32.94,1.49
1,232.40277777777777,1.513430990278721,45.04,25.79,1.51
0,256.1875,6.061532684601844,36.48,29.87,1.5
1,242.79166666666663,1.765688221487734,38.02,24.67,1.52
1,246.90123456790124,1.644039087825351,38.08,26.27,1.55
1,247.390625,3.744025025516748,36.77,30.27,1.49
1,252.765625,1.720755892805755,35.78,28.9,1.47
1,234.6049382716049,1.577573698979837,40.26,24.69,1.51
0,239.234375,2.371503880247474,35.72,29.29,1.51
1,236.81944444444443,1.809457333551513,37.71,25.55,1.54
0,252.96296296296296,2.257057446756481,39.56,28.19,1.51
1,231.5555555555556,1.926650401250816,39.28,26.24,1.54
1,236.046875,1.889499397017062,39.99,25.94,1.51
1,243.5625,2.262368431314826,37.6,26.34,1.5
0,254.96875,4.075854253955187,41.09,25.79,1.56
1,237.578125,2.09680628683418,39.0,26.15,1.47
1,227.09722222222223,2.514626228974925,37.2,27.61,1.53
1,246.27777777777777,2.594925267000993,38.43,30.16,1.49
1,248.79166666666663,3.152761047085126,36.64,29.16,1.49
1,242.8333333333333,4.053569914566146,35.42,28.54,1.53
1,240.34722222222223,2.293896949125661,37.96,27.2,1.52
1,253.078125,3.017287001945078,32.56,29.73,1.47
1,267.93055555555554,1.869157314300537,32.9,29.74,1.5
0,235.5625,2.062068415184816,31.5,30.96,1.5
1,233.875,2.343420344922277,39.64,27.09,1.52
0,233.234375,1.704068397171795,27.62,22.7,1.2
1,238.1875,1.810296427458525,33.73,28.5,1.49
1,256.328125,5.33526916243136,38.27,26.6,1.49
1,236.703125,1.836847187951207,38.6,28.88,1.5
0,246.7283950617284,2.289645321575212,19.41,13.18,0.78
1,256.43055555555554,4.56537296043502,33.03,27.49,1.46
1,239.953125,4.035014999099076,36.21,29.0,1.5
1,226.890625,1.807714157737792,35.83,28.73,1.51
1,223.88888888888889,2.073286828067568,39.24,27.12,1.5
1,268.25,2.319722805172205,32.18,30.47,1.5
1,230.85185185185185,1.776408233760316,37.56,25.9,1.5
1,230.625,3.067139609820313,39.87,25.13,1.49
1,238.953125,2.02435317914933,33.92,30.35,1.48
1,241.31944444444443,2.529922255211406,37.52,26.84,1.49
1,265.25,1.639915216714144,35.25,30.68,1.51
1,242.796875,2.686112008057535,37.29,27.78,1.51
1,229.5625,1.903296694159508,37.41,27.19,1.51
1,250.859375,1.406019537709653,34.94,28.01,1.49
0,250.640625,3.617736907675862,39.59,24.93,1.48
1,242.36111111111111,4.333350844681263,36.44,27.96,1.51
1,228.015625,1.984897134825587,39.78,24.93,1.52
1,236.86111111111111,1.512971123887433,38.03,29.1,1.5
1,264.828125,2.542108189314604,32.59,32.62,1.5
1,267.40740740740733,2.674104981216384,32.43,29.38,1.48
1,257.546875,5.131740344688296,39.2,27.13,1.47
1,254.0555555555556,1.786774839791987,36.76,26.94,1.46
1,269.02777777777777,1.973464280366898,26.68,34.94,1.48
1,239.625,2.728247713297606,33.37,31.26,1.48
1,252.34375,1.778102575801313,36.07,30.41,1.48
1,245.75,2.842690365182029,38.24,26.66,1.49
1,230.88888888888889,1.920936319563124,38.44,26.77,1.49
1,242.47222222222223,1.371785401470131,39.37,28.82,1.51
0,245.125,2.003076933324337,36.42,28.23,1.53
1,241.84722222222223,3.389139275583956,36.05,29.53,1.48
1,251.7530864197531,3.314564884444814,40.23,29.46,1.52
0,244.875,1.502212550905016,37.21,28.06,1.54
1,255.34722222222223,4.246634706854821,38.72,26.44,1.52
1,254.2083333333333,1.43275028715531,36.65,26.88,1.46
1,226.421875,2.152575047686696,20.51,14.24,0.77
1,262.52777777777777,2.159843008551332,34.52,30.82,1.5
1,250.5833333333333,4.639531365699238,33.82,30.08,1.47
1,237.2083333333333,2.509783658716414,37.84,26.07,1.51
0,246.29166666666663,1.864758219983843,38.61,26.65,1.52
1,250.625,2.751016158610582,36.63,29.02,1.49
1,261.40277777777777,2.218839694228437,35.19,29.06,1.49
1,236.7083333333333,2.619025508562724,37.04,30.06,1.48
0,249.69135802469137,2.548071904682819,25.14,18.85,1.0
0,235.6805555555556,1.632845727105935,36.14,27.6,1.52
1,242.09375,3.951788820326328,35.49,28.98,1.51
1,244.3125,2.273833780549467,38.81,24.79,1.53
0,229.640625,1.134606337174773,21.78,15.18,0.88
1,245.546875,2.900685761123896,35.47,28.34,1.52
1,260.88888888888886,4.035965008868112,43.04,28.67,1.48
1,248.484375,2.794364430010319,38.72,26.05,1.51
0,259.296875,4.502267642877996,1.63,0.94,0.06
0,242.90277777777777,1.77067007124424,35.85,27.97,1.49
0,242.703125,3.212911151349545,0.0,0.0,0.0
0,236.15625,2.904539162293077,24.84,16.52,0.91
0,231.76543209876544,2.987081731543129,24.09,15.79,0.93
1,236.6805555555556,1.521605643961165,39.3,26.36,1.5
1,254.828125,3.246555494144559,34.11,27.88,1.46
1,243.890625,4.126026555111534,27.18,32.68,1.44
1,261.08333333333326,3.203254967100091,34.93,27.41,1.46
1,267.25,2.18034119076199,29.4,35.76,1.51
1,233.8333333333333,2.055232428842121,39.78,27.36,1.48
1,255.53125,3.72419941611588,36.79,27.82,1.48
1,251.3125,1.784630980342627,37.93,28.3,1.49
1,255.0123456790124,4.365862406330346,29.68,31.82,1.44
1,240.25,1.790034891002708,38.37,26.71,1.55
1,236.73611111111111,1.139894420074092,38.04,26.78,1.5
1,256.390625,3.69377076625824,37.83,30.37,1.49
1,235.859375,2.811405206099153,36.5,28.64,1.5
1,238.23611111111111,2.08986682858732,39.28,27.28,1.51
1,238.86111111111111,2.037830905781852,38.31,28.76,1.5
1,263.60493827160496,3.443686051869098,35.19,30.36,1.52
1,231.96296296296296,1.390645722548167,36.73,26.44,1.51
0,249.875,2.987468061968684,37.35,25.66,1.48
1,242.11111111111111,2.246661969357067,39.22,24.26,1.54
1,253.86111111111111,3.968736636141936,32.93,30.6,1.45
1,250.0,3.618449886639913,36.74,28.03,1.47
1,233.640625,2.165641075931489,38.94,26.97,1.5
1,233.4583333333333,1.630221370193693,38.72,26.91,1.54
1,265.828125,2.05676406994462,34.99,27.16,1.51
1,223.5625,2.231903605163097,39.92,26.25,1.5
1,259.2098765432099,2.863025027292746,40.64,26.04,1.5
1,230.50617283950612,2.322996265358395,37.1,27.36,1.51
1,252.734375,2.787061550654471,41.68,23.84,1.5
1,245.76388888888889,2.794953842129972,39.49,24.95,1.51
1,241.875,3.098249362781644,35.96,29.3,1.49
1,238.48611111111111,2.578945580455992,38.35,24.8,1.51
1,250.69444444444443,3.024743722544776,38.69,27.43,1.5
0,238.06944444444443,2.856417169173559,0.0,0.0,0.0
1,254.23456790123453,1.735631777180566,35.32,27.98,1.47
1,254.703125,2.660120444372296,34.8,26.88,1.45
0,252.77777777777777,1.924736157887512,36.82,25.91,1.49
0,253.79166666666663,3.704930093553331,38.52,26.24,1.55
1,267.55555555555554,1.919042443235715,31.97,30.58,1.5
1,255.3333333333333,3.620579383439488,36.97,29.75,1.5
1,268.21875,2.125917369499803,34.06,29.76,1.51
0,236.046875,1.665773688815534,5.98,3.91,0.23
1,266.65277777777777,2.35361782544189,31.01,29.87,1.48
1,237.3333333333333,2.71916525810957,38.2,25.62,1.54
1,237.90625,1.919847064651549,35.11,26.71,1.49
0,236.0,2.238703830006682,8.57,5.43,0.32
1,261.83333333333326,3.477650586929586,32.65,28.45,1.46
1,249.828125,4.375290648080409,40.34,25.08,1.53
1,244.41666666666663,2.243122148844931,39.74,26.87,1.54
0,254.76388888888889,4.617112507422766,0.0,0.0,0.0
1,256.97222222222223,2.547198437154293,38.97,29.08,1.5
1,236.0625,3.001259443350136,33.89,26.44,1.48
1,227.5,2.770302634055798,35.49,29.44,1.51
0,235.421875,2.678480016067624,36.99,27.96,1.53
1,258.796875,2.20327631291002,40.06,25.77,1.49
0,239.77777777777777,3.052493566440211,43.37,26.03,1.5
1,232.09375,1.871885878033936,38.07,28.35,1.5
1,249.86111111111111,2.502188864681456,39.15,29.28,1.49
0,249.84722222222223,3.882742017507553,41.17,27.66,1.5
1,240.9375,2.403894499875605,37.14,27.54,1.5
1,259.4375,3.064225901849568,39.16,24.97,1.48
1,259.40625,4.568262226879598,38.83,29.92,1.51
0,243.34375,3.670573620125651,18.46,15.43,0.78
1,235.53125,1.957019682042301,37.34,26.38,1.51
1,234.0,1.69569428358227,42.78,25.31,1.5
1,269.43055555555554,1.981132187777095,31.16,30.94,1.48
1,254.9583333333333,2.683810215857294,40.53,27.3,1.53
1,228.84375,2.528604624792933,35.96,28.67,1.51
1,254.8333333333333,4.103101491100258,33.8,28.8,1.47
0,232.21875,1.425471354275942,6.09,4.06,0.23
1,249.828125,3.539491223171353,37.37,27.74,1.48
1,246.796875,5.061392259784044,37.31,29.89,1.49
1,225.4305555555556,1.951258912682533,38.41,27.94,1.5
1,248.03125,1.905870570801198,35.25,26.35,1.48
1,236.22222222222223,2.850051328539848,38.63,25.64,1.48
1,232.09375,2.681407083757222,40.5,26.02,1.48
1,255.77777777777777,3.183841422200203,39.58,27.21,1.5
1,229.22222222222223,2.164016080491337,37.16,27.07,1.52
1,234.48611111111111,1.643976985580391,42.69,25.26,1.47
1,269.6875,2.090995620936155,31.18,30.35,1.47
1,265.96296296296293,1.644568751623601,31.83,36.04,1.5
1,232.25,2.088365192525089,39.51,25.52,1.52
1,256.47222222222223,3.197715082102352,30.09,31.92,1.44
1,261.75308641975306,4.325415138845093,32.56,32.15,1.49
1,227.04166666666663,1.986750401556492,36.63,26.75,1.53
1,245.515625,2.254573685117066,38.06,29.88,1.53
1,259.796875,2.956588069908321,40.41,26.56,1.5
1,255.984375,2.740804467350245,29.27,30.38,1.44
1,267.28395061728395,2.078448740788448,32.34,33.39,1.51
1,231.90625,2.448436559177935,36.19,27.28,1.52
1,229.5,1.843216255307198,38.01,27.0,1.52
1,228.5,1.830668698064983,38.81,26.3,1.52
1,228.06944444444443,1.611347467535072,40.4,25.66,1.52
1,252.78125,2.293711872771382,35.31,28.53,1.47
1,244.140625,2.966854569502175,38.36,26.42,1.51
1,242.69444444444443,1.770150168074502,37.88,26.9,1.53
1,221.65625,4.132731375741024,33.35,28.37,1.49
1,260.53125,2.826006571762264,34.89,30.21,1.53
0,255.28125,6.100784581154586,40.96,26.88,1.47
1,255.04166666666663,2.09796619001362,35.55,28.41,1.46
1,234.53125,2.560526221990585,36.51,24.37,1.51
1,238.97222222222223,1.957485352953275,38.55,26.48,1.52
0,248.640625,2.850982243195176,0.0,0.0,0.0
1,268.41975308641975,3.422821919123332,37.66,31.9,1.51
1,261.43055555555554,3.530167592068513,37.96,27.83,1.46
0,229.84722222222223,1.826203573909071,37.8,26.86,1.5
1,241.421875,2.060750630684197,32.04,25.07,1.35
1,243.328125,2.744981619529426,37.12,28.13,1.5
1,237.203125,2.181131135672331,39.21,26.04,1.53
1,267.828125,2.346633024513721,35.26,32.72,1.51
1,236.80246913580248,2.233515157375807,37.23,27.89,1.49
1,229.0,1.6461441218853,38.46,27.4,1.51
0,240.11111111111111,2.390363399353292,36.25,27.9,1.49
1,229.63888888888889,1.692225956254535,39.15,27.13,1.53
1,265.90277777777777,1.788626604610019,34.36,32.21,1.51
1,267.390625,1.983360492624342,29.4,33.98,1.5
0,243.5833333333333,4.866453929907746,0.0,0.0,0.0
1,232.859375,2.422541165724397,38.43,26.91,1.54
1,252.04166666666663,6.195941012766626,36.77,30.0,1.5
1,236.26388888888889,2.368948942257298,41.82,25.38,1.48
1,257.0416666666667,3.689777397447162,40.62,28.81,1.49
1,252.01388888888889,3.559237711959415,33.94,27.65,1.46
0,235.875,1.551274274475873,0.0,0.0,0.0
0,250.015625,2.358197716996074,0.0,0.0,0.0
1,244.84375,2.794267918914557,38.98,26.43,1.57
1,253.5625,2.038669862784445,37.97,25.62,1.48
1,237.921875,1.8156479857862,36.43,27.03,1.51
1,263.17283950617286,2.861981458134121,34.96,29.28,1.53
1,251.796875,1.953551298007369,36.93,27.67,1.48
1,228.40625,1.701630376279354,39.29,25.8,1.52
1,225.75,1.427665532566607,37.58,25.22,1.52
1,244.75,2.44151411867804,36.5,31.1,1.49
1,243.79166666666663,2.318821873101923,37.52,28.89,1.5
0,245.171875,3.651077606715262,0.0,0.0,0.0
1,227.609375,1.691516394726932,38.14,26.55,1.53
1,238.29166666666663,2.739081439872583,38.12,26.34,1.55
1,247.31944444444443,3.476710343526469,36.53,28.07,1.51
1,232.515625,2.011832332238555,35.43,25.82,1.48
1,249.625,1.186096130973763,42.72,27.75,1.5
1,221.234375,1.975908875465393,37.21,28.48,1.49
1,231.296875,1.523669841699302,39.3,28.22,1.53
1,265.015625,2.347211610525846,32.55,31.51,1.48
1,235.609375,2.401828367263079,37.16,25.58,1.49
1,238.7407407407408,2.322049952583548,32.27,26.57,1.44
1,228.4691358024692,1.929572566055957,38.14,27.62,1.52
1,265.28125,1.886657402850688,35.69,30.41,1.49
1,251.97222222222223,2.686660101016363,38.57,26.65,1.47
1,252.3827160493827,2.62564511725932,38.85,29.18,1.51
1,259.921875,4.009647211059928,30.71,32.28,1.46
1,230.171875,1.412533508613706,37.56,29.05,1.51
1,251.796875,4.004929625429213,37.15,27.21,1.47
0,254.625,5.264260013898214,38.51,30.02,1.51
1,262.3125,3.359227640554309,36.93,27.37,1.56
0,257.40740740740733,4.758239369333526,37.65,28.85,1.49
1,252.27777777777777,1.469400957226753,34.97,29.24,1.49
1,249.16666666666663,2.551982656121254,41.18,26.84,1.49
1,236.6875,2.7870222190395,42.85,25.35,1.47
1,224.109375,1.996352875605226,38.76,27.73,1.51
1,252.8125,1.702968484722078,36.64,30.09,1.48
0,238.328125,1.360087973065674,0.0,0.0,0.0
1,265.72222222222223,2.269790645274851,37.78,30.35,1.49
1,253.28125,2.226264167577028,32.78,30.09,1.47
1,241.0833333333333,2.990713309910563,37.1,30.76,1.52
1,241.140625,2.514150154776871,38.16,25.8,1.51
1,263.82716049382714,3.278245738994928,34.88,30.95,1.52
1,246.7530864197531,2.410653368190483,40.0,26.15,1.51
1,251.796875,1.63859560713172,36.61,26.89,1.49
0,240.5555555555556,5.99423946109083,0.0,0.0,0.0
1,228.98611111111111,1.493973022533788,36.9,25.16,1.5
1,262.328125,4.541539423167706,34.82,30.2,1.48
1,222.52777777777777,1.579573954145114,39.05,26.69,1.51
1,262.31944444444446,2.129081851906247,38.55,28.87,1.54
1,237.390625,2.113398236222565,33.68,21.29,1.23
1,264.984375,3.513765313662589,36.57,29.56,1.48
1,260.59375,3.296440038830042,39.24,26.94,1.55
1,254.94444444444443,3.261488628884157,40.05,27.01,1.49
1,235.1875,2.170219135470688,37.43,26.67,1.54
1,232.9305555555556,2.294958613812923,38.74,27.37,1.52
1,244.27777777777777,1.776736208134227,38.54,27.76,1.56
1,230.453125,1.982922738417983,39.06,27.12,1.53
1,228.31944444444443,1.837249259154002,39.21,25.02,1.52
1,235.8395061728395,3.184051076571146,42.03,25.75,1.51
1,260.515625,4.936191371642054,33.81,29.16,1.47
1,233.984375,2.26190235093236,41.04,24.83,1.51
1,228.3125,2.785213360562921,6.83,4.14,0.25
1,247.3333333333333,2.261467002332211,35.67,30.46,1.5
0,243.859375,2.444224132224917,40.83,28.47,1.51
1,250.5,2.11902251187712,36.36,27.23,1.47
1,244.265625,2.177859448827803,36.52,30.92,1.51
1,243.25,2.383919560350478,38.48,26.78,1.5
1,231.27777777777777,2.539687265124586,20.28,14.77,0.82
1,247.953125,1.87997564394027,34.27,27.66,1.5
0,256.390625,6.67558475304395,0.0,0.0,0.0
1,228.84375,1.320912839844823,38.1,27.02,1.52
1,260.77777777777777,3.323560680780146,38.99,28.15,1.54
1,253.140625,5.19694756809622,34.61,27.04,1.46
0,242.44444444444443,3.098513782852226,36.96,26.16,1.52
1,228.48611111111111,1.677803580959638,37.2,26.9,1.51
1,244.46875,3.092759634368122,38.73,26.43,1.54
0,242.6805555555556,1.846684166126781,38.69,28.17,1.51
1,249.0555555555556,2.204833621780077,36.07,30.12,1.5
1,249.97222222222223,3.921837199893263,39.12,30.04,1.5
1,254.86111111111111,1.664610106911924,32.24,29.98,1.46
1,269.1481481481481,2.00510064540086,32.25,32.03,1.5
1,227.4583333333333,2.578704847229852,39.95,26.55,1.51
1,234.19753086419752,2.258317237282977,36.6,24.52,1.52
0,263.15625,2.767390994355083,35.5,27.89,1.5
1,243.625,2.475368591646353,35.53,31.95,1.48
1,245.65277777777777,2.184975930386119,39.68,25.5,1.52
1,232.04166666666663,2.65939255638255,36.13,27.73,1.52
1,233.625,1.750019839033484,23.28,14.39,0.87
1,233.625,2.161089691023032,38.71,25.89,1.49
0,248.76388888888889,2.624572572608789,21.52,9.33,0.65
1,238.20987654320996,1.906121245136967,38.02,24.72,1.53
1,258.875,1.849956444464624,39.23,28.71,1.47
1,260.375,2.56433554366231,38.96,27.82,1.49
1,256.0416666666667,4.149714773727788,33.46,28.07,1.48
1,245.97222222222223,3.334269512858656,36.77,27.57,1.52
1,242.72222222222223,2.514213325248824,37.81,25.82,1.53
1,251.4305555555556,4.31188388582733,39.09,24.82,1.51
1,242.28125,3.49040749296546,32.84,22.41,1.3
1,234.015625,1.400967875495553,37.97,25.74,1.52
1,232.91666666666663,2.07074366344346,39.97,26.19,1.5
0,262.46875,2.617993516847491,11.64,12.59,0.61
0,250.390625,4.213412129320205,39.12,27.49,1.51
1,244.88888888888889,4.933154791593552,37.97,25.84,1.52
1,239.125,2.069097347557545,33.28,31.54,1.49
1,264.56944444444446,2.926182312270006,36.35,28.39,1.46
1,249.03125,4.354199522174895,31.78,26.28,1.46
1,232.72222222222223,2.158874347805977,37.28,25.61,1.51
1,259.5308641975309,6.592622441274148,28.97,32.73,1.45
1,243.87654320987653,3.627587170512588,37.01,28.99,1.48
1,251.36111111111111,1.972355902194977,35.67,28.11,1.48
1,232.328125,2.484834041446447,36.76,27.29,1.53
1,226.25,1.644082858227193,39.76,25.75,1.51
1,259.4861111111111,4.896183556152716,34.17,28.61,1.46
1,240.7083333333333,1.482813417083687,38.17,26.44,1.55
1,249.3703703703704,2.381205689759902,35.37,27.4,1.52
1,225.609375,1.651507406495512,35.19,28.24,1.51
1,252.515625,1.344432445243001,37.21,27.77,1.48
1,240.19444444444443,2.080590772132079,37.93,26.12,1.5
1,241.5625,2.369208688847721,38.79,26.34,1.48
0,236.29166666666663,2.238604061305523,24.89,14.8,0.89
1,257.01388888888886,3.555260888404316,41.57,27.01,1.47
1,252.0625,3.735677324235439,40.09,23.97,1.51
1,246.28125,3.29425610601902,35.87,26.96,1.46
1,227.984375,1.439803647808731,39.69,26.66,1.52
1,224.296875,1.469287714997276,38.42,25.47,1.51
1,238.015625,1.994002788327634,34.51,27.38,1.49
1,253.59375,2.583508190698922,35.67,29.34,1.48
1,240.13580246913577,2.764517305809775,34.15,31.91,1.49
1,250.11111111111111,2.689210928148694,36.02,27.68,1.5
0,252.453125,6.603121098130942,0.0,0.0,0.0
1,231.01388888888889,1.714919875893328,37.71,26.78,1.52
1,235.203125,2.455206280574203,37.24,27.08,1.51
1,263.640625,4.036889877170325,38.98,26.76,1.5
1,259.5625,2.83355176076293,40.02,27.46,1.46
1,252.3125,2.763867001980543,34.77,26.43,1.45
0,264.31944444444446,2.715679507288668,13.28,13.47,0.65
0,253.703125,2.513963217847049,8.35,7.96,0.37
1,229.13888888888889,2.046824920508596,37.3,26.57,1.53
1,228.26388888888889,2.302418222857846,38.11,27.67,1.52
1,229.6805555555556,2.193481435378393,35.86,25.75,1.5
1,244.40277777777777,1.722257060309251,39.62,28.5,1.5
1,236.59722222222223,2.377910656233629,40.01,23.14,1.49
1,267.375,2.019392052665353,34.28,28.88,1.51
1,255.484375,3.951039659790695,36.62,29.4,1.48
1,259.0625,2.836559150367975,40.08,28.16,1.49
1,230.640625,1.444026812911034,38.29,26.72,1.52
1,264.30864197530866,2.225570055437676,35.08,30.26,1.53
1,254.98765432098764,2.292598775139561,38.53,29.92,1.5
1,236.96875,2.092570004053414,35.06,29.89,1.51
1,258.359375,5.234330439940096,37.43,31.85,1.51
1,242.8125,2.856879162602127,35.13,29.84,1.52
0,237.4197530864197,1.952049885267093,37.15,26.74,1.5
1,234.8125,2.411092552356422,40.97,23.77,1.48
0,238.5625,3.599522183649242,36.02,24.88,1.51
1,261.25925925925924,3.135249349070184,30.94,31.13,1.46
1,250.609375,3.571575624868274,30.81,22.28,1.19
1,227.85185185185185,1.618094150072489,38.36,27.2,1.51
1,230.9375,2.16213883459568,38.19,28.02,1.53
1,242.15277777777777,2.373563084337446,38.11,26.54,1.5
1,205.17283950617283,3.819662999298613,32.54,31.95,1.5
1,243.03125,2.205917026847601,37.66,29.29,1.55
1,235.6875,2.367301095277071,37.27,27.13,1.53
1,263.1875,2.559105501510203,36.11,29.27,1.48
1,250.140625,2.596707512624562,39.37,28.46,1.5
0,247.8395061728395,2.803924375846062,42.35,25.75,1.5
1,254.81944444444443,2.160900309681892,33.98,29.86,1.48
1,248.50617283950612,2.457768579324087,42.17,25.99,1.51
1,245.2962962962964,2.049457182118922,39.35,25.52,1.52
1,229.40277777777777,1.171993888086743,37.58,26.94,1.52
1,256.703125,5.047132464125752,34.05,28.87,1.47
1,230.09375,2.192244092002511,37.78,26.31,1.53
1,240.65277777777777,1.66466915110747,36.23,25.43,1.52
0,245.3055555555556,2.676280123492082,16.56,12.15,0.7
1,245.19444444444443,1.916127564178573,38.83,26.03,1.53
1,264.30555555555554,2.335348950492011,37.76,31.19,1.5
0,254.51388888888889,3.461560409930017,39.93,25.22,1.49
1,242.515625,2.578569586388767,35.04,30.22,1.5
1,236.703125,2.465277836658061,40.25,24.64,1.48
1,259.0,4.111680812202394,41.18,26.77,1.51
0,261.4166666666667,6.271509396533172,39.64,27.34,1.49
1,243.0,1.851439491742187,37.96,26.02,1.5
1,238.56944444444443,2.466434248619609,37.05,27.43,1.51
1,232.375,2.006439924240112,37.76,24.82,1.53
1,268.046875,2.13218666985631,32.08,30.59,1.5
1,256.1875,2.246847999282181,41.4,27.28,1.52
1,254.734375,2.979244775138795,32.99,30.96,1.47
1,247.90625,2.36655317991972,38.86,27.15,1.51
1,253.53125,1.658117430284619,31.93,30.07,1.47
1,235.9305555555556,1.941870498160521,34.19,31.76,1.5
1,261.98765432098764,2.632860718685904,34.34,29.49,1.49
1,231.734375,1.585342102684081,35.69,27.51,1.52
1,260.9375,3.428752515465021,39.29,27.38,1.47
1,236.84375,2.331854721531272,38.66,25.37,1.52
1,238.921875,1.52522686868906,39.82,26.38,1.49
1,248.51388888888889,2.152378939920002,39.73,24.96,1.52
1,243.859375,2.65625299140811,38.15,25.99,1.5
0,237.23611111111111,2.708631089991993,0.0,0.0,0.0
1,264.34567901234567,4.152977101596785,34.56,29.03,1.48
1,247.91666666666663,2.095611203875807,36.82,24.91,1.51
1,250.4375,2.880543669685721,40.28,27.9,1.47
1,229.70370370370367,1.857653394157504,38.83,25.47,1.51
0,236.98611111111111,3.533308387630516,38.25,27.48,1.49
1,234.48611111111111,2.766868919961982,39.64,26.93,1.48
1,253.61111111111111,6.31054346760114,39.91,29.26,1.47
1,261.08333333333326,1.548514311512311,39.63,27.72,1.53
1,255.11111111111111,4.699031071162518,34.82,27.39,1.47
0,257.921875,1.67153069190681,42.73,26.3,1.51
1,252.5,1.891873452398512,36.2,29.47,1.5
1,256.20833333333326,2.186626808510886,34.8,28.64,1.49
1,259.6666666666667,4.799303261770144,37.9,31.08,1.51
1,231.046875,2.619698166847229,38.7,25.33,1.53
1,232.26388888888889,1.111676873432265,38.07,26.12,1.5
1,251.641975308642,1.943528574190022,43.17,25.92,1.51
1,232.4305555555556,2.157131584154235,39.34,26.24,1.51
1,262.31944444444446,3.798417881959014,36.37,31.58,1.52
1,229.44444444444443,1.277301798632116,38.0,27.05,1.51
1,231.9583333333333,1.851881940331724,39.62,26.48,1.5
1,262.046875,3.99353663995862,39.12,27.77,1.5
0,253.0617283950617,3.74787140481266,40.38,27.38,1.53
1,258.25,3.167655865351359,40.76,25.77,1.5
0,246.25,1.895056431181729,38.67,29.0,1.47
1,231.72222222222223,1.828522629208035,38.97,27.14,1.49
1,265.4166666666667,2.844684688581361,34.32,29.12,1.52
1,234.296875,2.015524482354522,39.94,26.24,1.57
1,229.046875,1.792787884362042,37.69,24.89,1.52
0,231.109375,1.650269755162299,30.41,22.01,1.24
1,260.12345679012344,3.456428434377835,41.2,25.09,1.5
1,225.578125,1.81268788408488,38.75,26.1,1.53
1,262.13888888888886,2.299607608881262,33.83,30.49,1.49
1,254.98765432098764,2.195830334851771,41.25,27.73,1.53
1,260.31944444444446,4.619240082800388,38.46,27.99,1.48
1,258.0,3.100482786695162,38.27,28.5,1.46
1,228.34375,1.474081302061677,38.43,28.15,1.5
1,254.34375,4.102903281338513,39.5,25.99,1.47
1,244.078125,3.188401845283806,36.3,29.37,1.51
1,229.96875,1.785959633998573,38.15,26.02,1.49
1,255.484375,2.194906441494823,35.2,29.4,1.48
1,246.578125,2.504398912191391,39.0,27.02,1.51
1,250.3333333333333,1.798889295094543,34.11,28.54,1.48
1,262.3125,4.013945771381259,34.58,28.81,1.47
0,227.765625,2.187584830448031,36.03,27.17,1.51
1,244.22222222222223,1.906340022881826,37.37,30.07,1.52
1,234.015625,2.589866776019335,36.51,26.21,1.55
1,255.54166666666663,2.211412409941355,35.31,28.99,1.48
1,232.84375,1.350906450301409,38.74,26.71,1.52
1,235.5625,1.42246192228049,38.23,26.61,1.52
1,225.84722222222223,1.920256926781601,39.17,26.68,1.51
1,244.2083333333333,2.93722205526299,36.09,29.35,1.5
1,258.25,3.217314918008116,38.94,28.47,1.48
1,258.703125,2.778611100278795,35.49,29.54,1.48
1,229.23611111111111,1.840843139423264,36.0,28.67,1.5
1,263.046875,4.629998956806958,36.17,29.07,1.48
1,236.13888888888889,2.328126042253441,35.09,21.02,1.26
1,223.015625,1.61053120251745,39.14,28.03,1.51
0,258.65277777777777,5.446518156263564,37.57,27.01,1.46
1,263.5,2.384516753256321,32.92,31.52,1.5
1,263.953125,1.840341947041452,33.63,31.57,1.49
1,246.358024691358,2.235365293644093,38.54,27.02,1.51
1,264.125,1.616668942384422,32.34,31.5,1.48
0,248.484375,2.64393702801317,40.83,28.59,1.49
1,238.41666666666663,2.453960185249647,35.1,27.64,1.5
1,232.26388888888889,1.931352666682667,37.82,27.65,1.54
1,233.75,1.458865222003725,39.97,24.62,1.51
1,244.375,1.895470329560339,37.84,28.03,1.49
0,257.5625,3.321156672202051,6.02,4.68,0.24
0,235.24691358024688,1.148508388319133,1.5,0.97,0.06
0,251.09722222222223,1.837816546360652,35.23,27.34,1.48
1,231.890625,1.726900921203196,38.19,24.68,1.52
1,259.41975308641975,2.468542140943033,40.69,27.8,1.51
0,251.90625,2.838207865133882,0.0,0.0,0.0
1,247.34722222222223,3.58545579512914,39.25,29.82,1.54
0,231.078125,1.710616245865822,23.65,16.02,0.97
1,235.625,1.907164886593819,36.32,26.47,1.5
1,228.0625,2.052166370674968,40.78,25.45,1.52
1,246.87654320987653,2.08232824449186,35.04,27.46,1.5
1,247.015625,1.903557762503624,39.4,26.64,1.5
1,260.875,3.192907103233867,37.7,30.52,1.52
1,232.73611111111111,2.463429576820797,40.26,24.4,1.51
1,239.453125,2.126186377368867,38.84,26.59,1.55
1,246.25,3.846795783274704,35.36,27.4,1.52
1,230.875,2.175673993925253,38.55,25.82,1.53
1,253.98611111111111,3.22353587879075,37.04,27.91,1.48
1,237.109375,3.145258024334908,39.74,25.72,1.52
1,232.23456790123453,2.524476887267313,37.54,27.97,1.51
1,241.0833333333333,1.863392628729343,36.74,28.34,1.5
0,225.38888888888889,2.4460339612431,19.41,13.96,0.78
1,230.73611111111111,1.915634661912918,39.81,25.05,1.51
1,254.546875,2.148365559056401,35.79,29.64,1.49
1,243.3125,2.210727632045746,40.01,25.82,1.52
1,265.578125,2.433361763134599,38.04,29.57,1.49
1,242.3125,3.335258303210139,33.25,30.66,1.52
1,232.875,2.195572898723185,37.31,25.93,1.53
1,241.03125,1.899239310994744,35.92,26.45,1.49
1,241.56790123456787,3.330909977724523,34.99,29.06,1.5
1,235.59722222222223,2.022146702640586,39.5,25.93,1.49
1,253.06944444444443,1.582539154423608,38.06,28.58,1.49
1,242.3125,2.42985903006047,36.27,26.65,1.49
1,228.24691358024688,1.691752293963491,38.28,27.12,1.51
0,240.08641975308643,1.83459417834694,39.72,26.56,1.49
1,236.641975308642,1.942305444935222,35.29,25.25,1.47
1,248.34722222222223,1.923036253286733,39.66,27.71,1.51
1,234.5555555555556,2.056646007078665,45.12,23.95,1.51
1,267.9375,1.807427694089711,33.25,33.23,1.5
0,251.078125,2.879033890552819,0.0,0.0,0.0
1,225.3333333333333,1.974500502149264,38.88,25.4,1.53
1,234.52777777777777,2.303221065964964,38.91,25.57,1.5
1,269.09722222222223,2.808912830220328,32.2,30.43,1.51
1,243.21875,2.09073777217418,38.46,26.99,1.52
1,240.265625,2.431402604095638,38.43,28.86,1.49
1,228.546875,1.769059279002249,35.62,29.31,1.5
1,237.515625,2.609051112085581,38.65,28.83,1.5
1,231.34375,1.98004721198231,38.43,25.19,1.5
0,264.4375,2.741491158492863,0.21,0.23,0.01
1,232.765625,1.61117547005415,38.46,26.94,1.52
1,240.90625,2.446576235815883,35.15,28.59,1.5
1,234.46875,1.538487093523145,37.95,26.61,1.52
0,229.875,1.255224903424581,39.91,28.34,1.51
1,250.3055555555556,3.582002917097674,38.28,25.13,1.47
1,258.515625,2.644663192331791,39.71,26.08,1.52
1,246.5,2.842964751645923,39.82,26.9,1.5
1,249.48611111111111,3.219776223931047,38.45,28.44,1.51
1,253.5308641975309,3.707204973992006,32.61,26.25,1.44
1,233.84722222222223,2.274034568005138,37.12,26.9,1.51
1,234.53125,1.764449624344707,37.97,26.36,1.51
1,257.625,3.820723193697631,41.98,26.95,1.46
0,225.77777777777777,1.960531133192557,25.04,17.48,1.03
1,254.03125,5.58587684109807,38.5,29.08,1.46
1,252.0,2.015104384058052,38.22,27.52,1.49
1,236.641975308642,1.809668259120282,36.0,26.92,1.5
1,231.22222222222223,2.21982530835602,37.02,26.12,1.52
1,253.625,2.50324184820056,35.51,27.15,1.48
1,250.890625,2.94583872333169,40.71,26.57,1.5
0,260.43055555555554,4.366636839177874,36.95,27.41,1.56
1,250.7083333333333,2.803366786903805,38.31,29.62,1.51
1,257.875,3.151582165724701,37.58,27.96,1.51
0,260.65277777777777,5.307549828456508,33.92,27.93,1.46
1,238.171875,1.343749609775841,38.75,27.77,1.51
1,247.3333333333333,2.068829897377226,39.96,26.19,1.51
1,236.5,2.13093086425215,48.11,25.48,1.52
1,223.015625,2.464055506512523,37.95,27.97,1.51
1,235.0555555555556,1.509923507769902,40.04,26.44,1.51
0,261.015625,3.680212315171957,37.23,29.38,1.48
1,262.9166666666667,4.465024082197083,38.71,26.98,1.5
0,247.84722222222223,3.007744010123941,15.61,11.76,0.6
0,233.640625,2.016333046369255,39.29,25.07,1.48
1,231.828125,1.841129474341869,17.56,11.54,0.7
0,257.03125,4.062272143550217,23.0,12.9,0.82
0,236.203125,2.00762587133795,24.07,12.04,0.8
1,257.640625,2.266732566989958,39.29,28.93,1.51
1,241.1875,1.380882692523301,40.4,26.97,1.5
1,243.04166666666663,2.348526722855038,38.37,28.98,1.5
0,231.625,1.458669565618038,41.98,25.38,1.49
0,264.484375,2.800516081042588,35.51,28.4,1.5
1,232.03125,1.767108478583395,39.76,25.88,1.52
1,239.40277777777777,2.036611400544643,36.53,30.2,1.5
1,227.88888888888889,2.019482423861822,39.47,25.86,1.5
1,248.8125,2.450447961688042,39.36,28.02,1.52
0,268.76388888888886,4.832307901647356,37.05,28.98,1.48
1,254.09722222222223,6.18567415078481,37.41,30.53,1.51
1,240.92592592592592,2.480574510715626,36.4,31.27,1.5
1,250.51388888888889,4.557882424857882,33.59,26.13,1.46
1,267.33333333333326,2.067655544314119,32.93,31.55,1.49
1,254.98611111111111,1.501562853654226,35.32,28.62,1.5
0,250.91666666666663,3.011531352168984,0.0,0.0,0.0
1,254.5625,3.356884722597897,36.22,25.12,1.47
1,268.671875,1.824292932637036,24.89,34.45,1.49
1,243.1805555555556,3.35387786063883,34.6,28.49,1.52
0,237.48148148148147,2.148728741539849,37.42,27.34,1.48
0,233.5,4.540846385061742,37.38,26.75,1.52
1,261.703125,1.683265785686672,36.15,28.51,1.48
1,248.79166666666663,3.707479789853096,39.76,27.78,1.52
0,232.65277777777777,1.972067581282722,0.0,0.0,0.0
1,242.734375,5.120880706235766,35.96,28.73,1.5
1,241.71875,3.716115485876799,20.54,13.23,0.74
1,229.671875,2.828997952863574,36.39,29.61,1.5
1,261.5925925925926,3.09000904251028,37.16,29.24,1.53
1,243.59722222222223,3.119516323010127,36.35,28.18,1.52
1,265.5625,2.495617681182921,38.63,28.99,1.49
1,261.33333333333326,1.839160518513785,39.19,26.66,1.47
1,245.22222222222223,2.227115989559227,34.75,28.43,1.52
1,260.609375,2.711285994388163,39.26,28.51,1.51
0,254.17283950617283,5.355144410221666,36.72,29.9,1.5
1,256.77777777777777,4.316617753034757,32.3,31.33,1.48
1,250.078125,2.302155033685267,37.72,27.71,1.52
1,258.109375,2.79172077961266,36.69,34.65,1.49
0,239.02777777777777,2.905481569468975,0.0,0.0,0.0
1,264.58024691358025,2.699589773460671,32.85,33.32,1.51
1,236.8055555555556,2.64401714834902,35.88,27.31,1.5
0,239.88888888888889,2.09031798524989,36.6,28.26,1.48
0,249.51388888888889,2.48223090171814,14.87,5.75,0.45
1,231.91666666666663,2.163991905748844,39.49,29.52,1.49
1,255.859375,4.108853293582797,33.92,28.97,1.47
0,253.609375,1.875438321381807,38.81,31.39,1.51
0,265.76388888888886,4.939481311374242,38.3,27.24,1.48
0,235.015625,1.121831406839192,41.56,24.41,1.51
1,259.03125,2.523670743219554,31.53,31.45,1.45
0,255.08641975308643,5.067627725041944,0.0,0.0,0.0
1,227.453125,1.680122398771346,38.96,26.02,1.52
1,252.9135802469136,2.99312906059218,37.41,29.35,1.49
0,242.21875,2.510389319621027,39.28,27.71,1.52
1,242.671875,2.329526777379215,37.01,27.06,1.53
1,239.046875,2.474400764331222,34.59,30.74,1.49
1,235.76388888888889,2.287407055497169,38.71,26.79,1.49
1,259.421875,4.836124954745174,31.29,30.39,1.46
1,269.34722222222223,2.539997395541933,33.62,30.58,1.49
1,259.06944444444446,2.864529751241207,38.6,28.75,1.49
1,265.05555555555554,2.510907309750716,30.14,31.79,1.47
1,255.3333333333333,2.683061232997312,35.73,25.07,1.48
1,261.8395061728395,3.573308700396691,35.36,30.73,1.5
0,251.546875,3.657475123181939,0.0,0.0,0.0
1,270.15625,2.537434935569763,32.7,31.77,1.5
1,247.640625,3.076843373477459,37.41,29.19,1.48
1,232.36111111111111,1.946468883090549,38.66,26.93,1.51
1,257.859375,1.920569426380098,40.36,26.67,1.52
1,229.515625,1.915169779211283,41.32,26.34,1.52
1,244.13888888888889,2.380500721434752,36.79,28.45,1.51
1,233.77777777777777,2.000851598050859,39.11,26.34,1.51
1,260.02777777777777,3.85157508485847,40.95,26.76,1.5
1,254.86111111111111,3.064979203045368,40.1,26.17,1.5
1,221.390625,1.312383472919464,37.44,24.07,1.51
1,250.125,4.311005372554064,38.21,27.52,1.48
1,263.703125,2.003043899312615,30.75,31.83,1.5
1,238.390625,2.328138648532331,36.81,27.46,1.53
1,244.66666666666663,2.957092776894569,34.8,29.6,1.47
1,233.59375,2.105202126316726,39.74,25.12,1.51
0,237.5555555555556,1.56013221376472,37.24,29.51,1.51
1,229.19444444444443,1.96338485678037,39.44,28.7,1.52
0,229.828125,2.160956855863333,37.58,26.87,1.49
1,253.34722222222223,4.157739974558355,35.4,27.78,1.47
1,264.4166666666667,3.315101940598753,39.24,27.92,1.51
1,236.66666666666663,1.985590330428547,40.55,24.64,1.5
1,254.8641975308642,2.317535039083457,33.55,32.87,1.48
1,248.78125,2.998062308877707,35.52,29.24,1.48
1,250.875,3.747360519133508,39.43,25.08,1.5
1,235.09375,2.92867711558938,36.9,27.26,1.5
1,231.640625,2.221000363118947,39.54,27.7,1.47
1,235.52777777777777,1.585753909415669,40.03,26.29,1.49
1,241.4375,3.19062371738255,36.83,30.8,1.52
1,258.75,3.957272803410888,38.67,28.59,1.49
1,248.9305555555556,1.803398911323812,34.46,27.82,1.51
1,225.71604938271605,1.896948692239361,38.64,28.2,1.53
0,260.5416666666667,6.422025586995814,41.41,25.67,1.48
1,248.109375,4.274013780057431,36.46,29.35,1.48
1,250.19444444444443,2.419622890651226,43.05,26.03,1.5
1,247.5625,3.140991197898984,26.99,15.97,1.03
1,239.953125,1.897288127802312,37.82,25.44,1.51
1,261.953125,3.205887345597148,38.61,29.44,1.52
1,230.1875,2.202518170699477,38.73,26.12,1.5
0,267.68055555555554,1.996988107760747,36.75,29.24,1.51
0,242.34722222222223,5.382399330536526,0.0,0.0,0.0
1,254.9375,3.230988676659763,37.26,25.19,1.48
1,234.90625,2.028588063083589,40.23,26.33,1.52
1,226.61111111111111,2.135137810475296,39.48,27.35,1.54
1,249.984375,1.545717971399426,41.6,25.9,1.49
1,248.078125,3.737009360454977,39.57,29.02,1.53
1,237.125,2.420292055441274,38.77,27.7,1.51
0,237.6805555555556,5.332889215813744,5.89,3.05,0.18
1,259.625,2.358978974632919,38.14,27.29,1.51
1,228.59722222222223,2.833477288484573,38.79,26.43,1.53
0,238.40625,2.691563064232469,25.62,14.11,0.88
0,244.265625,2.36219553090632,14.64,12.63,0.61
1,229.69444444444443,1.6130445756846,36.17,25.83,1.52
1,242.2083333333333,1.704134724206395,36.07,26.42,1.5
1,257.97222222222223,3.379995308816433,39.31,30.32,1.53
0,252.8055555555556,5.96376401765479,40.18,29.48,1.52
1,232.79166666666663,2.488795315225919,37.81,26.23,1.54
1,239.30864197530863,2.151879878691685,35.06,31.11,1.49
1,255.53125,2.353799153119326,38.39,29.19,1.49
1,233.86111111111111,2.027269620862272,31.8,23.14,1.29
0,241.90277777777777,2.480338207549519,41.92,25.16,1.51
1,233.5625,2.565306588076055,36.75,27.75,1.52
1,257.3125,4.696907104924322,38.45,28.42,1.47
0,234.56944444444443,1.332823696235816,3.82,2.64,0.15
1,244.34722222222223,2.070304233994749,37.61,30.0,1.51
1,266.7916666666667,2.144178845816188,31.12,30.04,1.49
1,242.3055555555556,3.753845850626627,36.19,29.56,1.49
0,253.953125,4.525726387277246,39.27,31.01,1.49
1,244.15625,2.062111265957355,35.11,28.76,1.49
1,238.171875,1.25910812523216,38.42,25.8,1.54
1,257.875,3.53871576115489,38.31,26.97,1.48
1,229.8395061728395,2.014626389668312,39.3,26.59,1.54
1,257.55555555555554,4.834028843376372,30.16,31.34,1.45
1,265.40277777777777,2.953181052711648,34.64,29.15,1.48
1,235.421875,2.792405674234033,39.97,26.85,1.51
1,234.6543209876544,1.485083349692969,36.85,27.66,1.47
1,263.09722222222223,2.354739296767447,28.8,33.2,1.5
0,266.484375,5.495762936770916,37.95,27.66,1.48
1,239.390625,3.851090692915022,38.33,28.75,1.5
1,256.40277777777777,3.080996529923545,33.16,28.79,1.45
1,264.1604938271605,2.136091598757991,32.11,29.71,1.49
1,246.75,2.125896656885743,37.43,29.29,1.5
0,236.734375,2.428837987594306,49.22,22.3,1.51
1,239.90625,3.228180698119104,36.13,28.72,1.51
1,253.984375,2.338970481418073,33.59,28.93,1.45
1,255.390625,5.693247311748564,41.66,25.74,1.47
1,256.55555555555554,4.64401896380716,37.81,29.54,1.47
1,227.5432098765432,1.351215663515491,38.0,27.05,1.51
0,241.0,1.76844224996037,26.55,16.29,0.97
1,230.96875,2.029159075580537,36.61,27.61,1.48
1,258.70833333333326,2.909409082598156,40.19,27.23,1.5
1,230.1875,1.685187329538167,36.5,27.04,1.53
1,263.109375,2.021282543428242,21.48,20.32,0.95
0,261.96296296296293,2.943827803488131,7.83,5.38,0.28
1,253.77777777777777,3.782218119336499,30.1,30.02,1.46
1,225.16666666666663,2.273447299997012,37.11,25.47,1.51
1,228.90277777777777,1.787189905014303,39.0,26.21,1.55
0,252.78125,6.980350311845542,0.0,0.0,0.0
1,238.73611111111111,2.3998855377237,34.07,30.1,1.49
1,230.91666666666663,2.050436610976855,37.37,27.33,1.52
0,269.15277777777777,1.91626040223572,0.0,0.0,0.0
0,237.25,1.994895639518897,36.74,26.67,1.53
1,235.546875,2.224184402264655,37.88,28.62,1.5
1,238.84375,2.103801143355668,37.05,27.98,1.52
1,230.140625,2.098429579287767,34.67,27.95,1.49
0,231.03125,1.430184641852975,39.01,25.46,1.53
1,242.515625,2.853236175142229,36.13,28.55,1.53
0,270.71875,2.038142028264701,34.08,29.13,1.52
1,238.609375,2.405660045333207,38.55,27.24,1.47
1,243.69444444444443,1.962679329017798,36.51,30.64,1.49
1,250.578125,3.51205653231591,33.35,30.5,1.47
1,251.44444444444443,1.886938760677974,33.53,27.56,1.47
1,240.578125,4.630892729386688,34.99,28.66,1.52
0,248.36111111111111,2.546629572080241,15.84,6.9,0.49
1,260.875,2.337993386718962,40.64,27.63,1.45
1,231.36111111111111,1.901919124854936,39.39,27.38,1.51
1,245.11111111111111,2.374187253415585,26.36,20.36,1.11
1,234.703125,1.501453895121813,37.1,25.73,1.5
0,256.375,3.513328169782957,13.0,10.0,0.51
1,233.96296296296296,1.647015124927332,42.13,25.07,1.47
1,223.4197530864197,1.97751557164722,38.7,26.15,1.51
1,230.8395061728395,2.173876262005464,39.48,25.83,1.56
1,262.21875,2.258432948961854,34.32,31.47,1.53
1,264.58333333333326,2.795633199314276,35.13,30.94,1.51
1,264.625,2.208822107873857,35.79,29.99,1.5
1,232.07407407407408,2.603296993691244,41.16,24.08,1.5
1,256.60493827160496,3.067986960028425,37.67,31.24,1.49
1,232.359375,3.38919769320637,35.85,24.17,1.48
1,248.328125,5.238362341187894,39.36,29.29,1.49
1,250.40625,3.571776702068746,32.54,31.44,1.47
1,236.375,1.96207035995192,36.3,26.94,1.47
1,245.0625,3.729344483464956,32.91,31.96,1.49
1,256.59375,4.056636560708286,30.46,33.1,1.47
1,231.1805555555556,1.898742448124621,41.51,25.18,1.49
0,249.34722222222223,2.34710940056377,40.15,24.1,1.54
1,268.703125,2.537862136028707,37.65,29.84,1.53
0,238.47222222222223,2.044803876843718,0.05,0.03,0.0
1,232.0833333333333,1.638490233156416,37.59,26.25,1.5
1,247.4305555555556,2.50586603830258,0.0,0.0,0.0
1,235.61111111111111,2.088415563106537,43.65,25.59,1.52
1,242.41666666666663,2.251869885457887,40.33,27.12,1.51
0,240.59375,1.412020934745669,0.0,0.0,0.0
1,230.734375,1.899772962555289,36.43,27.58,1.52
1,251.125,1.96648839302361,42.21,26.46,1.5
1,243.484375,2.48734734673053,38.52,28.92,1.51
1,250.125,2.666666793636978,36.07,26.73,1.48
0,242.046875,2.182557219639421,35.67,27.62,1.5
1,255.358024691358,2.676156768092403,32.31,30.0,1.46
1,261.25,4.067698459658358,12.53,10.19,0.49
1,229.5,1.577666250057518,37.53,27.18,1.51
1,247.66666666666663,1.60134199510018,34.64,29.16,1.49
1,257.45833333333326,7.377770676381058,32.4,30.72,1.46
1,260.890625,2.838235462084413,38.28,30.58,1.46
0,258.5,6.22575585730374,0.89,0.5,0.03
1,233.234375,2.027489411644638,43.87,25.44,1.5
1,261.44444444444446,2.230760208434529,40.4,27.97,1.48
1,229.421875,1.466982182115316,38.38,26.67,1.49
0,249.9583333333333,1.844612061977386,17.61,8.64,0.59
1,232.79166666666663,2.469179891049862,38.19,28.31,1.54
0,254.2083333333333,2.142156809568405,33.41,29.3,1.47
1,222.9583333333333,1.755327811671628,37.21,24.0,1.51
1,265.44444444444446,2.170573638545142,33.34,29.19,1.5
1,262.72222222222223,2.328859991497464,35.56,30.5,1.49
1,266.484375,2.463298289105296,30.77,31.4,1.48
1,236.421875,2.325831512920558,38.1,26.45,1.51
1,242.40625,2.603493861854076,35.26,28.31,1.5
1,253.41666666666663,4.180811673402787,34.63,26.58,1.45
1,259.109375,4.623668199405074,37.83,27.72,1.49
1,243.06944444444443,3.198667292793592,37.55,25.68,1.53
1,265.171875,4.591731702908874,34.57,27.99,1.48
1,230.96875,2.252425041049719,38.37,28.43,1.53
1,239.546875,2.651674394495785,37.7,26.47,1.51
1,252.796875,2.032550276257098,34.87,28.63,1.47
1,251.15625,1.677954724989831,36.13,27.62,1.49
1,242.140625,3.781607461161911,40.09,25.17,1.44
0,249.875,3.551759224798944,39.77,27.94,1.5
1,229.40277777777777,2.25585572504335,36.67,28.6,1.53
1,229.203125,1.906974681653082,39.2,25.49,1.53
1,263.078125,3.445316102355719,34.13,30.27,1.48
1,246.703125,3.805498208318438,38.58,26.03,1.49
1,234.3703703703704,2.129298787058135,41.21,24.32,1.52
1,254.171875,4.333098424598575,39.53,27.73,1.48
1,236.90277777777777,2.686140822867552,36.61,26.55,1.5
1,248.22222222222223,3.654511570930481,30.33,24.99,1.33
1,234.43209876543207,2.649110301777168,38.49,29.33,1.51
1,254.358024691358,2.014460377487135,35.78,29.45,1.5
1,257.94444444444446,4.51624710775084,39.11,26.18,1.51
0,244.38888888888889,1.891331489715311,38.03,26.77,1.55
1,249.32098765432096,3.658659376479961,36.57,29.15,1.5
1,230.0625,1.82834892347455,37.39,27.35,1.53
0,240.28125,6.270318002440036,0.0,0.0,0.0
0,261.3611111111111,3.54151633878549,41.51,26.52,1.53
1,231.28125,2.160133805125952,42.17,26.52,1.49
1,254.484375,3.404840352013707,36.53,28.16,1.48
1,222.98611111111111,2.317864548001024,37.88,25.02,1.49
1,234.7083333333333,2.449706758062045,36.56,27.33,1.53
1,261.578125,3.967767138965428,37.13,30.6,1.48
1,267.734375,2.187094025313854,25.53,35.02,1.48
1,234.375,2.357395444479254,41.03,24.29,1.5
1,254.125,2.562907670624554,39.6,25.62,1.48
1,246.0,3.739245528976122,38.48,25.69,1.52
1,246.38888888888889,3.338603928685188,38.68,28.59,1.5
1,241.125,2.921889725141227,36.67,30.8,1.5
1,233.87654320987653,1.724310944109787,40.75,24.51,1.51
1,234.09722222222223,1.628589891725116,44.78,25.96,1.49
1,228.56944444444443,2.039856055544482,37.18,27.67,1.51
0,263.77777777777777,4.634351336293752,39.15,27.83,1.51
1,255.625,3.297716640763813,34.19,26.73,1.47
1,258.5308641975309,2.00635697517866,41.73,25.92,1.51
0,246.79012345679007,2.125498128526005,0.0,0.0,0.0
1,262.8125,3.290185942314565,36.59,31.13,1.53
1,234.953125,1.644154044799507,40.17,26.77,1.51
1,255.38888888888889,4.56599026835627,30.62,33.63,1.46
1,238.0625,1.836892693303525,36.31,27.68,1.5
1,236.609375,2.022749109193683,38.04,29.01,1.5
1,254.703125,3.633214556612074,34.99,27.12,1.47
0,239.421875,2.794523606076837,36.17,27.94,1.49
0,254.25,3.957623587714301,0.0,0.0,0.0
1,254.53125,3.014104222878814,41.09,25.44,1.49
1,253.23611111111111,2.408126492467192,35.89,28.05,1.47
1,263.328125,2.204971761442721,32.33,30.26,1.5
1,230.69444444444443,1.609213983019193,37.38,25.99,1.52
1,189.546875,1.550522655248642,38.93,26.73,1.5
0,231.609375,1.793567683547735,38.6,26.48,1.5
1,261.546875,3.730689487420022,39.8,26.06,1.5
1,246.1875,2.050353993661702,39.24,29.56,1.51
1,233.625,1.912663396861818,45.86,26.74,1.51
1,241.81944444444443,2.238614164292812,34.14,31.73,1.5
0,238.97222222222223,2.357112261156241,0.0,0.0,0.0
1,253.59722222222223,2.208628525336584,41.72,27.87,1.53
1,233.296875,1.938833009451628,36.59,27.59,1.52
1,236.375,1.823666976557837,37.95,26.02,1.5
1,262.4166666666667,1.982152862681283,33.24,30.47,1.5
1,254.65277777777777,2.788121772309144,41.21,25.77,1.48
1,251.1851851851852,1.827129263200878,35.61,27.46,1.5
0,228.109375,1.788319289684296,38.85,28.28,1.52
1,233.625,2.161459953524172,39.7,23.82,1.5
1,257.09722222222223,6.697890356183052,40.93,26.82,1.51
1,233.51388888888889,2.236960727307531,40.66,24.37,1.51
1,266.72222222222223,2.774204187923007,35.04,29.02,1.52
1,260.1851851851852,2.998039538477674,40.52,27.69,1.48
1,255.97222222222223,4.729147482249472,35.3,26.46,1.47
0,267.953125,2.365351506508887,35.41,32.63,1.5
1,268.359375,2.228991984389722,31.72,30.71,1.51
1,239.703125,2.049702188000083,20.12,14.73,0.84
1,250.84375,3.691093117929995,35.84,28.87,1.49
1,269.046875,2.334240972995758,34.87,32.7,1.51
1,243.44444444444443,1.638286131123702,36.44,30.87,1.49
1,242.44444444444443,2.0396763458848,35.04,30.92,1.49
1,252.2083333333333,3.8279616634051,31.59,26.36,1.47
1,254.8055555555556,1.950680365992917,36.81,26.77,1.46
1,265.0,2.122461687773466,37.67,31.03,1.51
1,243.4375,1.978980215266347,35.53,29.3,1.48
0,233.0555555555556,1.420312470859951,0.0,0.0,0.0
0,252.9375,4.748553790152074,0.0,0.0,0.0
1,260.546875,3.384707481600344,37.32,28.82,1.5
1,241.53125,2.469566822983325,42.72,25.52,1.51
1,247.2716049382716,3.115917276453089,37.21,27.32,1.51
1,235.3703703703704,2.413104423034338,40.54,25.44,1.48
0,248.234375,2.736453849822283,31.18,22.89,1.2
1,228.84375,2.176114817149937,7.19,4.92,0.28
1,245.54166666666663,3.184096261031098,38.43,26.28,1.55
0,230.640625,1.675564406439662,25.95,18.96,1.1
1,260.53125,2.131873952224851,38.94,29.95,1.48
1,249.078125,4.497070017270744,39.48,28.31,1.48
1,250.4375,2.592527693137527,39.67,25.48,1.54
1,233.1805555555556,3.078385357227591,42.53,26.77,1.5
1,251.80246913580248,4.855187360151314,34.86,29.54,1.47
0,252.72222222222223,7.101020437147882,39.27,27.82,1.47
0,245.90625,2.425001890398562,37.12,27.73,1.51
0,237.390625,3.044913963414729,37.23,29.43,1.48
1,256.828125,4.291484746150674,38.95,27.12,1.49
1,232.421875,2.098792331293225,37.48,26.63,1.49
1,272.30555555555554,5.236942425370216,37.07,31.39,1.49
1,248.41666666666663,3.415504679911666,33.19,29.3,1.51
1,240.390625,1.772200358100235,36.34,25.12,1.49
1,252.125,1.849219473078847,35.91,27.93,1.48
1,261.09722222222223,3.039558702872859,38.78,27.92,1.53
0,262.44444444444446,2.969304431643751,29.96,27.21,1.28
1,235.203125,3.039157280698419,40.38,25.88,1.48
1,246.3055555555556,3.523780759837893,35.25,28.79,1.52
0,256.63888888888886,6.113460789952014,41.73,27.0,1.55
1,252.1875,3.747982411645353,39.71,29.87,1.52
1,243.015625,2.561667087487876,39.6,26.64,1.44
0,238.609375,2.153956743888557,23.7,15.49,0.95
1,247.40625,3.478807806037366,39.62,28.78,1.52
0,255.8125,5.825918906368316,37.8,26.22,1.55
1,248.265625,3.922643544152379,36.05,27.21,1.52
1,235.234375,2.362240604124963,39.16,26.3,1.52
0,236.75,2.703996688127518,28.32,19.4,1.06
1,266.140625,2.006246500648558,33.12,36.08,1.51
0,267.96875,2.171540899202228,18.16,18.47,0.91
1,263.43055555555554,3.695056714945369,37.35,27.64,1.47
0,259.69444444444446,1.929701736403836,38.97,28.57,1.49
1,250.19444444444443,2.027234147820208,39.25,26.51,1.49
0,264.421875,6.16182762477547,38.66,26.94,1.54
1,243.61111111111111,2.840914255215062,36.01,29.0,1.51
1,252.40625,2.887129210866988,39.83,24.79,1.49
1,257.703125,4.329522739164531,39.16,29.04,1.48
1,253.265625,1.843796850182116,36.27,27.19,1.47
1,234.4305555555556,2.134371913969517,37.42,25.51,1.55
1,233.453125,4.063264736905694,38.72,27.17,1.51
0,255.96875,3.889482818543911,34.18,26.24,1.45
0,236.44444444444443,2.486189196075218,39.72,27.74,1.47
1,257.0,3.506417920812964,35.44,26.7,1.47
0,259.9375,2.791243378072977,40.13,28.14,1.52
1,230.69444444444443,2.664113014108605,37.68,27.46,1.53
1,248.08641975308643,2.115632489875511,38.63,26.51,1.52
1,254.5,4.119872198336655,38.83,27.73,1.48
1,239.09722222222223,2.299145893090301,33.97,28.28,1.49
1,253.125,2.319429201073945,39.4,26.7,1.48
1,241.3827160493827,2.098536564980024,37.04,25.98,1.52
1,232.875,2.058397345244884,39.97,27.03,1.52
1,229.56944444444443,2.757681312660376,38.03,26.06,1.53
1,249.13888888888889,1.541572820809152,38.71,30.72,1.5
1,229.6875,1.942832553759217,36.6,26.62,1.5
0,234.734375,1.940889805555344,38.9,26.97,1.53
1,249.328125,1.827551122754812,39.12,25.9,1.51
1,233.84722222222223,2.511354159149858,37.61,26.97,1.52
1,253.2962962962964,2.344960048610782,35.09,28.96,1.49
0,255.390625,2.456111703999341,36.65,31.3,1.5
0,232.29166666666663,1.929700944158766,7.65,4.96,0.29
0,237.5555555555556,2.088755773173438,37.25,27.24,1.48
1,267.421875,1.832559588365257,34.11,29.5,1.51
1,254.296875,4.248497584834695,36.1,25.9,1.43
1,231.109375,2.644567006267607,38.52,25.26,1.52
1,224.828125,1.806157778017223,38.73,26.24,1.53
1,253.046875,1.953438450582325,41.04,27.91,1.53
1,231.65277777777777,1.822616032428212,39.1,25.65,1.54
1,235.69444444444443,2.132006800009145,37.39,25.87,1.51
1,261.65277777777777,2.483117269145118,38.67,26.03,1.48
1,254.171875,1.947858616709709,39.01,31.98,1.49
1,251.75,4.037108240856065,38.22,27.98,1.52
1,256.95833333333326,4.84357402059767,34.26,28.5,1.47
0,251.4567901234568,5.290350274539288,41.03,27.66,1.53
1,242.71875,2.208638060837984,22.79,15.73,0.9
1,234.6875,2.050470504909754,38.03,27.17,1.51
1,264.28125,1.75607249699533,36.73,31.57,1.48
1,258.25,3.029145152308047,38.66,31.2,1.48
1,257.82716049382714,3.223468883537952,37.46,29.04,1.46
1,227.125,2.133558943867683,38.22,27.27,1.52
0,245.94444444444443,2.608933744331201,0.0,0.0,0.0
1,249.38888888888889,1.913068279623985,37.16,23.31,1.32
0,238.140625,7.913201060146094,50.9,12.34,1.25
1,241.875,2.751872389680809,30.89,23.78,1.3
1,257.27777777777777,4.330466979079777,31.96,29.03,1.46
1,228.75,1.978015053085983,36.21,25.93,1.52
1,266.9375,1.856733951717615,34.49,29.79,1.51
1,254.63888888888889,3.291287970211771,30.24,31.25,1.48
1,253.09375,6.32757099159062,39.51,28.33,1.5
1,244.640625,2.198300998657942,38.25,29.13,1.45
1,261.578125,2.494808658026159,39.63,27.69,1.54
1,252.51851851851848,4.439138132112998,35.27,26.72,1.41
1,229.13888888888889,1.904983769688341,36.63,25.76,1.53
1,260.81481481481484,4.54144706107952,36.18,29.86,1.5
1,226.3125,1.574246142990887,38.56,25.91,1.54
1,175.78125,2.656937629789919,39.74,24.87,1.52
1,243.328125,2.723899482749403,35.92,29.5,1.48
1,254.66666666666663,3.105151762564977,28.88,22.85,1.16
1,228.23611111111111,1.475294632216295,39.24,25.45,1.52
1,233.40277777777777,1.607055975331201,40.96,24.6,1.51
0,245.50617283950612,1.908207284815517,37.46,27.02,1.54
1,243.3333333333333,2.479239123562972,38.73,27.57,1.53
1,228.875,1.910465326574114,36.93,27.14,1.51
0,256.046875,2.607544369995594,7.44,6.33,0.31
1,250.96296296296296,2.528585074860373,37.09,28.25,1.49
1,227.81944444444443,1.790861384736167,38.61,25.75,1.51
1,255.703125,2.173737480305135,35.25,29.03,1.5
1,265.234375,2.670705263502896,34.11,31.54,1.5
1,263.5625,2.108625658787787,39.58,27.29,1.46
1,247.78125,3.671470382250845,34.68,27.98,1.51
0,251.640625,2.987814132124186,40.11,25.2,1.54
1,260.44444444444446,4.157244207130538,35.34,30.84,1.5
1,249.22222222222223,2.980905425217417,37.95,25.98,1.53
1,237.484375,1.594588401727378,38.04,25.12,1.53
1,251.98611111111111,4.068401184346941,39.62,25.7,1.48
1,255.91666666666663,3.004093431764179,41.13,27.1,1.52
1,260.0625,3.583763290196657,27.8,32.38,1.45
1,223.14814814814807,1.500983745963485,39.16,26.66,1.51
0,262.7361111111111,2.557510562241077,39.05,29.08,1.52
1,263.265625,2.37884970754385,39.11,28.57,1.49
0,263.6666666666667,2.882576665116681,16.01,13.38,0.67
1,264.625,2.600499327294528,31.57,35.19,1.5
1,234.109375,1.225218930281699,38.11,26.3,1.5
1,231.203125,2.112549779936671,36.93,29.7,1.52
1,236.65277777777777,2.231793406109015,37.94,27.45,1.5
1,238.69444444444443,1.325179256498814,38.11,27.7,1.51
1,233.109375,1.801730989478528,39.17,25.84,1.5
1,263.75,5.157917954027654,32.42,32.12,1.48
1,232.3055555555556,1.663791024850474,35.61,28.63,1.52
1,227.39506172839504,1.709218797124462,35.2,28.14,1.51
1,234.76388888888889,1.899669165412585,38.61,25.91,1.49
1,260.046875,2.548172800801694,37.36,29.91,1.49
1,232.546875,1.548546059988439,36.54,28.13,1.5
1,253.015625,3.388154880143702,37.45,26.29,1.47
1,227.8333333333333,1.968130622473028,38.36,27.03,1.51
0,257.98765432098764,3.122365109714461,38.39,28.02,1.51
1,231.5625,2.107413594610989,37.18,26.33,1.53
1,265.59375,2.435498716309667,33.9,29.54,1.51
1,264.22222222222223,5.149765115645198,32.54,28.81,1.46
1,230.0833333333333,1.869176093075011,39.63,27.15,1.53
1,241.03125,3.29947832878679,42.8,25.16,1.49
1,236.359375,3.369229983538389,35.15,28.57,1.52
1,240.0,1.375172225781429,37.8,26.21,1.51
0,256.765625,5.012252754531802,37.45,25.58,1.51
1,255.91666666666663,2.413857006364398,39.45,26.59,1.52
1,235.0,2.327247162659963,40.56,25.11,1.52
0,246.76388888888889,2.668705633117093,37.58,26.66,1.5
0,251.90277777777777,6.054082444972462,0.0,0.0,0.0
1,236.265625,1.861977176740766,37.53,29.19,1.5
1,259.46875,3.293840393424034,40.5,26.09,1.5
1,264.96296296296293,1.774443175321744,33.08,30.47,1.49
0,254.8148148148148,2.250437187559811,31.3,26.46,1.24
1,254.671875,2.795852532610297,33.95,27.79,1.46
0,234.22222222222223,1.522933233115408,13.89,9.57,0.56
1,228.52777777777777,2.070711795654562,41.07,26.76,1.53
1,243.5,2.01407472209798,39.14,26.74,1.55
0,247.828125,4.948237244039774,8.68,4.13,0.27
1,263.05555555555554,7.17785614149438,30.14,32.19,1.5
1,225.34375,2.106162808835506,38.79,26.3,1.52
0,239.421875,2.777669249102473,30.55,27.14,1.32
1,252.38888888888889,2.055248350732856,33.65,29.71,1.48
1,252.8333333333333,3.055450669593281,32.25,27.97,1.46
1,242.13888888888889,3.962221544649866,36.34,29.08,1.49
1,256.15625,2.391358067281544,34.46,32.71,1.49
1,263.44444444444446,2.917098405920429,34.15,30.72,1.46
1,234.921875,2.469106184318662,37.18,30.16,1.51
1,253.890625,3.341068034991622,39.55,26.19,1.47
1,240.52777777777777,1.544200265573131,39.23,30.38,1.49
0,246.9753086419753,4.4644483430886,26.11,11.99,0.85
1,245.77777777777777,2.387321243683497,38.98,26.7,1.55
0,249.625,2.882215613499284,0.0,0.0,0.0
0,255.859375,6.639806708320976,39.7,26.72,1.51
0,261.625,5.766611376777292,36.93,27.94,1.46
0,244.09375,2.665978531353176,39.04,26.85,1.55
1,259.625,3.398114016279578,38.63,29.5,1.53
1,241.34722222222223,2.435077704489231,37.78,27.4,1.49
1,246.92592592592592,2.361733532982108,35.33,30.81,1.51
1,261.30555555555554,3.234416686826282,35.86,30.26,1.48
1,253.15277777777777,5.441560885144606,31.45,31.8,1.47
1,236.23456790123453,2.407239841090308,39.15,26.03,1.49
1,262.38888888888886,2.695808970265918,37.35,31.05,1.48
1,231.06944444444443,2.524551103512446,38.07,25.54,1.5
1,242.375,2.870231825858355,35.67,29.18,1.52
1,261.34722222222223,5.198304907315308,39.15,28.11,1.47
1,230.47222222222223,2.304985627532005,38.34,25.45,1.52
1,242.97222222222223,2.489263055225214,38.1,26.34,1.5
1,239.625,1.484821464452479,36.93,25.23,1.51
1,249.625,3.864224435761571,39.96,25.65,1.52
1,221.47222222222223,2.377026153935327,37.95,28.73,1.49
1,261.921875,2.876638621091843,39.59,29.15,1.53
1,242.27777777777777,2.598913060294257,35.71,27.1,1.49
1,223.97222222222223,1.691817799376117,39.51,25.91,1.52
1,262.79012345679007,3.468068486378517,35.35,30.05,1.54
0,249.91666666666663,2.994082885483901,43.69,25.94,1.5
0,233.625,2.082172891332044,0.0,0.0,0.0
1,230.47222222222223,2.236823287275103,38.47,24.86,1.52
1,250.16666666666663,2.711656919784016,36.65,28.22,1.46
1,255.8125,4.109359700232744,37.74,27.71,1.5
0,231.6875,3.240241811610758,37.02,26.66,1.52
0,263.94444444444446,2.404596793154875,0.0,0.0,0.0
0,238.96875,2.367233315482736,31.67,19.17,1.08
1,234.6296296296296,2.039219367651292,37.74,27.1,1.54
1,230.0625,2.206916715018451,38.84,26.84,1.54
1,227.53125,2.359058918431401,41.41,26.29,1.53
1,229.375,1.844797583296895,37.09,27.15,1.52
1,260.03125,3.918424461036921,41.97,29.84,1.48
1,255.44444444444443,4.13413143084373,33.17,29.35,1.48
0,245.234375,2.548068352043629,34.84,26.88,1.42
1,235.19444444444443,1.980248673922486,38.39,25.79,1.54
1,237.1805555555556,2.4939184271627,34.28,27.57,1.49
1,252.91666666666663,1.615019524263011,33.49,31.19,1.49
1,261.65625,2.370330760255456,34.24,30.07,1.5
0,235.22222222222223,2.926088839769363,36.54,24.14,1.34
1,265.796875,3.994792497716844,36.29,27.47,1.49
1,262.52777777777777,1.480175247622861,35.58,30.91,1.54
1,230.6805555555556,2.213878989219666,39.04,26.34,1.49
0,238.203125,2.115333545953035,0.0,0.0,0.0
0,265.625,2.421200859360397,34.96,29.23,1.52
1,260.0,4.887711381746664,43.56,28.27,1.49
1,229.16666666666663,2.620517519613107,37.09,26.2,1.53
0,259.20833333333326,3.529471120900578,40.39,29.57,1.51
1,238.25,2.254417603214582,38.69,28.12,1.48
1,238.25,2.557422359474003,34.54,31.14,1.49
1,255.1805555555556,1.916351405282815,35.45,27.87,1.5
1,235.375,1.80697863176465,40.16,25.15,1.48
1,234.328125,2.257185374386609,35.19,23.76,1.36
1,261.1111111111111,2.87678262591362,34.49,29.03,1.48
1,267.265625,2.194514524191618,32.66,30.0,1.51
1,261.9753086419753,3.246319346221877,39.36,26.54,1.47
1,240.4583333333333,1.992010443574852,36.0,27.38,1.5
1,231.88888888888889,1.587720029883914,35.99,28.83,1.5
1,224.59722222222223,2.42196242014567,26.15,17.28,0.96
1,266.2962962962963,2.929568308371085,31.86,32.95,1.49
1,234.6805555555556,2.772804368701246,38.57,26.07,1.5
1,227.21875,2.043177885934711,40.12,27.74,1.53
0,266.296875,3.821870965883136,39.98,25.94,1.53
1,257.515625,4.328968478366733,34.9,27.89,1.45
1,230.75,2.330261377617717,39.35,28.57,1.52
1,236.5,1.851031846470303,38.72,25.36,1.54
1,242.69444444444443,1.789932843711641,37.34,27.7,1.5
1,240.6049382716049,3.122808201077544,38.69,30.55,1.49
1,269.43055555555554,2.283097090820471,0.0,0.0,0.0
1,261.58333333333326,1.650863621797827,35.32,28.15,1.5
1,261.4166666666667,2.976085237330861,28.49,34.46,1.5
1,233.91666666666663,2.234709074927701,38.78,25.95,1.55
1,229.85185185185185,1.892762557959851,39.46,26.8,1.55
1,252.15277777777777,3.481596807638804,36.49,29.59,1.48
1,236.203125,2.112234696745872,39.18,24.97,1.5
1,237.8271604938272,2.389780997494121,37.78,29.48,1.5
0,250.03125,2.891278757713735,0.0,0.0,0.0
1,239.06944444444443,1.955235867864556,36.04,29.81,1.49
1,152.484375,3.3806251719594,40.66,26.4,1.42
0,237.8125,2.253490142524242,38.73,26.96,1.52
1,231.31944444444443,3.457891735765669,37.21,28.31,1.52
1,238.359375,2.047788648866117,34.22,30.65,1.5
1,251.84722222222223,2.143855705029435,38.53,28.33,1.48
1,254.5625,5.347870824858546,38.16,28.77,1.46
1,237.25,2.915381752782398,37.93,24.48,1.54
1,240.0833333333333,2.317016562653913,38.87,30.33,1.5
1,252.6805555555556,2.765245060953829,35.27,27.29,1.47
0,231.453125,1.484392400830984,0.0,0.0,0.0
1,239.0833333333333,2.980280188222726,39.96,26.51,1.51
1,250.0833333333333,2.576922183235486,36.37,28.25,1.48
1,229.5,1.862522414988942,36.59,27.58,1.52
1,240.25,1.91071813646704,41.06,26.39,1.48
1,238.7083333333333,2.155443553295401,40.93,26.62,1.54
1,237.671875,1.617173562757671,38.99,25.6,1.51
1,254.078125,3.886034996248782,40.31,27.76,1.48
1,257.265625,3.971563107334077,39.27,28.47,1.53
0,237.90123456790124,1.645784383202777,38.2,27.18,1.5
1,253.01388888888889,2.50990891456604,33.8,29.45,1.46
0,249.734375,2.348463668487966,36.16,27.81,1.49
1,233.69444444444443,2.322245504293177,38.46,24.96,1.5
1,233.96875,1.771322190761566,40.51,26.12,1.5
1,233.56944444444443,1.992390097015434,38.72,24.79,1.5
1,268.75,2.935493273867501,33.22,31.53,1.49
1,229.75,1.982129164867931,36.58,26.78,1.53
0,251.34722222222223,4.824587682882946,40.0,29.86,1.53
1,264.015625,2.845194245688617,31.32,30.12,1.48
1,233.109375,2.033686246722937,39.96,26.38,1.51
0,267.953125,2.204701258800924,0.0,0.0,0.0
1,243.765625,2.085677010938525,37.51,26.3,1.5
1,265.546875,2.318163204006851,37.91,28.49,1.53
1,232.90625,2.89849517121911,30.91,18.27,1.11
1,234.51851851851848,2.10845219205927,38.62,26.17,1.56
1,260.09375,2.299198186956346,35.63,28.28,1.49
1,229.828125,1.740161594934762,37.98,26.98,1.53
1,254.96875,4.348226951435209,32.42,30.14,1.46
1,264.078125,1.837618082761765,36.19,29.72,1.49
0,240.87654320987653,2.207611634407515,0.0,0.0,0.0
1,269.625,2.478678181767464,29.41,31.24,1.48
1,239.77777777777777,1.877499817974038,34.9,30.4,1.49
1,270.9259259259259,3.484743645161758,36.15,31.84,1.5
1,265.1875,3.764587552286685,31.24,30.1,1.47
1,269.265625,1.560035167261958,32.76,30.03,1.5
1,236.09375,2.646239649504423,38.94,25.29,1.49
0,254.75,4.812926294902962,14.87,8.69,0.55
1,254.265625,4.120591175742449,37.79,28.61,1.49
1,255.15625,2.208439360372722,34.05,33.08,1.48
1,260.65277777777777,3.016017650564512,40.98,27.53,1.48
1,258.2962962962963,4.23865431252821,28.71,32.79,1.45
1,240.79012345679007,1.956000058739274,37.25,28.41,1.49
1,231.71875,1.599037956446409,35.64,28.04,1.52
1,269.34375,3.177103038877249,31.66,30.31,1.49
1,240.84375,1.948518495075405,37.81,28.16,1.48
1,238.54166666666663,2.220919484893481,37.95,25.98,1.52
1,240.65277777777777,1.673400243951215,37.66,26.69,1.55
1,263.70833333333326,3.249060235917568,34.46,30.55,1.53
1,262.75308641975306,2.063536012614215,38.15,28.37,1.5
1,251.41666666666663,3.167641751468182,34.88,29.59,1.47
1,241.328125,1.494967534206808,37.59,28.34,1.49
1,231.40277777777777,2.060158715479904,38.0,26.23,1.52
1,236.31944444444443,2.270880992213885,36.34,24.7,1.5
1,230.0,1.668025034169356,39.16,25.59,1.53
1,245.26388888888889,2.435346368286345,38.39,28.12,1.52
0,256.375,1.238750997930765,35.85,29.48,1.51
1,262.7361111111111,3.160981809927358,32.96,31.99,1.48
1,261.75,3.394149973160691,38.53,29.87,1.53
1,235.78125,2.53204092476517,36.52,26.82,1.5
1,220.953125,2.411694254726171,37.21,23.67,1.5
1,249.703125,4.60540954116732,37.69,28.31,1.47
0,243.578125,2.40332954749465,35.91,29.08,1.52
1,223.203125,2.007576512172818,37.59,27.84,1.51
0,258.859375,3.38878791872412,0.0,0.0,0.0
0,250.66666666666663,2.858974634773201,41.3,26.84,1.47
1,229.375,2.31288725634416,40.52,25.38,1.52
0,249.04166666666663,3.243078226016627,18.55,14.08,0.81
1,240.828125,1.871041330508888,36.06,25.25,1.49
1,267.765625,2.25499090179801,31.88,30.25,1.49
1,231.140625,1.80662639439106,38.88,26.5,1.54
1,252.71875,4.377739790827036,37.8,26.36,1.46
1,236.640625,1.88858250901103,37.58,26.51,1.51
1,269.4567901234568,2.109347512692581,31.74,29.87,1.48
1,191.5625,3.311404182229723,35.97,26.29,1.51
1,256.953125,3.590571304783225,33.4,29.41,1.48
1,248.375,5.025214654393494,42.29,24.2,1.5
1,243.88888888888889,2.477812870509095,39.04,27.74,1.56
1,234.34567901234567,1.892900937133365,38.61,25.74,1.49
1,267.7407407407408,2.894404332578918,35.63,30.43,1.5
1,240.953125,2.801333324983716,36.81,27.44,1.5
1,251.984375,2.178689636290073,38.01,25.99,1.48
0,253.73611111111111,3.811343404153983,41.28,27.26,1.52
1,257.45833333333326,2.390923423899545,39.88,28.38,1.52
1,192.47222222222223,3.161056087460629,40.64,26.9,1.52
1,230.47222222222223,2.089896952940358,39.69,26.83,1.51
1,262.1481481481481,4.644281993677588,29.18,32.12,1.46
1,234.71875,2.738064289093018,38.48,28.86,1.51
1,251.56790123456787,3.82140349679523,38.9,25.47,1.48
1,247.3703703703704,4.375538795082657,33.99,29.27,1.51
0,269.84375,2.136351644061506,0.0,0.0,0.0
0,231.6805555555556,1.60665379712979,19.14,13.07,0.74
0,232.0833333333333,1.764763740201791,17.8,11.51,0.66
1,230.7083333333333,1.91230450818936,37.67,26.88,1.53
1,241.203125,2.121658916585147,37.06,26.37,1.49
1,257.8125,5.104598969221116,31.42,28.22,1.45
0,220.358024691358,1.3016290075985,0.0,0.0,0.0
1,235.859375,1.552487418986857,36.98,27.09,1.51
1,236.88888888888889,2.386521962781747,36.79,26.4,1.51
1,242.86111111111111,2.329815989567174,42.07,24.17,1.48
1,260.734375,2.58877519890666,39.61,28.52,1.49
1,243.0617283950617,2.084350652900743,25.05,19.39,1.0
1,233.04166666666663,2.720065518385834,40.44,25.01,1.5
0,234.8055555555556,1.823023050195641,10.51,6.62,0.39
0,254.46875,3.035608742386103,2.75,2.04,0.1
1,258.796875,6.916947960853578,30.25,32.52,1.46
1,265.96875,2.172169160097837,38.03,30.68,1.51
0,248.25,2.154972820646233,41.73,28.42,1.48
1,256.2916666666667,3.756952442228794,29.47,31.64,1.45
1,238.79012345679007,2.543277850121628,36.62,27.4,1.51
1,247.11111111111111,2.355174206197262,34.34,31.18,1.5
1,235.3703703703704,0.985168713110465,37.75,25.4,1.52
1,268.140625,2.175071392208338,31.21,31.09,1.51
1,253.76388888888889,4.71421779692173,39.65,25.32,1.5
1,249.921875,2.851861581206322,38.6,26.49,1.51
1,242.04166666666663,1.948106961945693,36.19,32.67,1.5
1,256.34722222222223,1.920661235849063,39.01,28.76,1.52
1,240.03125,2.197331566363573,38.58,26.2,1.53
1,253.79166666666663,2.279353759355015,36.09,28.46,1.47
1,243.484375,2.292856758460402,40.07,28.1,1.5
1,228.2083333333333,1.779971145093441,36.59,27.61,1.52
1,229.421875,2.003566129133105,38.73,26.48,1.53
1,238.66666666666663,2.327784977025456,36.66,28.4,1.47
1,232.140625,1.578170855529606,39.15,25.82,1.51
1,265.94444444444446,1.912980310618877,36.9,29.19,1.52
1,256.83333333333326,1.820260921286212,39.39,28.3,1.52
1,257.953125,4.358489517122507,37.45,29.06,1.51
1,241.75,1.539957141710652,36.93,27.27,1.54
1,231.890625,2.24371191393584,37.65,29.08,1.54
1,231.79166666666663,2.093377350933022,39.24,30.12,1.49
1,234.390625,1.591602229513228,38.54,25.57,1.49
1,254.7083333333333,4.19089707152711,31.34,30.69,1.46
1,251.81944444444443,3.188295965393384,38.96,25.97,1.48
0,265.40277777777777,2.758227854139275,36.0,31.45,1.47
1,236.24691358024688,2.572444312366438,35.15,25.67,1.49
1,227.72222222222223,1.80914218392637,38.79,27.91,1.51
1,263.3611111111111,3.181838574694164,31.29,31.24,1.5
1,243.59375,2.070142813958228,35.83,26.84,1.5
1,224.91666666666663,1.972966890368197,27.93,18.24,1.1
1,231.6805555555556,1.925405763089657,39.88,25.2,1.5
1,239.56944444444443,2.391391282280286,34.27,31.5,1.49
1,250.5,5.300843837670982,39.19,29.34,1.52
1,250.47222222222223,3.805124934348795,36.12,27.52,1.51
1,257.625,4.164272079244256,36.91,30.75,1.46
1,243.34375,2.292555164545774,36.31,27.36,1.5
0,243.140625,2.843796911649406,35.89,26.96,1.47
1,231.40625,2.105323941446841,36.25,26.34,1.53
1,253.390625,2.477930471301079,34.78,33.65,1.48
1,237.515625,1.344587583094835,39.56,27.28,1.5
0,240.61111111111111,1.463306436936061,20.1,15.51,0.81
1,252.546875,3.251561520621181,31.89,25.51,1.44
1,251.9753086419753,4.027444505397185,39.06,28.4,1.5
1,242.03125,1.541451269760728,37.34,25.29,1.53
1,255.44444444444443,4.949177145957948,32.89,29.8,1.46
1,251.7083333333333,3.391323765118917,35.2,29.17,1.47
1,227.5,1.727697733375761,37.6,28.29,1.5
1,239.84722222222223,1.8133101074232,35.55,30.89,1.49
0,254.16049382716048,5.46519884135988,0.0,0.0,0.0
1,231.125,1.24751198105514,43.29,25.42,1.52
0,237.79166666666663,4.01708288407988,0.0,0.0,0.0
0,252.296875,1.946301622316241,37.31,25.97,1.5
1,229.92592592592592,2.489770985679862,41.85,24.85,1.52
1,234.078125,3.145485426299274,36.93,27.03,1.54
0,257.63888888888886,3.71598657220602,38.29,29.11,1.48
1,232.76388888888889,2.262465020020803,37.28,26.0,1.49
1,250.546875,3.596647682599723,35.35,29.68,1.48
1,268.6296296296296,2.433020691076914,31.3,30.23,1.49
1,229.06944444444443,1.500938406421079,37.23,26.11,1.49
1,266.84375,2.034912642091513,30.14,30.68,1.48
1,235.56790123456787,1.751964054725788,37.72,25.52,1.5
1,229.09722222222223,1.758853823774391,38.29,26.7,1.5
1,234.140625,2.392631741240621,47.41,25.68,1.49
1,232.96875,2.425686423666775,38.69,26.35,1.53
1,233.96875,1.515590662136674,36.88,27.57,1.49
1,230.578125,1.742632241919637,37.99,27.15,1.5
0,256.84375,3.114440074190497,6.85,5.27,0.29
1,233.25,2.609929629601538,41.52,24.21,1.5
0,228.96875,2.334267247468233,36.23,24.88,1.41
1,265.65625,3.496030194684863,38.72,28.39,1.53
1,230.5625,1.861454819329083,37.42,26.02,1.5
1,264.109375,1.76994888484478,34.77,30.49,1.5
1,255.625,1.806919145915243,34.72,28.5,1.49
1,237.78125,1.740056836977601,38.01,25.32,1.54
1,239.140625,1.745597131550312,39.07,26.98,1.5
1,256.015625,2.074628443457186,40.21,26.67,1.52
1,256.76388888888886,3.824053352905644,40.79,28.28,1.49
1,229.984375,2.177154559642076,38.45,26.49,1.53
0,237.79166666666663,1.484136227104399,0.0,0.0,0.0
1,257.171875,3.428749195300043,37.79,26.56,1.5
1,233.38888888888889,2.348614142172866,39.77,26.25,1.49
1,238.3333333333333,1.989761798746056,37.93,27.45,1.5
1,251.7083333333333,3.263298335174719,41.55,23.82,1.47
0,253.203125,4.305947409011424,48.33,20.61,1.53
1,257.01388888888886,5.415772769186232,35.29,27.54,1.47
1,230.41666666666663,2.810108524229792,30.7,18.94,1.05
1,254.765625,3.194131957367063,36.93,25.31,1.48
1,238.4305555555556,2.083181084858047,40.75,26.44,1.48
1,252.390625,1.555389170534909,37.56,26.15,1.49
1,249.59722222222223,2.520579785936409,40.39,27.24,1.51
0,267.94444444444446,1.737068543003665,28.64,34.27,1.47
1,232.25,1.834708345122635,38.93,26.63,1.49
0,240.59722222222223,2.149740625586775,39.54,26.53,1.5
1,232.69444444444443,1.44127179019981,42.03,26.16,1.49
1,259.3611111111111,2.450086081193553,40.4,28.87,1.47
1,242.953125,1.851301848888397,38.73,28.93,1.5
1,250.953125,3.761041285470128,36.12,26.23,1.48
0,219.8395061728395,1.521048305947104,37.09,24.93,1.44
1,233.69444444444443,2.127813793718815,37.14,28.45,1.52
1,266.40277777777777,1.614649464686712,32.38,30.09,1.48
1,251.65277777777777,3.684289597802692,39.38,28.11,1.51
0,234.0,1.94451630115509,23.94,17.07,0.97
1,263.6875,3.564236285164952,38.96,27.81,1.5
1,227.17283950617283,2.333791489218488,37.51,26.93,1.53
1,229.921875,1.481282389722764,39.6,25.44,1.52
1,232.421875,1.446461514569819,38.06,25.48,1.51
1,259.24691358024694,2.015196687645382,38.73,27.41,1.51
1,252.4197530864197,2.468230824411651,35.15,28.84,1.48
1,258.84375,2.008885014802217,37.22,27.38,1.48
0,248.4305555555556,2.506402565373315,0.0,0.0,0.0
1,254.47222222222223,2.442977210713758,37.85,31.7,1.48
1,241.34722222222223,3.584185938868258,35.77,29.43,1.5
1,255.203125,2.946776413358748,32.55,31.03,1.45
0,232.61111111111111,1.85529094023837,43.24,26.3,1.49
1,260.70833333333326,4.173274906145202,37.03,27.28,1.47
1,234.4691358024692,2.004865627965809,40.92,25.2,1.5
1,253.90277777777777,1.66505993074841,34.56,28.97,1.49
1,259.421875,3.084671228192747,39.74,30.59,1.48
1,253.015625,2.244243354536593,32.42,28.87,1.48
1,236.66666666666663,1.490688482092486,36.36,28.44,1.5
1,256.375,4.184847657568753,34.13,26.52,1.48
1,248.3055555555556,4.100605293280548,37.24,27.56,1.48
1,258.34722222222223,5.849909711215232,38.98,27.48,1.49
1,240.25,4.178435088031822,36.77,27.81,1.51
0,149.44444444444443,1.793870498239994,38.61,24.91,1.52
1,225.578125,2.226959316059947,39.42,26.37,1.54
1,266.921875,2.434556236490607,31.45,30.04,1.49
1,254.125,1.46980591583997,33.69,32.8,1.48
1,264.77777777777777,3.073579727775521,33.37,28.07,1.48
1,256.06944444444446,4.539154888855086,33.51,29.05,1.46
1,232.52777777777777,1.662319417628977,38.44,25.0,1.52
0,239.3333333333333,1.910652473568916,0.63,0.49,0.03
1,265.5308641975309,2.266418568146082,35.29,30.06,1.53
0,235.984375,2.461462297476828,31.93,22.78,1.4
1,230.4074074074074,1.924904446542999,37.97,26.77,1.51
1,233.21875,1.791021727956831,40.75,24.44,1.51
0,243.22222222222223,2.05822200824817,37.44,29.46,1.51
1,230.203125,1.60425450373441,39.33,26.34,1.49
1,233.59722222222223,2.322313566174772,43.17,26.64,1.49
1,253.28125,1.829458272084594,32.16,30.14,1.47
1,238.41666666666663,2.045203235414293,36.61,28.0,1.51
1,222.28125,2.193594623357058,36.86,24.14,1.5
1,232.125,1.632738383279906,39.77,26.53,1.52
1,253.30864197530863,3.402802518120518,40.49,26.24,1.49
1,231.84375,1.859416993334889,39.32,25.69,1.51
0,264.40740740740733,3.078414220132946,35.19,28.88,1.48
1,239.234375,3.060837030410767,38.35,29.1,1.48
1,253.453125,1.4905228279531,36.54,29.9,1.49
1,234.078125,2.208175613544881,39.41,27.41,1.47
1,261.69444444444446,2.329103988077906,33.7,29.8,1.49
1,248.0123456790124,2.222759561774172,40.12,28.04,1.52
1,232.3055555555556,1.908732487923569,37.76,26.92,1.55
0,239.84375,2.20119958370924,44.28,24.78,1.49
1,262.39506172839504,3.873915403713415,29.66,32.08,1.5
0,236.375,1.873662583529949,29.27,21.06,1.15
1,237.90625,2.638975808396935,33.73,28.56,1.49
1,248.359375,4.098187945783139,40.01,26.49,1.53
1,222.578125,1.869596206583083,36.99,28.75,1.51
0,241.234375,2.767604387365282,0.0,0.0,0.0
0,242.52777777777777,2.834600145618121,38.05,29.45,1.48
1,267.8024691358025,2.552298953503738,32.39,31.87,1.47
0,253.546875,3.689020622521639,0.0,0.0,0.0
1,267.828125,1.851809572428465,35.88,32.16,1.51
1,252.23611111111111,3.880224303238922,40.55,28.68,1.52
1,265.1875,2.112025271169841,34.27,32.26,1.52
1,258.45833333333326,1.953223168849945,40.41,28.03,1.51
1,124.0,2.930173289775849,33.22,27.95,1.48
1,229.546875,2.165849973447621,38.06,24.84,1.52
1,232.421875,1.930839014239609,35.37,27.16,1.51
1,245.046875,1.934996578842402,37.45,31.11,1.5
1,260.94444444444446,1.73772510389487,40.18,27.44,1.53
1,238.4305555555556,1.784764597813288,34.84,30.23,1.49
1,254.484375,2.157228414900601,41.56,27.35,1.54
1,229.61111111111111,2.224290508362982,37.89,27.52,1.53
1,234.1805555555556,1.742124128672812,39.52,25.81,1.5
1,247.14814814814807,3.683534689155626,6.85,5.26,0.29
0,229.609375,2.455701371654868,6.81,4.49,0.26
1,248.16666666666663,2.068357643981775,35.13,30.13,1.49
0,256.828125,7.12807758897543,0.0,0.0,0.0
1,223.71875,1.525162172503769,37.66,24.83,1.51
1,258.63888888888886,1.771456878218386,35.07,29.6,1.5
1,261.97222222222223,2.422394004960855,39.4,27.74,1.54
0,239.203125,1.340363628230989,37.21,28.2,1.53
1,250.78125,2.240876166149974,34.89,26.89,1.5
1,248.6805555555556,8.476954499052631,40.34,27.18,1.55
1,261.09722222222223,3.878612882561154,34.77,29.29,1.47
1,262.703125,3.247531828470528,39.17,25.73,1.47
1,250.125,5.254138516262174,40.97,27.27,1.48
1,227.59722222222223,1.814565119644006,39.0,26.7,1.5
1,258.953125,2.736497972160578,39.68,26.03,1.51
1,258.34567901234567,2.974046478300919,39.22,29.46,1.49
1,239.61111111111111,3.666948700944582,40.51,26.48,1.5
1,244.484375,2.602721097879112,36.34,28.06,1.5
0,221.4583333333333,1.411241703563266,19.7,12.81,0.74
0,263.640625,8.415026463568212,39.53,29.76,1.5
1,263.890625,1.91963776666671,31.88,33.1,1.48
1,267.0625,1.784660801291466,26.94,35.67,1.5
1,262.328125,3.354438030160964,38.61,30.25,1.51
1,264.375,2.220651948617564,34.99,30.49,1.52
1,241.25,2.11543420702219,41.22,26.97,1.53
1,266.34722222222223,2.68377539763848,29.79,34.9,1.5
1,243.54166666666663,1.931722909212112,37.32,28.64,1.5
0,226.09722222222223,2.176647860970762,0.0,0.0,0.0
1,230.86111111111111,1.569833286106586,38.55,25.45,1.53
1,240.16666666666663,1.887347199850612,40.28,28.58,1.5
1,257.5432098765432,2.010292229093151,38.7,29.18,1.48
0,241.625,1.254550397396088,18.22,12.37,0.7
1,238.203125,2.43253656104207,39.42,25.59,1.48
1,261.9375,4.596736926585436,34.29,30.54,1.47
1,268.53125,1.811262167058885,32.99,33.09,1.5
1,242.171875,2.523284256458282,39.4,26.84,1.56
1,255.81944444444443,10.425959028303623,36.36,28.22,1.47
1,254.38888888888889,2.758935721384154,38.38,27.08,1.48
1,244.4375,2.461953887715936,41.2,24.95,1.53
1,232.5,2.17857642006129,37.63,25.09,1.53
1,240.19444444444443,2.108222160074446,35.6,26.24,1.52
1,257.953125,3.667352263815701,38.76,28.19,1.48
1,228.13888888888889,1.911358129647043,37.83,29.23,1.5
1,229.38888888888889,1.962529271013207,37.66,27.53,1.51
1,233.140625,1.924771161749959,36.78,26.62,1.53
1,259.65625,4.185398759320379,35.32,27.85,1.48
1,246.31944444444443,2.084262488616837,40.84,25.87,1.51
1,264.58024691358025,2.502295081262235,33.11,30.92,1.52
1,253.328125,2.229392407462001,32.97,25.36,1.46
1,226.609375,1.76839517429471,37.38,27.34,1.5
1,243.734375,3.494301401078701,40.97,25.5,1.44
0,252.25,4.346577177755535,0.28,0.17,0.01
1,244.04166666666663,4.0819910036193,36.0,28.96,1.51
1,257.27777777777777,2.694322047962083,41.38,28.01,1.53
1,262.22222222222223,2.595184621987519,38.55,27.49,1.51
1,256.515625,5.237018695101142,28.76,33.16,1.44
1,247.09375,2.528749500401318,38.21,31.34,1.49
1,226.359375,1.823297740891576,37.07,27.54,1.53
1,230.8055555555556,1.730146851804521,37.27,27.47,1.52
1,243.75,2.743309421671762,36.76,28.94,1.47
1,252.9375,2.760950176976621,38.59,28.89,1.47
1,235.078125,1.875965665094554,36.13,25.89,1.46
1,229.765625,1.299121147021651,39.48,29.09,1.52
1,231.4305555555556,1.827539622783661,38.5,25.8,1.52
1,263.95833333333326,2.587464111546675,29.64,32.13,1.5
1,266.8395061728395,2.361898889512192,33.41,29.58,1.5
1,250.86111111111111,2.671399080091053,39.19,27.21,1.48
1,238.22222222222223,2.188859660592344,34.3,27.51,1.49
1,254.453125,3.462731615640223,27.54,34.96,1.44
0,246.75,1.772992466576397,1.16,0.72,0.04
1,228.0833333333333,1.709992796182632,38.28,26.3,1.48
1,255.5,3.477757439017296,32.22,29.49,1.45
1,228.3055555555556,1.940793915755219,37.76,27.13,1.52
1,260.04938271604937,5.304740437019018,28.65,33.43,1.45
1,241.79166666666663,2.245872995919652,38.33,26.79,1.49
1,255.31944444444443,2.036685962643888,34.03,29.95,1.48
1,249.04166666666663,4.375418302913509,40.41,27.08,1.47
0,255.9753086419753,5.740795294443768,25.95,15.37,0.94
0,246.94444444444443,2.674029626780086,40.51,25.97,1.53
1,229.6875,2.274058558046818,37.28,24.48,1.52
1,222.5555555555556,1.538638569414616,37.27,28.93,1.5
1,240.88888888888889,2.024168450799253,37.83,27.26,1.53
0,234.9305555555556,1.434970450070169,7.14,4.78,0.3
1,246.2083333333333,6.618740475840038,39.3,28.43,1.54
1,254.15277777777777,2.461473131345378,33.02,30.97,1.49
1,239.49382716049385,3.154312548078137,37.87,25.42,1.53
1,241.375,2.776289325621393,38.13,29.51,1.5
0,249.23456790123453,3.459735226483993,0.0,0.0,0.0
1,242.34375,2.056156522594392,32.14,29.54,1.48
1,266.5,2.23583953993188,28.62,36.0,1.5
1,231.03125,1.850972544401884,37.66,26.97,1.52
1,238.125,2.978323005139828,37.31,26.7,1.47
1,257.125,4.176818776875735,34.2,29.21,1.48
1,232.765625,2.213282945565879,38.26,26.79,1.51
0,252.546875,2.112801599316299,38.5,29.28,1.51
1,245.65625,4.5548725547269,33.46,31.31,1.53
1,253.59375,3.359891468659043,38.94,28.74,1.48
1,232.31944444444443,2.095979142520163,39.72,26.71,1.53
1,266.55555555555554,1.802821127904786,31.7,30.01,1.5
1,266.6666666666667,2.487824271950457,35.18,30.45,1.5
1,261.15625,3.187340423464775,28.91,31.89,1.45
1,255.76388888888889,4.633905345367062,29.94,33.21,1.46
1,261.375,2.354952526589235,35.3,32.13,1.52
1,235.81944444444443,2.481847787896792,38.16,28.75,1.5
0,240.08641975308643,2.17258083820343,37.97,26.09,1.52
1,261.80555555555554,3.66581004858017,38.13,30.24,1.49
0,248.15277777777777,1.75573534766833,32.34,25.26,1.38
1,253.56944444444443,4.860793677469094,33.82,25.68,1.45
0,241.515625,2.672109704464674,30.55,21.13,1.21
1,266.40625,1.932424058206379,35.88,28.73,1.5
1,242.5,2.232300503386392,36.0,29.77,1.49
0,233.76388888888889,1.836578227579594,38.18,26.47,1.51
1,236.40277777777777,2.082661559184392,35.88,28.87,1.5
1,235.09722222222223,1.431261045237382,36.1,28.39,1.5
1,253.09375,2.748062785714865,40.81,26.2,1.49
1,254.421875,3.374549794010818,33.22,30.41,1.47
1,254.953125,1.977085476741195,34.47,28.9,1.48
1,228.84375,1.628047853708267,38.89,28.67,1.51
1,260.421875,2.770900567993522,39.54,27.37,1.49
1,263.08333333333326,5.461264029145242,33.96,29.89,1.47
0,240.890625,2.030686195939779,39.75,26.91,1.5
1,260.28125,3.220267090946436,39.3,29.02,1.46
1,235.15625,2.06046674773097,38.02,26.42,1.51
1,227.78125,2.210451791994274,39.88,26.21,1.51
1,228.609375,1.697712603956461,37.31,27.65,1.51
1,243.38888888888889,1.887347467243671,38.5,26.8,1.49
1,257.47222222222223,3.444068406191137,38.9,29.17,1.47
1,231.1805555555556,2.238533122671975,39.62,27.11,1.51
1,235.6296296296296,1.87337949467294,38.05,26.19,1.51
0,242.48611111111111,3.494522630340523,0.0,0.0,0.0
1,237.734375,1.800596934743226,37.55,25.92,1.53
0,260.3125,2.506484069861472,40.26,27.77,1.5
0,254.43209876543207,5.63085459926982,0.0,0.0,0.0
0,252.6543209876544,5.552851484145648,0.0,0.0,0.0
0,242.16666666666663,1.883263977037536,34.78,20.76,1.25
1,240.234375,2.204039353877306,36.91,27.05,1.52
1,239.7083333333333,2.510848033759329,39.41,28.29,1.49
1,262.51851851851853,2.47299086606061,35.23,28.14,1.49
1,249.78125,3.12795583717525,35.43,30.12,1.48
1,229.02777777777777,1.729580281509294,39.17,25.75,1.51
1,244.6805555555556,2.90289120707247,35.22,30.3,1.53
1,253.875,4.628657773137094,30.14,33.13,1.46
1,231.859375,2.059983691200614,38.78,26.93,1.52
1,253.5625,2.758561640046537,31.75,30.07,1.47
1,227.75,1.897388745099306,36.95,26.49,1.52
0,257.4320987654321,5.900731145599742,39.27,27.58,1.49
0,234.88888888888889,1.733762476179335,3.73,2.4,0.15
1,220.29166666666663,1.368146049479644,37.73,24.5,1.49
1,240.0833333333333,2.287561894290977,36.3,25.71,1.5
1,233.77777777777777,2.362821316553487,37.99,26.54,1.53
1,233.25,1.686557941966587,38.71,26.09,1.51
1,252.765625,4.095373497344553,39.64,28.08,1.48
1,265.51388888888886,2.365955936412016,35.93,29.92,1.51
1,261.28125,1.936363586224616,38.74,27.32,1.53
1,259.2361111111111,1.453413667778174,39.51,28.19,1.47
0,237.15625,3.563333737663925,40.96,26.24,1.5
0,237.76388888888889,3.088574544423156,36.06,25.61,1.51
1,239.78125,1.554692044854164,41.6,27.0,1.5
1,226.3125,1.432902187108994,37.34,25.3,1.51
0,234.8271604938272,3.75327299480085,41.9,25.09,1.5
1,251.95061728395052,4.582822695190524,34.23,26.8,1.47
1,260.9861111111111,2.229767430987623,37.89,31.55,1.49
1,224.484375,1.447711057029665,38.47,26.85,1.52
1,251.546875,2.608783591538668,37.6,25.7,1.48
1,229.0,1.612145437858999,38.24,27.34,1.53
1,256.015625,2.17383950855583,35.04,28.93,1.5
1,257.53125,3.291558383964002,37.96,28.95,1.48
1,251.3333333333333,2.310441969997353,36.54,26.79,1.49
1,252.6875,4.033415787853301,37.2,28.8,1.48
1,233.046875,2.220528322272003,39.4,25.2,1.5
1,262.875,2.216104332771566,36.92,30.22,1.48
0,248.375,1.8112941061457,41.14,27.04,1.51
1,234.125,2.190059721469879,38.07,24.99,1.52
0,237.34375,2.088700348511338,40.08,25.85,1.48
1,235.40625,1.667743538506329,39.66,25.71,1.53
1,227.79166666666663,1.402735606663757,39.39,26.62,1.49
1,235.24691358024688,3.214170193230664,39.13,25.8,1.51
1,235.171875,1.715629518963397,40.59,25.46,1.51
1,234.76388888888889,1.74484171718359,46.34,25.66,1.52
1,242.13580246913577,2.627225527792801,39.03,25.49,1.53
1,260.51388888888886,2.71546968155437,35.32,29.82,1.47
1,267.3703703703704,1.694195101290573,24.89,36.71,1.48
0,253.06944444444443,3.9222761111127,20.93,11.55,0.74
1,158.28395061728395,1.643170412916404,38.46,26.28,1.52
1,254.66666666666663,2.46941100143724,37.82,28.35,1.49
1,240.796875,2.921799653209746,40.42,27.7,1.51
1,251.09375,3.564987144432962,37.77,27.75,1.48
1,233.86111111111111,1.485061251454883,37.22,24.99,1.55
0,254.66666666666663,3.960555528601011,40.78,25.22,1.52
0,251.75,2.518876821630531,36.63,26.48,1.49
1,233.04166666666663,2.659013538724846,39.58,26.86,1.52
1,230.890625,2.542978551238775,38.06,27.45,1.51
1,242.03125,2.403896102681756,38.1,25.93,1.5
1,222.73611111111111,1.696318042774995,38.45,27.52,1.51
1,248.109375,2.246822133660316,39.31,27.06,1.5
1,237.5,1.985241523943841,39.08,25.85,1.54
1,268.328125,2.19306007027626,33.94,31.41,1.5
1,258.9135802469136,1.978372780629146,37.84,28.94,1.49
1,229.48611111111111,2.162884070641465,37.93,26.03,1.5
0,256.6666666666667,5.189267864197862,37.02,29.51,1.51
1,251.61111111111111,3.779186363849375,40.1,24.56,1.48
0,242.96875,3.223435536958277,36.2,25.73,1.52
1,229.3333333333333,2.307708619369401,38.95,25.57,1.52
1,259.65625,3.010452102869749,36.4,30.77,1.48
1,228.125,2.026919041242865,37.72,27.15,1.53
1,255.1875,1.806313710287213,34.97,29.49,1.5
0,268.52777777777777,4.651114476223786,0.87,0.74,0.04
1,262.5061728395062,3.649309064870999,38.86,28.45,1.49
0,248.76388888888889,1.895276457899147,33.35,20.21,1.29
1,267.27777777777777,6.2515189225475,32.16,30.66,1.48
1,228.30864197530863,1.663297672330597,38.89,27.15,1.51
0,234.265625,1.448902238160372,8.58,5.99,0.34
1,250.29166666666663,2.059659002555741,41.01,27.21,1.53
0,242.91666666666663,1.545936834481027,39.88,25.55,1.51
1,240.36111111111111,2.516320898301072,35.84,29.99,1.49
1,251.375,2.723560396581888,37.45,25.8,1.52
1,249.0625,1.895187860354781,39.37,27.11,1.48
0,252.125,4.385058526881039,0.0,0.0,0.0
1,231.078125,2.10887464787811,38.66,27.33,1.53
1,238.2083333333333,2.16986623323626,33.67,29.48,1.49
1,243.59722222222223,3.251173842284414,37.26,30.04,1.5
1,265.44444444444446,2.446196557746993,39.37,27.92,1.45
1,253.44444444444443,2.105023864242765,33.47,26.92,1.47
0,253.8641975308642,2.895471332249818,37.97,29.74,1.49
1,253.6805555555556,2.954266890883446,30.03,33.25,1.47
1,258.43055555555554,2.679979854987727,41.37,28.75,1.49
1,261.21875,2.387221529148519,36.42,29.68,1.52
1,263.69444444444446,2.744966766072644,32.73,31.92,1.5
1,246.703125,2.228407721966505,37.17,26.61,1.51
1,252.734375,2.755692106671631,38.76,30.69,1.51
1,220.34375,2.114256557077169,38.28,27.93,1.5
1,244.171875,2.428440156392753,39.05,29.89,1.5
1,251.0,4.182034307056006,40.87,25.5,1.49
1,239.38888888888889,2.152972016069624,41.31,26.13,1.52
0,251.9305555555556,3.252120223310259,41.29,25.05,1.52
1,228.40625,1.935923125594854,38.17,28.5,1.5
1,244.73611111111111,2.617700883911716,35.93,27.06,1.47
1,252.921875,2.36651540081948,35.84,28.45,1.48
1,239.21875,2.686830291524529,35.97,29.77,1.49
1,247.5,2.551057853735983,37.8,28.36,1.51
1,234.75,1.954713816444079,36.29,24.81,1.49
1,263.43055555555554,1.413156912558609,2.68,2.62,0.12
1,254.71875,1.936798986978829,36.54,28.92,1.49
0,241.2083333333333,2.669807845519649,0.0,0.0,0.0
1,251.01388888888889,3.676113163431486,38.45,29.34,1.49
1,235.4074074074074,1.462595044830699,38.16,25.28,1.51
1,250.5,1.64946228514115,33.58,28.7,1.48
1,231.8055555555556,2.011058959696028,38.08,26.02,1.5
0,269.03125,1.847879742272198,26.11,24.56,1.18
1,249.41666666666663,4.234142179290454,31.77,30.13,1.48
1,244.79166666666663,3.359514569242795,36.25,28.08,1.5
1,251.5555555555556,3.469954727608481,38.7,26.09,1.5
1,246.54166666666663,5.873148278229768,32.64,31.1,1.48
1,230.96875,1.646306130103767,38.16,25.95,1.52
0,266.40625,2.636709407903254,35.53,31.03,1.5
1,249.1875,2.961757174693048,42.08,25.71,1.5
1,232.703125,2.142647355794907,41.42,25.02,1.51
1,236.0,1.929221763287062,37.31,26.49,1.51
1,236.453125,2.25720511842519,35.2,25.99,1.48
1,238.3333333333333,1.852040978769461,39.08,27.18,1.5
1,235.578125,1.64525212533772,35.93,25.91,1.41
0,254.0555555555556,2.310976268516646,0.0,0.0,0.0
1,229.5555555555556,1.641696474618382,37.17,28.19,1.53
1,233.3055555555556,1.66978097293112,39.02,25.32,1.49
1,243.15625,2.42705431766808,38.78,26.16,1.52
0,239.8125,6.728929180651904,11.41,6.33,0.38
1,240.9305555555556,7.479122547639742,37.58,22.7,1.3
1,260.53125,3.013503361493349,38.57,27.44,1.5
1,237.953125,2.131375716067851,38.95,26.51,1.47
0,269.75,1.929750270210207,26.79,34.71,1.49
0,246.79166666666663,2.21433900627825,38.51,26.55,1.55
1,241.86111111111111,2.599770048426257,35.64,28.15,1.5
1,235.61111111111111,2.13037801368369,37.87,26.56,1.51
1,248.4197530864197,3.613165494100547,33.83,28.76,1.51
1,256.72222222222223,3.663038401967949,33.36,30.19,1.47
1,239.328125,1.768246120773256,40.3,28.65,1.5
1,234.41666666666663,2.04604102174441,38.18,25.46,1.5
1,240.5,3.239531493745744,39.91,26.96,1.5
1,240.8055555555556,2.090662769973278,37.32,25.39,1.5
1,241.94444444444443,1.978695308996572,40.16,26.53,1.53
1,234.40277777777777,1.684736034108533,37.16,27.85,1.51
1,228.7407407407408,1.903575822159096,40.49,25.46,1.51
1,249.31944444444443,2.493830954862966,39.21,28.34,1.49
1,228.0625,1.538681206293404,38.91,25.98,1.51
1,267.05555555555554,1.687306045658059,31.67,32.22,1.5
1,260.828125,2.506531682796776,29.15,31.93,1.45
0,242.21875,2.580215209163725,36.91,26.42,1.49
0,259.58333333333326,4.365228389700256,38.31,26.96,1.55
1,235.04938271604945,2.326877098024627,38.85,27.99,1.5
0,256.56944444444446,2.265771827763981,15.97,10.42,0.62
1,237.39506172839504,2.086437592535843,37.49,25.43,1.54
1,237.34375,2.517731697298586,33.78,29.17,1.49
1,252.02469135802468,3.563180369359475,41.66,25.66,1.48
1,262.28395061728395,2.173167476683487,33.28,29.93,1.49
1,228.828125,1.596643938682973,40.52,25.6,1.51
0,250.015625,9.024173283018172,31.86,24.24,1.27
0,266.1111111111111,3.782223323153125,31.89,33.65,1.48
0,253.1805555555556,4.801692028012542,0.0,0.0,0.0
1,254.375,2.135708509013057,35.62,29.67,1.49
1,235.16666666666663,2.801111453109317,36.75,28.05,1.51
1,239.3055555555556,2.982453486157788,39.05,27.57,1.51
1,263.40625,3.086818097159266,34.71,30.38,1.5
1,238.0555555555556,3.906927088068591,49.15,23.3,1.51
1,238.61111111111111,2.86190919412507,38.22,26.72,1.5
1,254.65625,4.191221958957615,24.88,24.88,1.14
1,230.25,1.859248516149819,37.38,27.41,1.52
1,264.53125,2.017105862498283,36.91,29.45,1.52
1,233.75,2.142274841666222,38.76,26.54,1.51
1,263.75,2.189380778206719,35.88,30.85,1.5
0,241.69135802469137,1.907408327968032,30.37,19.8,1.11
0,240.5,1.397925559845236,15.53,10.6,0.63
1,237.65625,2.464114235714078,39.33,28.27,1.51
1,238.52777777777777,1.86350307530827,34.76,26.91,1.5
1,265.97222222222223,1.772402555578285,33.95,29.72,1.51
1,254.5833333333333,3.541441222859754,32.45,29.87,1.46
0,261.265625,2.215040851384401,37.98,28.73,1.5
1,259.6666666666667,2.735220140053166,40.77,30.29,1.48
1,265.75,3.933875238522887,32.13,30.05,1.49
1,230.7530864197531,1.453490486851445,38.01,26.96,1.53
0,242.625,3.339603855378098,43.07,25.97,1.51
1,255.234375,1.760177099145949,34.19,30.15,1.48
0,263.984375,2.354088199324906,9.75,10.3,0.47
1,256.02777777777777,2.812096185154385,32.79,29.63,1.48
1,264.1111111111111,4.823958361314404,35.19,27.51,1.5
1,234.65625,3.074773511849344,19.93,11.53,0.69
1,233.77777777777777,2.007577293448978,39.01,27.74,1.48
1,236.828125,1.834366600960493,37.46,28.92,1.5
1,250.5,2.758989502675831,32.22,31.97,1.49
1,253.1805555555556,2.51864019036293,34.68,26.04,1.47
1,262.1875,3.994869434274733,37.09,30.24,1.52
1,269.546875,2.038030895404518,34.7,30.18,1.51
0,247.76388888888889,5.79459607270029,0.0,0.0,0.0
1,262.58333333333326,3.168317536513011,37.08,27.92,1.46
0,269.421875,2.123842011205852,31.92,27.58,1.39
0,270.5625,2.947683504782617,32.89,31.43,1.51
0,239.0,4.74151435866952,28.49,14.24,0.92
1,240.125,2.432336172088981,33.9,30.55,1.49
1,252.26388888888889,2.904065033627881,33.25,30.26,1.48
1,231.109375,1.683233078111682,37.32,26.24,1.53
1,228.40277777777777,1.77837941961156,36.27,26.13,1.5
1,264.375,6.193951638415456,38.25,28.36,1.47
1,238.34722222222223,2.298201081653436,39.14,26.33,1.5
0,189.1851851851852,2.634581012196011,27.21,21.45,1.11
1,263.1666666666667,3.841401700344351,36.31,29.68,1.54
1,239.73611111111111,2.138757083978918,37.8,27.03,1.55
1,248.5555555555556,2.435993000864983,35.58,26.74,1.49
1,227.54166666666663,1.037890199985769,39.91,26.69,1.52
0,259.81944444444446,2.748452405962679,0.0,0.0,0.0
1,267.1666666666667,2.931133253706826,33.46,29.23,1.5
1,258.140625,3.151174383237958,30.64,31.74,1.45
1,226.72222222222223,1.514592135118114,38.92,27.77,1.5
1,239.11111111111111,1.922562922224586,36.9,27.89,1.5
1,252.358024691358,3.909584760665894,36.4,28.96,1.48
1,248.046875,2.140350908972323,39.07,26.79,1.52
1,228.63888888888889,2.520686755577723,38.72,26.5,1.53
1,240.16666666666663,2.577049577401744,35.74,28.29,1.5
1,261.3611111111111,3.023082252177927,37.27,27.57,1.49
1,256.27777777777777,4.159401050044431,34.97,26.86,1.47
1,251.41666666666663,1.896687611937523,34.72,27.35,1.5
1,256.95833333333326,4.663279806574186,33.55,30.54,1.46
1,157.98765432098764,3.048463591309481,31.0,27.97,1.45
1,238.38888888888889,3.007852593229877,36.41,30.31,1.48
1,235.140625,2.030039804056287,38.46,26.73,1.54
1,259.358024691358,5.574043528533276,36.44,29.78,1.48
1,255.203125,2.507195032201707,34.54,28.67,1.48
1,233.6875,1.982121193781495,39.0,26.02,1.51
1,232.125,1.771666623651981,37.26,26.86,1.53
1,253.3125,3.694192864000797,38.68,25.7,1.49
1,231.01388888888889,2.328425214522415,35.69,27.44,1.52
1,230.09722222222223,1.713166101111306,40.78,26.4,1.51
1,253.703125,3.321662029251456,36.93,23.69,1.48
1,247.94444444444443,2.019062538113859,40.35,26.2,1.49
1,256.56944444444446,2.129653347863091,37.52,31.82,1.48
1,233.421875,1.499180838465691,40.18,24.95,1.49
1,264.375,6.570004824135038,37.68,28.82,1.53
1,232.66666666666663,1.780101300941573,36.67,25.99,1.53
0,225.91666666666663,6.949107830723126,23.09,15.97,0.86
1,237.765625,2.769003745168447,39.47,27.81,1.5
1,249.90277777777777,2.855800710618496,39.32,29.4,1.5
1,230.34375,1.788261351175606,39.15,27.27,1.52
0,243.80246913580248,1.903899632854226,38.85,26.56,1.55
0,246.59375,3.889006368815899,0.0,0.0,0.0
1,253.796875,1.555753120221198,35.83,28.27,1.47
1,232.19444444444443,1.853050274981393,37.48,27.77,1.52
1,244.328125,3.422737745568156,37.87,26.63,1.53
1,231.625,2.313346297480166,39.32,29.26,1.54
1,242.59722222222223,3.725766194363435,35.67,29.02,1.51
1,262.75,2.399088728241622,34.29,30.87,1.48
1,242.90277777777777,2.205418236553669,39.3,27.02,1.53
0,253.5833333333333,4.352359102831948,38.98,29.99,1.5
0,246.203125,1.989755104295909,0.0,0.0,0.0
1,260.25,4.297663812525572,41.52,25.1,1.51
1,250.47222222222223,3.942296187910769,36.55,28.9,1.49
1,242.96875,2.205300724133849,39.54,26.71,1.5
1,257.734375,3.841997552663088,27.71,32.24,1.44
1,235.125,1.784335730804337,44.27,25.54,1.5
1,255.88888888888889,3.755660014020072,33.4,29.45,1.44
1,239.171875,2.109766447916627,35.48,25.71,1.52
0,266.2361111111111,2.845056714283095,37.41,29.85,1.48
1,226.31944444444443,3.699186207786683,34.18,31.38,1.49
0,247.421875,2.564755115658045,20.46,11.8,0.74
1,229.8125,2.095746075734496,37.32,29.4,1.51
1,266.52777777777777,3.838119548228052,31.76,33.85,1.47
1,252.3125,2.061804754659534,37.91,25.41,1.48
0,251.641975308642,3.591787534731406,38.73,28.23,1.51
1,252.59722222222223,2.885535983575715,39.02,26.03,1.48
1,239.02777777777777,1.655530119935672,36.4,25.47,1.49
1,242.79012345679007,2.582680394620071,38.29,26.25,1.54
1,252.375,2.593283161520958,41.05,23.81,1.5
1,228.22222222222223,1.723217819299963,40.02,28.25,1.52
1,253.578125,4.884071086533368,37.02,27.4,1.49
0,239.46875,3.398293917067349,2.88,1.57,0.09
1,230.796875,1.69488032348454,38.46,28.55,1.52
1,229.04938271604945,2.038976806917308,39.36,26.0,1.51
0,231.9135802469136,2.25984721345666,19.62,15.28,0.86
1,252.5,5.316566203203466,35.56,30.72,1.48
1,257.47222222222223,4.047244664695528,37.83,26.72,1.49
1,254.875,3.28913233242929,32.89,31.81,1.47
1,245.5555555555556,1.834403969347477,43.43,25.02,1.52
1,125.8125,5.157280087471008,34.45,31.68,1.5
1,240.4375,4.019031996838748,33.6,28.52,1.49
1,238.8125,1.894432965666056,37.74,27.02,1.5
1,232.15625,1.806722509674728,35.46,27.78,1.49
1,230.3333333333333,1.784504781994555,37.56,27.45,1.54
1,229.61111111111111,2.094945193164878,38.78,26.72,1.54
0,245.546875,4.81586994510144,39.37,27.55,1.49
1,231.234375,1.500816381536424,38.12,26.03,1.53
1,246.640625,4.508416624739766,24.79,19.51,1.06
1,251.31944444444443,3.851483728322718,39.27,28.11,1.51
1,262.328125,6.393711537122726,40.66,30.19,1.47
1,227.953125,2.43559848330915,37.95,29.57,1.52
1,253.90625,2.81191466934979,34.31,29.18,1.49
1,237.34722222222223,2.260323421822654,38.78,25.25,1.51
1,236.66666666666663,2.579175853894816,38.38,25.48,1.54
1,229.31944444444443,1.882043254872163,39.14,25.99,1.52
1,252.390625,4.56963665690273,36.56,28.7,1.48
1,254.38888888888889,5.724884825448196,41.59,24.55,1.55
0,254.63888888888889,2.435548093583849,38.59,28.59,1.5
1,236.11111111111111,2.870448713501295,38.78,25.59,1.49
0,253.54166666666663,3.453110767735375,0.0,0.0,0.0
1,231.125,2.255585730075836,38.51,26.87,1.49
1,235.0625,1.817204079590738,38.43,26.67,1.52
0,248.015625,5.539100141264498,0.0,0.0,0.0
0,226.484375,1.764143511652946,28.08,20.47,1.17
1,233.76388888888889,1.356056311064296,41.07,24.89,1.51
0,231.47222222222223,2.478627435035176,38.09,27.09,1.49
1,266.06944444444446,2.498020922144254,31.84,30.57,1.48
1,243.47222222222223,2.5084014079637,37.61,26.47,1.51
1,253.2083333333333,1.649846652315722,32.58,30.49,1.48
1,233.88888888888889,1.577938484648864,37.66,26.97,1.5
1,249.390625,3.178097803145647,37.78,25.57,1.52
1,239.828125,2.828247415833175,38.06,27.06,1.51
1,244.875,2.744590786285698,39.57,26.68,1.52
0,251.29166666666663,2.500180402563678,19.85,14.56,0.76
1,230.671875,1.894644246436656,35.19,26.94,1.52
1,251.76388888888889,2.152588954402341,34.48,29.06,1.47
0,240.671875,4.16356220189482,0.0,0.0,0.0
0,241.9305555555556,9.073031249973509,0.0,0.0,0.0
0,243.5555555555556,1.954808356861274,23.24,18.0,0.95
1,230.546875,2.24048091750592,39.11,26.62,1.51
1,176.06172839506172,2.436785961097141,37.26,28.03,1.5
1,261.90277777777777,3.110297078887621,40.91,26.17,1.49
0,262.390625,3.42304852604866,30.28,32.18,1.51
1,236.50617283950612,2.086412658661972,34.24,22.37,1.36
1,244.0555555555556,3.268600737055143,35.4,28.66,1.53
1,226.5,1.429445022717118,38.99,27.34,1.53
1,224.28125,1.517806677147746,39.34,27.0,1.52
1,246.48611111111111,2.067642917235692,39.38,25.43,1.52
1,233.265625,1.872202225029469,38.31,25.02,1.53
1,253.359375,1.458592649549246,34.52,30.24,1.48
1,255.34375,3.961418175138533,33.6,28.58,1.47
1,247.76543209876544,2.016175809465809,39.39,27.0,1.51
1,266.5308641975309,1.710580749276244,35.58,30.86,1.48
1,261.375,2.274400546215475,38.5,28.26,1.5
1,225.23611111111111,1.76861635926697,37.91,24.9,1.52
1,246.9305555555556,4.579257491562102,41.74,27.49,1.48
1,264.625,3.749475578467051,36.41,30.17,1.53
0,235.19444444444443,1.508692414396339,36.02,23.44,1.36
0,241.9583333333333,2.540617509848542,15.01,10.07,0.56
1,254.25,3.189856974408031,34.51,25.79,1.46
1,254.3125,5.480403224937618,35.53,26.07,1.48
1,236.01388888888889,2.383760815693273,38.9,27.06,1.5
1,267.859375,1.801469625905156,29.85,34.22,1.5
0,260.015625,2.533024663105607,25.48,19.09,0.99
1,257.421875,4.822826182469726,29.91,29.26,1.45
1,262.34722222222223,2.772091217339039,39.85,29.46,1.49
1,255.6805555555556,3.784337408840656,30.93,28.6,1.46
1,234.609375,2.227338718250394,39.07,26.01,1.51
1,251.59375,3.088904193602502,39.25,29.25,1.51
1,231.76388888888889,1.648018106818199,36.42,26.15,1.52
1,263.0246913580247,1.915790326801347,37.11,29.97,1.53
1,231.34722222222223,2.196268116434415,37.64,27.26,1.51
1,235.12345679012347,2.321514550550484,36.91,26.75,1.55
0,252.69444444444443,4.520175887478724,61.62,17.75,1.54
1,230.6875,1.710364915430546,39.89,26.7,1.48
1,240.0,1.982877999544144,38.7,26.62,1.55
1,244.8055555555556,2.935861777100298,36.5,26.71,1.52
1,265.390625,2.916820213198662,27.47,34.9,1.5
0,255.4305555555556,4.849954225950772,39.84,29.24,1.51
1,243.86111111111111,1.996299006872707,35.99,30.17,1.49
1,246.11111111111111,2.096500943104426,38.05,30.5,1.52
0,250.875,3.067003206349909,0.0,0.0,0.0
1,248.125,1.912266701459885,38.84,26.11,1.51
1,231.2083333333333,2.665109868678782,39.56,25.48,1.56
1,242.02777777777777,1.864705046017965,38.14,28.91,1.49
0,257.390625,6.557621280662716,39.23,26.23,1.47
1,223.2083333333333,1.661511994070477,38.75,26.0,1.51
0,270.921875,1.922666124999523,34.63,29.23,1.48
1,250.0,2.476875320076942,39.8,27.32,1.53
1,237.59722222222223,1.823447347515159,35.99,29.63,1.51
1,264.47222222222223,1.956773738894198,39.07,28.82,1.48
1,247.8333333333333,3.723937882317437,39.56,28.71,1.52
1,244.58024691358025,2.588921150307597,38.3,25.84,1.44
1,257.1666666666667,2.449111435148451,39.34,26.48,1.53
1,233.6805555555556,1.27124809473753,40.01,25.36,1.52
1,266.26388888888886,1.769613773458534,34.9,30.4,1.49
1,262.28125,4.221943651326001,41.73,24.43,1.51
1,211.79166666666663,1.637910786542025,40.08,26.1,1.51
1,243.09722222222223,3.830449577007029,36.41,27.49,1.51
0,258.234375,3.501960978843272,37.18,29.48,1.46
1,262.4567901234568,2.849040415551928,31.32,32.17,1.46
1,248.19444444444443,2.158351425495413,42.65,26.25,1.5
1,227.91666666666663,1.832525737583637,38.79,25.41,1.52
1,240.88888888888889,1.539281669590208,33.55,23.64,1.35
1,241.71875,3.279212706722319,35.79,29.9,1.5
1,231.984375,2.088859803974628,39.81,27.72,1.48
1,251.04166666666663,3.780031041966544,37.82,27.83,1.5
1,230.9375,1.385548376478255,39.62,25.63,1.54
1,262.34722222222223,2.200025665263335,37.06,30.07,1.52
1,263.75,2.21685049103366,36.29,27.64,1.47
1,227.22222222222223,2.325464593867461,38.32,26.93,1.52
1,245.6805555555556,2.063326323197948,37.26,28.81,1.49
1,268.375,1.296281937923696,38.13,30.5,1.52
1,258.88888888888886,3.429487350086371,29.23,32.95,1.43
1,237.125,2.400380467064679,35.28,28.97,1.51
1,265.421875,2.780355894006789,36.87,30.1,1.52
1,258.98765432098764,3.89684240391225,38.15,29.66,1.48
1,255.0,3.924170137279563,39.26,25.96,1.46
1,251.29166666666663,1.289019722077582,37.18,28.15,1.5
1,246.75,2.759946334693167,34.08,29.67,1.51
1,261.75,4.447457132861018,38.51,26.32,1.5
1,257.43055555555554,3.735094216962656,38.56,27.21,1.5
1,223.34722222222223,2.189028087162202,38.32,26.98,1.52
1,254.125,1.773345282301307,32.02,31.3,1.47
1,234.59375,2.485284143127501,36.58,27.62,1.49
1,232.88888888888889,1.921106268134382,36.89,26.42,1.53
1,257.5679012345679,3.818886606781571,37.59,29.25,1.46
1,266.59375,2.846031888388097,34.64,28.63,1.5
1,229.54166666666663,2.00377027110921,37.1,26.23,1.51
1,261.15277777777777,2.684069607820776,39.7,29.54,1.5
0,243.21875,2.72613088786602,35.87,26.84,1.49
1,231.31944444444443,2.721116926107142,36.02,30.08,1.51
1,229.34722222222223,1.913368768162198,37.14,25.51,1.53
1,251.95061728395052,3.108837893715611,37.1,28.62,1.48
1,233.39506172839504,1.598621545014558,40.38,27.02,1.48
1,253.61111111111111,4.29386145207617,36.32,25.3,1.4
1,264.2916666666667,1.959838376277023,38.37,29.36,1.5
0,245.63888888888889,2.626698587503698,14.38,11.67,0.59
0,236.26388888888889,2.499550551176071,34.33,25.7,1.49
1,246.828125,1.735351242125034,38.64,29.25,1.53
0,271.6875,5.274852874688804,37.37,31.63,1.49
1,236.29166666666663,1.848681727217303,36.63,27.27,1.53
1,237.75,2.618832863867283,33.4,28.71,1.51
0,238.31944444444443,3.193024724721909,0.0,0.0,0.0
1,225.9375,2.492276556789875,37.77,26.84,1.38
1,265.6296296296296,3.44808265235689,33.42,30.74,1.49
1,228.81944444444443,2.348900019294686,37.07,25.37,1.5
1,236.765625,1.795581782236695,34.93,26.33,1.48
1,244.65277777777777,4.624419229725998,36.26,27.72,1.53
1,237.21875,1.75369940046221,38.02,27.72,1.51
0,243.9375,3.065888309851289,2.68,1.82,0.11
1,228.625,1.161663114196724,36.59,29.92,1.5
1,263.875,2.940543678589165,36.95,29.94,1.49
0,250.9375,3.125895989127457,21.18,15.48,0.82
1,244.5555555555556,1.786875752939118,35.65,28.37,1.48
1,266.90625,2.392787091434002,29.95,29.44,1.48
1,237.8055555555556,1.614744945532746,35.36,31.01,1.51
1,231.13888888888889,2.405408476789793,34.6,26.02,1.51
1,229.3333333333333,2.432831336226728,37.86,27.41,1.51
0,246.0833333333333,1.590757128265169,39.59,27.29,1.54
1,232.875,1.726852995343506,40.85,24.86,1.52
0,230.48611111111111,1.63169460495313,36.79,25.95,1.49
1,230.56790123456787,2.168089053513091,35.6,27.88,1.51
0,251.49382716049385,2.130818139623713,0.0,0.0,0.0
1,229.625,1.813245763381322,37.75,27.22,1.54
1,235.453125,2.622817309573293,39.16,25.83,1.48
1,229.375,1.436447117477655,38.91,27.31,1.53
1,257.97222222222223,3.257441328631507,41.63,27.09,1.5
1,233.58024691358025,2.556063446733686,39.36,25.3,1.51
1,229.375,1.715624090284109,37.19,27.23,1.54
1,221.75,1.964156474918127,37.34,28.52,1.5
1,258.640625,3.770136379636824,37.44,29.14,1.46
1,252.171875,1.841006418690085,36.72,26.18,1.48
1,224.41666666666663,1.842167062891854,37.92,27.49,1.52
1,243.76543209876544,2.087048068458651,36.51,28.29,1.51
0,253.234375,3.117207686416805,0.0,0.0,0.0
0,231.5625,1.638311168178916,0.0,0.0,0.0
1,252.859375,3.784121416509151,32.22,30.32,1.47
1,231.3333333333333,2.462019184489309,37.13,27.57,1.53
0,252.22222222222223,2.602573254870044,6.89,4.58,0.27
1,227.8125,2.343919257633388,38.4,29.33,1.5
1,263.765625,2.352694469504058,36.91,30.59,1.48
1,255.81944444444443,3.973599082893795,37.52,29.25,1.5
0,254.36111111111111,2.118795978526274,16.77,12.87,0.67
1,227.640625,1.56157623976469,37.45,28.13,1.5
1,244.5,2.168932535685599,36.72,29.49,1.48
1,232.125,1.516996471211314,38.31,25.22,1.51
1,267.5625,1.6728749955073,26.04,34.87,1.47
1,262.01388888888886,2.425906634165181,36.68,30.14,1.51
1,236.26388888888889,1.768572097851171,38.79,26.72,1.51
1,250.734375,2.088004291057587,39.63,28.32,1.51
1,252.86111111111111,1.466614983975887,37.08,27.56,1.49
0,261.25,7.075202067693074,39.78,27.98,1.47
1,235.65277777777777,2.504311097164949,36.7,27.97,1.53
1,255.04938271604945,3.492705229623818,30.39,31.33,1.44
0,266.765625,2.491938838735223,37.04,31.33,1.49
0,241.8271604938272,3.08946223170669,0.0,0.0,0.0
0,241.31944444444443,2.596478434900443,39.72,28.28,1.49
1,264.125,2.517379505766763,31.29,30.13,1.49
1,260.01388888888886,3.277936712735229,40.09,27.59,1.53
0,272.56944444444446,2.5891955031289,32.29,30.82,1.5
1,237.96875,2.297525401227176,35.52,29.61,1.5
1,251.203125,3.871252341195941,33.74,30.37,1.46
0,267.90277777777777,4.318287183841069,22.07,14.89,0.87
0,232.984375,2.086559311486781,39.94,26.34,1.5
1,248.31944444444443,2.789005352391137,38.3,26.65,1.5
1,258.34722222222223,3.191242065694597,41.39,25.44,1.5
1,229.375,2.059290356002748,39.4,26.31,1.5
1,253.40277777777777,2.410246891280015,34.97,27.05,1.47
0,253.6875,6.80072254408151,41.58,26.64,1.5
1,257.93055555555554,5.017968147993088,38.02,27.75,1.49
1,249.859375,3.681387543678284,25.13,15.07,0.92
1,237.40625,2.469636487774551,20.02,17.73,0.9
1,237.41666666666663,2.293705215056737,37.86,25.9,1.54
1,243.66666666666663,3.456901091668341,42.9,25.97,1.5
1,255.6172839506173,3.725370143666679,37.46,26.9,1.46
1,253.98611111111111,1.549808086620437,34.6,31.45,1.48
1,228.3333333333333,2.006525210208363,37.09,26.39,1.5
0,267.037037037037,3.15893437391446,16.34,11.18,0.65
0,260.94444444444446,3.621479238073031,40.88,24.87,1.54
1,228.5432098765432,3.026287769093925,38.42,28.04,1.49
1,237.66666666666663,2.316568269497818,37.53,29.19,1.5
1,227.6543209876544,1.698494786833539,37.17,26.41,1.47
1,237.359375,2.015274724923074,39.31,26.74,1.5
1,263.890625,2.614895166829228,34.29,30.86,1.5
1,264.71875,4.8866355298087,36.42,26.48,1.48
1,242.63888888888889,1.551534261140558,37.75,26.76,1.51
1,232.76388888888889,1.947810751696428,39.89,26.09,1.52
0,263.84375,2.185935542918742,31.42,28.89,1.41
0,261.90625,2.092888102866709,37.64,30.43,1.52
1,255.48611111111111,1.667050965958171,35.6,28.85,1.47
1,250.77777777777777,2.012037172085709,40.88,26.34,1.52
1,246.5,2.447820856339402,38.8,30.14,1.5
1,261.9375,2.579545899294317,33.52,31.36,1.49
1,253.640625,3.938898079097271,33.03,28.77,1.47
0,244.31944444444443,3.81119493726227,40.79,24.74,1.45
1,250.421875,3.419284726493061,39.29,27.79,1.47
1,261.53125,3.438417578116059,35.28,30.36,1.49
1,248.02777777777777,1.731661568913195,40.06,28.84,1.49
1,246.015625,1.695248049683869,37.5,32.46,1.5
0,236.02777777777777,2.978423489464654,1.97,1.36,0.08
1,259.234375,2.420305247418582,34.59,29.81,1.49
1,259.3125,3.533058409579098,28.44,31.34,1.46
1,252.92592592592592,4.10968687063382,36.02,29.65,1.46
1,256.984375,4.018186166882515,33.41,27.64,1.46
1,251.328125,2.869781034067273,38.85,27.0,1.48
0,239.125,2.313963778316975,36.23,27.5,1.5
0,233.296875,2.077354715205729,37.25,26.22,1.49
0,261.641975308642,3.802212036686179,39.66,27.03,1.53
1,238.609375,3.223851236514747,40.65,25.95,1.48
1,246.0,2.507047305814922,38.3,26.48,1.55
1,250.75,3.118598399683833,36.11,28.18,1.47
1,266.6666666666667,2.4033552341991,34.49,30.23,1.5
1,235.65625,1.978050334379077,32.24,27.49,1.49
1,248.1875,3.251557375304401,34.07,29.55,1.52
1,258.20833333333326,4.110013773871793,42.85,26.3,1.5
1,240.953125,3.219910243526101,36.65,30.04,1.48
1,268.4375,1.406663681380451,24.94,36.47,1.47
1,253.390625,2.313542688265443,41.84,27.78,1.53
1,265.76388888888886,1.736039785875215,28.05,35.13,1.47
1,228.640625,2.249372917227447,39.33,25.71,1.51
0,252.72222222222223,4.14439587460624,0.0,0.0,0.0
1,253.54166666666663,3.093081692854563,42.55,25.13,1.49
1,254.27777777777777,1.871223056481944,33.56,32.73,1.5
1,232.84375,1.982652632519603,20.58,12.83,0.75
1,258.0,4.32473118879177,42.29,27.55,1.49
1,231.359375,2.660713567398489,36.82,27.12,1.53
0,248.609375,3.242164456285536,0.0,0.0,0.0
1,224.71875,1.649469805881381,38.1,28.06,1.52
1,245.04166666666663,2.578991930517885,38.65,30.0,1.51
0,235.7283950617284,2.07723922641189,39.62,24.86,1.51
1,261.59722222222223,4.651624363329676,40.01,27.58,1.46
1,260.703125,3.409868100658059,38.09,29.74,1.49
1,262.28395061728395,5.020975673640216,39.26,29.45,1.51
0,232.328125,1.165913056582212,0.0,0.0,0.0
1,257.65625,1.643626946955919,39.15,26.2,1.51
1,238.0625,3.052851050160825,38.12,29.04,1.51
1,245.65277777777777,3.615287527441978,34.49,30.37,1.49
0,276.953125,7.726435866206884,37.15,31.52,1.51
1,233.8333333333333,1.574382407797708,38.24,26.14,1.51
1,243.640625,2.779002654366195,36.03,28.97,1.51
1,262.5625,5.196692988276482,32.12,30.48,1.49
1,228.375,1.575818269513547,38.47,27.25,1.54
1,233.22222222222223,1.845959252045478,36.7,27.92,1.52
1,263.296875,3.441469262354076,35.3,27.47,1.5
0,189.679012345679,2.046035417154723,26.65,33.97,1.48
1,224.25925925925927,1.772101829081406,38.39,26.4,1.54
1,267.09722222222223,3.275005195703772,35.1,30.41,1.5
1,231.3055555555556,1.465194877651003,39.66,25.45,1.5
1,253.5308641975309,4.072030382391847,37.28,23.23,1.47
0,231.3055555555556,1.731095298296875,0.32,0.22,0.01
1,245.34722222222223,4.041855971018474,36.63,25.7,1.52
1,237.41666666666663,2.124521285295486,37.75,24.78,1.49
1,240.13888888888889,2.23974567072259,44.47,25.16,1.51
1,255.46875,2.360608686693013,30.03,33.05,1.47
1,240.640625,2.641497545875609,37.19,25.9,1.51
0,266.9166666666667,3.364286517931355,32.18,31.6,1.5
0,239.27777777777777,2.163157449828254,0.0,0.0,0.0
1,238.04166666666663,2.427320635153188,38.8,25.87,1.5
0,252.5,4.287914426790344,0.0,0.0,0.0
1,235.0625,1.904254286549985,39.88,27.3,1.5
1,257.20833333333326,3.663154756029447,30.06,33.22,1.46
1,231.51388888888889,2.108362974392043,39.05,25.84,1.52
1,268.80555555555554,2.796789367993673,28.94,35.49,1.49
1,258.81944444444446,3.499326174457868,40.8,29.43,1.46
0,235.72222222222223,2.786228118671311,42.12,24.92,1.49
1,233.4583333333333,1.810101575321621,39.44,26.88,1.55
1,253.61111111111111,3.847503913773431,37.26,28.19,1.48
0,254.54166666666663,3.835692963666386,37.0,25.02,1.47
1,237.09722222222223,2.44231567862961,40.61,26.23,1.48
1,228.22222222222223,2.208288917938868,37.93,26.65,1.51
0,252.21875,3.766822087578475,38.53,27.93,1.52
1,243.76388888888889,2.681061658594343,35.15,28.91,1.51
0,265.625,3.220353306167655,29.82,29.18,1.48
1,235.765625,1.741314059123397,34.54,28.41,1.49
1,226.9305555555556,2.348578516807821,39.0,25.27,1.53
1,254.984375,3.610809832811356,33.09,29.45,1.48
1,232.5833333333333,2.186041869223118,35.42,29.59,1.51
1,233.4567901234568,2.26027610714053,37.5,25.45,1.52
1,257.390625,1.89298065379262,37.75,26.93,1.5
1,259.296875,1.572379227727652,37.72,28.88,1.51
1,254.19444444444443,1.808476145068804,33.34,30.33,1.48
1,265.40625,2.340687143616378,34.9,32.66,1.5
1,234.13888888888889,1.880852771302064,40.06,25.91,1.49
1,239.6875,2.305491188541055,37.47,25.26,1.5
0,252.51388888888889,4.411623069809543,0.0,0.0,0.0
1,258.859375,4.083816501311958,34.44,27.5,1.47
1,243.79166666666663,2.207896432942814,35.62,31.51,1.51
1,254.171875,3.647858094424009,31.39,26.24,1.45
1,257.8125,3.5280796373263,33.93,26.94,1.46
0,251.0625,4.226647064089775,0.0,0.0,0.0
1,250.06944444444443,3.863063816395071,34.68,30.65,1.47
1,256.20833333333326,3.42804053094652,32.54,30.45,1.46
1,249.9583333333333,2.669181583656205,36.29,29.08,1.48
1,260.44444444444446,3.243131267527739,36.02,29.08,1.47
1,230.875,2.709311912767589,31.01,18.1,1.05
1,243.27777777777777,4.657629572682912,26.65,25.19,1.22
1,222.140625,1.508524786680937,38.99,27.15,1.51
1,242.53125,2.17814829479903,39.99,28.56,1.49
0,268.27777777777777,2.807099161876573,32.21,31.55,1.5
1,230.71875,2.238810319453478,37.74,25.24,1.53
1,237.16049382716048,2.482966073501257,37.69,26.23,1.51
1,229.66666666666663,2.490209740069178,38.19,27.36,1.52
1,225.23611111111111,1.612269102699227,38.55,25.36,1.51
1,256.03125,3.880718436092138,37.23,28.89,1.48
1,250.625,2.025400300820669,36.95,26.57,1.48
1,271.46875,2.418924856930971,32.84,30.47,1.51
1,241.359375,1.862571943551302,37.47,25.79,1.51
1,268.65625,2.136376955546439,31.87,34.96,1.5
1,268.625,2.118747894652188,26.26,35.13,1.48
1,235.66666666666663,2.080326340264744,32.16,21.84,1.23
1,254.52777777777777,2.309942330751154,38.36,31.62,1.49
1,248.640625,3.354023425839841,30.45,30.44,1.47
1,239.90625,4.312605228275061,29.26,15.79,0.95
1,229.8333333333333,1.837809739841355,37.39,26.27,1.52
1,231.91666666666663,1.27124666588174,37.84,26.95,1.52
0,262.546875,7.408387829549612,42.9,28.85,1.49
1,251.015625,1.942511703819036,41.37,27.72,1.53
1,238.390625,1.615296668373048,37.94,26.55,1.55
1,264.625,1.559007332660258,38.5,28.73,1.5
0,244.890625,2.99830545950681,0.0,0.0,0.0
1,248.9305555555556,4.466621899770366,38.32,30.01,1.49
1,232.72222222222223,1.85914675394694,39.78,26.53,1.5
1,244.56944444444443,2.546191721326775,43.82,25.32,1.53
1,246.9305555555556,3.996292716926999,40.03,28.13,1.52
0,248.671875,4.788719126954676,23.81,10.26,0.73
1,227.8055555555556,1.927136989931266,39.91,27.85,1.51
0,227.72222222222223,1.275408127241664,40.33,26.02,1.5
1,234.125,1.798776980075571,42.44,25.16,1.47
0,243.4305555555556,2.620642580091953,35.98,26.89,1.5
1,255.296875,4.256557284854352,35.35,27.35,1.46
1,248.09375,3.882685181684792,35.2,28.4,1.52
1,243.421875,2.18170949164778,39.07,27.99,1.5
1,246.046875,1.344457995146513,35.58,27.89,1.48
1,176.23456790123456,2.077029307042399,38.28,26.98,1.53
1,266.65277777777777,1.889055161012544,32.63,31.74,1.51
0,238.578125,1.963582709431648,38.9,27.11,1.49
1,245.703125,3.867494124919176,37.35,25.67,1.51
1,256.078125,3.823678944259882,37.32,31.4,1.5
1,239.54166666666663,1.949834414654308,38.84,26.48,1.56
1,248.56944444444443,2.951029489437739,39.61,28.75,1.53
0,267.84375,1.71754611004144,8.12,8.88,0.39
1,252.953125,1.215477316640317,36.72,29.05,1.5
1,253.38888888888889,3.805429159767098,36.68,24.66,1.46
0,235.0,1.697849809192121,27.47,16.82,0.98
1,255.125,6.157586582005024,39.96,25.44,1.49
0,251.96875,4.69712438993156,38.23,25.18,1.51
1,228.859375,2.617841972969472,37.71,26.84,1.51
0,270.078125,2.607069820165634,7.24,7.38,0.36
1,249.125,3.037726162208451,36.0,29.04,1.49
1,265.95833333333326,2.388674126731025,31.75,33.96,1.48
1,241.75,3.425597834090392,36.31,31.13,1.5
1,237.4375,2.041837981902063,38.3,27.68,1.49
1,228.5,2.39430979732424,36.87,29.95,1.51
1,231.171875,1.942735331133008,37.6,25.72,1.5
1,255.984375,2.448547550477087,33.65,32.86,1.5
0,258.1111111111111,4.549381006922988,40.0,28.82,1.51
1,254.28125,2.960975749418139,40.17,25.72,1.48
1,251.625,2.453835721127689,37.12,28.13,1.49
0,245.5,1.881223829463124,40.18,27.2,1.49
1,256.59722222222223,4.480795997712347,30.63,32.78,1.46
0,237.52777777777777,5.27264135165347,21.07,13.33,0.76
0,269.40625,1.550017052330077,25.7,34.86,1.49
1,260.7283950617284,3.78027175532447,35.6,29.57,1.47
0,228.3055555555556,2.06618870049715,32.92,24.41,1.36
1,265.5416666666667,6.429549877842268,37.73,25.47,1.47
1,239.8333333333333,2.289820321732097,36.95,25.18,1.51
1,234.51388888888889,1.591979303293758,37.7,26.66,1.55
0,244.7083333333333,2.002680451505714,6.0,4.07,0.25
1,257.296875,2.683905782178044,40.06,28.92,1.52
1,255.9135802469136,4.083125720053543,28.24,32.81,1.45
1,240.0,3.310081909410655,33.26,30.73,1.48
1,252.84722222222223,3.428392536110348,37.11,24.27,1.47
1,233.46875,1.845518482849002,40.2,25.22,1.52
1,232.19444444444443,1.811378339926402,38.74,27.34,1.49
1,241.890625,3.213775861077011,39.87,25.85,1.5
1,255.1875,3.743396895006299,40.67,27.18,1.47
1,264.4375,1.869700657203794,31.74,34.36,1.49
1,254.5432098765432,4.179537543544063,38.52,26.24,1.48
1,263.21875,2.233787846751511,36.21,29.45,1.5
1,234.16666666666663,1.420604091551569,37.44,26.79,1.55
0,255.078125,5.180206505581738,0.0,0.0,0.0
0,265.6666666666667,2.603119616707166,29.08,28.28,1.29
1,228.94444444444443,1.748080579770936,37.38,27.09,1.52
1,251.79166666666663,3.960278816521168,36.34,25.93,1.47
1,235.265625,1.752003218978643,39.92,26.11,1.52
1,266.97222222222223,2.855213358170456,24.0,24.51,1.2
1,233.92592592592592,2.023853253435206,40.25,25.65,1.51
1,245.3333333333333,2.365421499735044,38.89,28.8,1.56
1,266.52777777777777,2.606697500579887,34.22,30.14,1.48
1,242.72222222222223,2.420812587771151,37.11,25.97,1.51
1,262.953125,4.013192668557167,32.19,30.99,1.48
0,250.48611111111111,2.307458054688242,0.0,0.0,0.0
1,233.6875,1.328548597171903,38.28,25.89,1.52
1,256.25,4.595806633432706,37.82,28.33,1.48
1,232.34375,2.061127784661949,35.27,28.82,1.52
1,230.6049382716049,1.933424831908426,37.63,27.1,1.53
1,239.31944444444443,2.535181004140112,39.85,26.4,1.48
1,234.9305555555556,2.000177697175079,38.48,26.46,1.55
1,242.015625,2.463967388495803,39.18,26.07,1.55
1,257.6296296296296,4.057669536567029,32.38,30.86,1.47
1,263.69444444444446,3.572271112766531,35.57,30.88,1.53
0,240.015625,2.660089743323624,41.42,25.14,1.47
1,235.140625,2.322534435428679,40.77,25.57,1.48
1,246.1805555555556,1.547618051369985,44.05,25.87,1.52
1,266.15277777777777,2.517081624931759,35.47,30.8,1.49
1,259.5416666666667,6.147873039046924,36.75,30.55,1.5
0,257.265625,4.072093960829079,0.0,0.0,0.0
0,237.47222222222223,2.324326353768507,38.35,25.99,1.48
1,254.15625,3.541400190442801,39.45,28.39,1.48
1,249.75,4.581572314724326,37.81,25.44,1.52
1,231.85185185185185,1.525820421583858,37.51,27.9,1.53
1,256.765625,1.88158081844449,41.48,27.29,1.53
1,255.90277777777777,4.314328484237194,30.0,33.31,1.46
1,250.4583333333333,3.55570159935289,40.31,28.74,1.52
1,231.75,1.276734921667311,39.56,25.42,1.51
1,251.3125,1.852332320995629,39.08,25.98,1.49
1,238.54166666666663,1.823370228211085,38.24,26.0,1.54
0,235.140625,1.607804678380489,42.55,25.06,1.5
1,229.16049382716048,2.097549932974356,37.34,26.59,1.51
0,230.25,2.406031225807965,32.03,20.47,1.11
1,233.94444444444443,1.744657321936554,45.76,25.78,1.5
1,229.66666666666663,1.868721106814013,37.63,27.23,1.54
1,229.26388888888889,1.775213739110364,36.65,27.52,1.52
1,259.046875,3.002432492561638,39.83,28.95,1.51
1,253.9583333333333,4.304822910163137,35.29,26.69,1.47
0,273.02777777777777,6.426786051856148,35.74,29.96,1.49
1,239.578125,2.505320658907294,38.11,28.75,1.5
1,243.0833333333333,2.201722923252317,37.54,27.14,1.51
1,265.13888888888886,3.404186372127798,38.63,29.18,1.5
1,253.84722222222223,3.648930894003974,34.64,28.67,1.47
1,239.96875,2.695044665597379,36.44,25.13,1.49
1,250.5625,2.717280247248709,38.86,27.66,1.48
1,253.71875,4.553536000661552,37.19,25.55,1.49
1,229.52777777777777,2.269081949359841,38.65,26.84,1.54
1,257.8125,1.669136420823634,38.28,28.07,1.49
1,228.86111111111111,1.646477243138684,40.26,25.14,1.51
1,253.3333333333333,3.527966505951352,36.35,24.7,1.48
0,240.31944444444443,2.65287574297852,36.83,26.5,1.52
1,242.26388888888889,1.496553027795421,37.32,28.56,1.49
1,253.84722222222223,1.559887535042233,31.88,30.83,1.46
1,231.1805555555556,1.938899151153035,40.03,26.49,1.52
1,241.1805555555556,2.146518394351006,36.16,26.01,1.51
1,266.5,1.623084597289562,29.34,34.0,1.51
1,267.875,2.101575247115559,30.67,31.15,1.5
0,239.51388888888889,4.493135349618064,53.34,21.66,1.51
0,260.7654320987654,3.247988104820251,35.59,29.88,1.53
1,270.13888888888886,2.281564429402351,33.98,29.62,1.51
1,233.40277777777777,1.710648400915994,39.15,25.66,1.55
1,267.703125,3.210405128076673,32.72,28.67,1.42
1,260.33333333333326,4.356471618016561,36.68,31.38,1.5
1,262.390625,4.693627772852778,38.97,27.73,1.5
1,240.703125,2.634950122795999,36.85,25.59,1.51
1,236.15277777777777,1.849817185766167,38.62,28.56,1.5
1,236.47222222222223,2.540247508221202,35.17,29.17,1.5
1,239.75,1.517925700172782,38.14,26.17,1.55
1,236.4305555555556,1.875980601542526,36.18,27.27,1.51
1,242.02777777777777,2.590087121559514,36.84,27.83,1.5
1,247.265625,3.681591609492898,34.21,30.59,1.5
1,268.9375,2.564359782263637,33.36,32.66,1.49
1,247.63888888888889,2.00155405782991,40.7,24.51,1.51
1,224.859375,1.905686938203871,37.85,25.19,1.52
1,260.44444444444446,3.604802586414196,37.93,29.39,1.49
1,242.44444444444443,3.31633169700702,39.52,26.88,1.47
1,233.671875,1.692142996937037,38.75,27.36,1.51
0,256.8125,3.617340425029397,37.15,32.01,1.49
1,255.96296296296296,3.245821099222442,30.11,30.75,1.45
0,257.28125,3.480436488986015,0.0,0.0,0.0
1,238.84722222222223,2.133417449891567,39.29,26.65,1.5
1,258.734375,4.215360961854458,40.29,26.64,1.51
1,260.125,2.620760305784643,39.23,29.13,1.51
1,253.40277777777777,3.058476882676283,31.9,26.7,1.45
1,264.44444444444446,2.40983290878343,32.86,29.74,1.48
1,236.59375,1.959125529974699,34.42,26.15,1.49
1,261.203125,2.910161778330803,37.32,31.73,1.49
1,253.15625,4.316298960708082,22.36,21.24,1.01
0,230.34375,2.222945180721581,31.74,20.35,1.11
1,250.29166666666663,3.909390041397677,37.47,27.69,1.49
1,234.97222222222223,1.669456932279799,36.72,28.2,1.52
1,230.5,1.839218601584435,37.91,28.58,1.51
1,229.015625,2.719805860891938,36.84,27.36,1.53
1,251.08641975308643,2.934216436044669,38.2,28.35,1.47
0,254.3055555555556,2.888457213011053,38.24,27.84,1.41
1,257.45833333333326,2.301116031077173,38.64,29.79,1.5
1,243.203125,4.794611349701882,33.98,29.66,1.51
1,259.328125,1.846414368599653,36.64,29.21,1.5
1,256.75,2.587880294356081,41.23,28.01,1.52
1,238.11111111111111,1.556125013364686,40.66,26.48,1.55
1,255.03125,2.390536040998995,38.15,27.94,1.5
1,254.29166666666663,5.608424140347376,36.08,29.4,1.48
1,229.140625,2.007224234752357,38.96,25.12,1.52
1,230.3125,1.371773889288306,36.04,25.8,1.51
1,258.2916666666667,2.646848102410635,39.9,28.72,1.47
1,239.921875,2.306662643328309,38.91,27.22,1.5
1,234.734375,2.432877293787897,40.08,23.53,1.48
0,262.95833333333326,2.44376713451412,30.82,32.57,1.49
0,253.484375,5.109798323363066,37.66,28.45,1.52
1,254.51851851851848,5.523132466239694,29.92,32.64,1.46
1,255.375,2.899701962247491,33.14,27.45,1.47
1,230.65277777777777,2.323759060766962,37.13,26.81,1.53
1,231.75,2.562554098665714,37.27,24.96,1.52
1,225.47222222222223,1.777595799002383,37.27,25.34,1.51
1,260.56944444444446,4.295350642667877,36.41,29.44,1.4
1,266.34375,2.302232190966606,34.96,31.41,1.5
1,233.76543209876544,1.815644629943518,39.47,26.27,1.5
1,234.96875,1.765700072981417,38.53,26.06,1.5
1,241.5625,1.968067567795515,36.74,27.92,1.54
1,237.15625,2.046768676489592,35.7,29.84,1.51
1,235.13888888888889,2.585868692232503,37.04,27.55,1.52
1,231.1805555555556,2.095767089890109,38.43,27.22,1.54
0,250.0,3.320278277620673,39.22,28.06,1.54
1,250.07407407407408,2.299888198022489,36.2,26.93,1.48
0,254.8333333333333,3.767218252850904,9.68,6.41,0.36
1,240.421875,1.627946818247437,27.9,19.64,1.12
1,243.765625,2.038200821727514,36.77,31.38,1.5
1,247.90625,1.784064452163875,39.6,27.44,1.5
1,241.26388888888889,2.141619243555599,39.4,25.62,1.54
1,243.84375,2.175748215988278,37.64,26.1,1.44
0,268.515625,2.502430663444102,33.56,29.35,1.5
0,247.11111111111111,2.371091628240214,36.09,27.1,1.5
1,238.19753086419752,1.900801760179025,38.25,26.68,1.51
1,233.375,2.033278949558735,39.57,25.96,1.49
1,239.9305555555556,2.099602474934525,37.88,27.7,1.48
1,233.11111111111111,1.436888448066182,36.99,26.91,1.53
0,238.0,2.782330250574483,33.76,30.91,1.47
1,254.358024691358,3.157564133773615,37.32,27.22,1.49
1,184.4197530864197,1.391134006472734,37.2,25.83,1.52
1,262.52777777777777,3.175888335539235,33.3,29.8,1.5
1,263.56944444444446,6.383586727910572,30.89,31.49,1.51
1,227.6049382716049,2.446301054071497,36.27,27.67,1.5
1,252.0833333333333,2.295856249001291,38.54,27.01,1.49
1,242.703125,3.243159620091319,33.24,30.75,1.52
1,261.5416666666667,3.041275593141715,29.38,32.01,1.46
1,252.046875,3.181265044026077,37.18,29.25,1.48
1,255.796875,2.086896522901952,39.52,28.66,1.51
1,252.828125,2.176869875751436,36.82,27.49,1.47
1,244.9305555555556,2.600901509324709,38.57,28.89,1.56
0,252.46875,8.19067557156086,5.52,1.66,0.15
1,254.1805555555556,2.307875357568264,33.48,33.25,1.51
1,243.8125,4.57167104445398,34.97,30.35,1.52
1,243.96875,2.051668208092451,39.1,24.5,1.53
1,255.69444444444443,3.243515455060535,35.88,25.83,1.47
0,252.03125,3.724586713127792,15.65,10.01,0.59
0,237.5555555555556,1.869393610659941,39.17,24.83,1.39
1,221.703125,2.144006392918527,38.17,23.49,1.5
1,234.1805555555556,2.4603101760149,40.28,26.31,1.5
1,229.609375,2.433607945218682,38.52,26.5,1.53
1,163.04166666666663,3.920651477736396,30.41,28.44,1.46
1,251.546875,3.085120838135481,38.41,27.53,1.48
1,252.94444444444443,3.379635656045543,37.91,28.61,1.49
0,264.640625,2.483546568080783,15.71,12.05,0.62
0,239.4583333333333,3.023717219630877,0.0,0.0,0.0
0,256.68055555555554,2.756308446327845,37.41,28.84,1.48
1,251.203125,2.556711048819125,36.1,27.62,1.49
1,260.04938271604937,3.844123088283304,35.67,28.21,1.47
1,251.93827160493828,2.904286001935417,32.97,29.56,1.46
1,233.9305555555556,1.96123638169633,39.16,28.88,1.49
1,223.90625,1.350917486473918,38.71,26.52,1.52
1,254.109375,4.232686467468741,36.59,23.76,1.48
1,236.203125,2.322063648141921,40.19,26.74,1.51
1,235.8055555555556,1.872573818597529,37.07,26.5,1.51
1,268.01388888888886,1.978926704161697,34.17,32.62,1.49
1,229.328125,2.094206506386399,39.47,25.19,1.52
1,256.51851851851853,3.368068492706911,38.09,29.0,1.46
1,226.08641975308643,1.895482192068924,38.21,25.79,1.49
1,260.234375,2.143207008950412,40.82,28.35,1.53
1,235.86111111111111,2.453689632316431,36.89,27.18,1.5
1,245.140625,1.697562508285046,42.15,25.43,1.52
1,243.8125,2.036211779341102,36.98,26.89,1.5
1,236.29166666666663,2.557743765413761,37.21,25.96,1.51
1,258.38888888888886,5.273210914598572,36.05,27.62,1.46
1,234.15625,1.758974615484476,38.82,25.64,1.55
1,243.88888888888889,2.711387841237916,36.21,29.6,1.49
1,234.375,2.138325365260243,38.08,26.85,1.47
1,248.1875,3.373588929884136,15.96,11.64,0.65
1,226.0987654320988,1.737254832997734,38.43,28.28,1.52
1,260.78125,3.335620701313019,34.49,27.71,1.46
1,229.11111111111111,1.342844289210108,37.95,27.38,1.51
1,249.6296296296296,2.580430621718183,38.51,27.22,1.48
0,249.5,2.09106410946697,40.01,25.89,1.47
1,233.70370370370367,1.520876878573571,37.83,25.44,1.5
1,258.296875,2.69955100864172,38.71,28.69,1.49
1,226.6049382716049,1.4900388577838,38.78,27.6,1.49
0,234.77777777777777,1.888712073365847,37.58,26.58,1.54
1,239.671875,1.73827613517642,35.23,26.27,1.42
0,261.31944444444446,2.187256313032574,39.89,27.64,1.48
1,252.36111111111111,4.443080708384514,35.47,25.34,1.45
1,261.9375,2.007023671641946,33.5,30.36,1.49
1,245.7283950617284,2.651821867919263,38.73,29.12,1.44
1,241.88888888888889,2.20931520478593,20.88,16.79,0.85
1,264.875,1.513691857457161,34.16,30.29,1.5
1,236.15277777777777,2.085863462752766,38.22,26.51,1.49
1,254.72222222222223,2.966627054744297,35.12,26.79,1.48
1,242.44444444444443,3.39073534309864,35.67,31.96,1.48
1,254.75,3.191428002901375,33.66,26.88,1.46
1,239.79166666666663,1.793513065410985,33.74,30.57,1.49
1,231.921875,1.916724831797183,11.95,8.13,0.46
1,230.48148148148147,2.258128845397337,37.29,27.06,1.53
1,256.97222222222223,4.875567571156556,37.52,32.16,1.5
1,266.34722222222223,2.482311728927824,31.19,30.94,1.51
1,189.59259259259252,1.651750000317892,41.39,25.72,1.53
1,230.875,1.814201169647276,37.77,24.81,1.53
1,258.58333333333326,3.402918353676796,37.42,33.13,1.49
1,227.69444444444443,1.998978194263246,38.34,26.42,1.5
1,240.484375,2.605508153326809,38.94,26.83,1.5
1,262.9861111111111,1.691488089660804,34.96,31.09,1.48
1,253.171875,5.357808077707888,37.2,23.6,1.47
0,249.1875,2.794727409258485,21.34,16.79,0.86
1,231.375,1.933497477322817,36.44,28.09,1.49
1,224.13888888888889,1.9608029714889,38.45,28.02,1.52
1,230.09375,2.188193599693477,38.61,25.32,1.53
0,245.16666666666663,3.101876012980938,0.0,0.0,0.0
1,266.85185185185185,1.678581630742108,32.38,30.16,1.5
1,265.609375,2.450449557974935,35.0,29.96,1.49
1,232.578125,2.073745362460613,37.82,27.89,1.51
1,262.30555555555554,7.34724505742391,42.26,28.08,1.48
1,229.69444444444443,1.685862731602457,38.41,27.12,1.51
1,262.4166666666667,4.021180843313535,35.81,30.04,1.54
1,240.828125,1.800301472656429,36.62,28.51,1.48
1,242.06944444444443,2.914659012522963,36.11,27.45,1.51
1,241.19444444444443,2.634427113665475,36.68,30.18,1.49
1,257.20833333333326,3.515823312931591,32.85,31.22,1.45
0,249.109375,3.070488765835762,0.0,0.0,0.0
1,231.09722222222223,2.534292727708817,37.24,27.52,1.53
0,264.2361111111111,2.929272353649139,8.12,9.07,0.41
0,255.22222222222223,4.280544055832757,31.41,25.0,1.18
1,236.8125,2.224945017136633,33.82,29.48,1.5
1,262.828125,2.815778372809291,35.83,32.21,1.49
1,230.4305555555556,1.583341163065698,38.74,25.67,1.53
0,250.31944444444443,2.445747797687849,0.0,0.0,0.0
1,228.41666666666663,2.221220496628019,40.26,27.32,1.53
1,227.875,1.685484343208373,37.95,26.84,1.52
1,244.265625,3.716471447609365,39.43,26.78,1.56
0,265.27777777777777,3.451803454922305,37.8,29.1,1.46
0,239.16666666666663,2.719962365925312,40.97,25.62,1.5
1,227.59722222222223,1.610238475104173,39.28,26.81,1.51
0,237.59375,2.851069661788642,1.24,1.01,0.05
0,237.890625,1.549880282022059,0.0,0.0,0.0
1,256.72222222222223,3.257848686642117,32.38,29.02,1.46
0,255.28125,6.600639966316522,7.66,4.3,0.27
1,238.0617283950617,1.683752337355673,38.24,25.51,1.54
1,243.77777777777777,2.506839067571693,31.78,32.0,1.51
0,252.6875,4.072622631676495,0.0,0.0,0.0
1,230.59375,1.818181614391506,37.63,26.95,1.53
0,232.84375,1.694346072152257,0.0,0.0,0.0
0,252.046875,2.814935131929815,36.42,25.89,1.48
1,227.13888888888889,2.542977119485537,39.27,26.5,1.53
1,251.8333333333333,4.525760429600876,37.31,23.34,1.47
1,248.47222222222223,4.131803401642376,33.69,29.31,1.49
1,267.1666666666667,2.533104538917542,33.15,29.64,1.49
1,232.52777777777777,2.111179034743044,38.0,27.41,1.51
1,232.11111111111111,1.779615984194808,36.67,28.04,1.52
1,239.9305555555556,2.710436685217751,38.76,28.63,1.51
1,257.4375,2.522033723071218,39.72,28.91,1.49
1,261.65277777777777,1.936846878793504,35.01,29.01,1.49
1,232.96296296296296,3.042187562695256,39.0,27.64,1.48
1,229.9583333333333,2.391894545820024,39.11,27.07,1.54
0,232.31944444444443,2.013552208741506,42.14,25.48,1.51
1,243.28395061728395,2.195621204229049,38.37,25.2,1.57
1,266.037037037037,2.158631122406618,36.62,31.62,1.51
1,227.86111111111111,1.919631528357665,38.02,25.97,1.49
0,263.390625,4.7691014893353,36.04,29.23,1.46
1,253.38888888888889,2.311460098458661,35.01,27.7,1.47
1,254.78125,3.728401053696871,28.61,31.45,1.44
0,243.765625,1.898337411694229,28.33,20.24,1.19
1,232.90625,2.307322790846229,37.16,27.11,1.5
1,256.578125,4.43367980979383,35.19,28.58,1.46
0,237.93827160493828,2.618711567219393,35.43,30.24,1.5
1,245.4567901234568,4.949324582829888,38.97,29.93,1.54
1,238.0617283950617,1.559909620402772,37.53,30.26,1.5
1,226.71875,1.729817311279476,40.24,25.14,1.53
1,247.0,3.353385775350034,39.63,27.45,1.53
1,251.7083333333333,2.118358665042453,31.83,30.23,1.47
1,251.265625,2.780033600516617,37.56,26.92,1.48
1,251.75,5.035310715436936,39.1,27.76,1.48
1,235.5555555555556,2.025109564264616,37.13,26.62,1.52
1,261.125,3.199014615681437,36.64,26.86,1.48
1,247.72222222222223,2.750014654464192,34.69,28.02,1.49
1,254.51388888888889,3.232843182153172,38.05,23.86,1.5
1,229.890625,2.42676848731935,38.07,27.29,1.52
1,269.1111111111111,2.527703855600622,31.54,30.0,1.48
1,235.359375,1.787876491434872,47.28,22.92,1.51
0,237.73611111111111,2.852776221930981,10.4,5.64,0.35
1,261.7361111111111,4.355774624480142,38.17,27.19,1.5
0,251.953125,4.258451607078314,0.0,0.0,0.0
1,261.4691358024691,3.537896187953007,37.75,25.73,1.46
1,266.328125,1.559494254179299,33.2,31.69,1.49
1,232.59259259259252,2.170048400943662,39.56,24.83,1.52
1,263.75,5.823398978449404,31.8,30.81,1.5
1,239.828125,4.438037228770554,37.49,27.1,1.5
1,257.77777777777777,3.336305020584001,29.19,29.81,1.45
1,250.44444444444443,2.249761167499754,35.12,27.46,1.49
1,254.609375,1.796995603479445,33.92,30.49,1.48
1,234.0,1.679733466219019,39.45,28.11,1.49
1,253.15277777777777,1.952212074564563,33.88,29.31,1.47
1,257.30864197530866,4.313598813834014,28.99,29.77,1.45
0,253.359375,8.43417364358902,0.0,0.0,0.0
0,235.59722222222223,1.712680011987686,39.25,25.31,1.5
1,232.875,2.239017739892006,40.09,26.72,1.5
1,246.47222222222223,3.735008330808745,38.64,28.79,1.5
0,253.09722222222223,4.285722863343027,31.94,19.33,1.19
1,231.109375,1.969227694906294,38.14,27.12,1.53
1,267.44444444444446,2.203084660900964,34.31,30.7,1.51
1,263.546875,2.599541547708213,37.14,28.75,1.5
1,255.984375,4.341698341071606,30.38,31.72,1.47
1,256.95833333333326,2.238058959444364,40.37,28.2,1.52
1,262.31944444444446,3.810089714825153,33.28,27.37,1.46
1,232.4375,1.881974057294428,39.87,26.59,1.5
1,240.41666666666663,3.272250861757331,35.71,29.03,1.53
0,268.453125,1.552785556763411,35.15,30.27,1.5
0,232.3827160493827,1.67976936146065,10.87,7.01,0.43
1,249.40277777777777,3.574776438375314,40.02,25.43,1.51
0,233.796875,2.211447752080858,40.15,27.05,1.53
1,248.984375,4.661375045776368,36.21,26.2,1.48
1,234.984375,1.97232985123992,38.5,26.27,1.51
0,264.26388888888886,3.497464295890596,0.0,0.0,0.0
1,233.29166666666663,2.381484582192368,41.11,25.26,1.52
1,232.94444444444443,2.281806923449039,35.78,28.3,1.51
1,258.171875,3.280241866596043,39.69,29.63,1.53
1,252.77777777777777,3.319747762547599,39.45,25.2,1.48
1,230.66666666666663,2.01571007569631,39.18,26.56,1.51
1,243.546875,3.025437768548727,35.69,29.52,1.53
1,237.8271604938272,2.632242882693256,37.24,28.43,1.5
1,252.9583333333333,2.14884400781658,37.68,26.38,1.48
0,243.3125,1.51465321611613,0.0,0.0,0.0
1,235.8333333333333,1.983938103748693,25.54,12.31,0.84
1,242.59259259259252,2.277264024740384,40.54,26.12,1.53
1,235.9135802469136,2.162072880032622,37.65,26.19,1.53
0,250.1875,2.750372771173716,0.0,0.0,0.0
1,240.19444444444443,2.603280533519056,32.29,30.06,1.41
1,257.734375,2.618274997919798,34.39,29.82,1.48
0,248.890625,2.399260019883513,23.19,18.9,1.0
1,229.32098765432096,1.907473036536464,36.86,26.57,1.5
1,232.73611111111111,1.929852538638645,39.49,25.73,1.54
0,263.34375,7.753229636698962,41.24,24.87,1.5
1,242.75,2.237674564123154,36.42,30.15,1.51
1,237.1805555555556,2.753881522350841,39.26,26.7,1.49
1,229.515625,2.172520911321044,39.03,27.75,1.52
1,231.203125,1.395051576197147,38.47,26.55,1.53
0,253.679012345679,2.308384046878344,0.0,0.0,0.0
1,254.625,1.594828059896827,34.07,29.85,1.48
0,250.47222222222223,2.084300719201565,34.99,25.91,1.36
1,243.8395061728395,2.265015243012228,36.95,26.65,1.51
1,235.890625,2.339197291061282,38.54,27.11,1.49
0,256.01388888888886,3.711526439421707,39.41,25.04,1.53
1,235.641975308642,1.999935114825213,37.0,27.73,1.5
0,243.02777777777777,4.621603580812614,38.11,27.52,1.47
1,245.6049382716049,1.863639544557642,37.7,29.46,1.52
1,237.46875,2.170044913887978,34.07,29.64,1.47
1,230.52777777777777,2.188733148078124,38.35,27.39,1.53
1,255.3055555555556,2.053154506617122,41.89,27.25,1.52
1,234.0625,2.191871737129986,39.09,25.69,1.52
1,238.06944444444443,3.018669257561366,39.02,27.27,1.51
1,241.140625,2.038912696763873,37.18,27.13,1.52
1,253.76388888888889,4.045529791050487,34.01,27.24,1.46
1,252.4567901234568,2.595608525070143,35.14,28.7,1.47
1,263.30555555555554,2.101415125032266,34.09,30.43,1.51
1,233.26388888888889,1.703388397892316,40.33,24.97,1.52
0,262.90277777777777,2.549875469671355,35.2,29.06,1.49
1,231.375,2.305390519089997,36.33,28.57,1.52
0,238.21875,2.919052862562239,33.44,20.73,1.13
1,232.546875,2.251378915272653,35.43,28.52,1.51
1,252.234375,1.262538829818368,35.83,26.5,1.5
1,234.54166666666663,1.400550842285156,37.8,26.55,1.51
1,237.5555555555556,2.02376381556193,38.05,26.03,1.5
1,266.171875,3.368499371223152,33.51,31.22,1.5
1,255.79166666666663,2.688057752947012,34.47,27.34,1.47
1,230.46875,1.601916787214577,37.49,26.76,1.53
1,233.19444444444443,2.044278082748254,36.64,26.43,1.49
0,268.0625,2.839062446728349,0.0,0.0,0.0
1,225.3333333333333,1.946285263531738,39.59,26.96,1.54
1,244.3333333333333,2.012441977858543,38.66,27.96,1.51
1,249.81944444444443,4.207739707496432,34.86,25.91,1.46
1,268.30555555555554,1.888467157880465,37.91,29.81,1.52
1,236.328125,3.082257971167564,37.84,27.55,1.49
1,260.65625,3.26973779592663,33.26,28.06,1.45
1,234.21875,2.068283790722489,41.25,25.57,1.51
0,266.6875,1.790579662658274,21.81,20.27,0.99
1,234.703125,2.580065644346178,41.3,24.53,1.51
1,251.5555555555556,2.405741083125273,36.27,27.38,1.5
1,252.39506172839504,2.215980939659072,39.02,28.27,1.49
1,252.375,1.866486540995538,38.15,27.44,1.5
0,254.40625,3.55654039233923,0.02,0.01,0.0
1,253.234375,3.742275993339717,32.0,29.63,1.46
1,254.3333333333333,2.679209147890409,37.77,26.81,1.49
1,244.25,4.140868086367848,38.41,26.24,1.49
1,251.23456790123453,3.032715408890336,36.73,28.73,1.49
1,247.4583333333333,1.787264989482032,35.9,25.61,1.51
1,230.87654320987653,1.982715249797444,38.0,26.92,1.5
1,254.07407407407408,2.974148483923924,35.73,31.02,1.47
1,235.125,1.847220185212791,36.96,27.44,1.54
1,233.47222222222223,2.065731385515796,38.23,26.41,1.56
0,264.037037037037,1.761558309013461,11.87,9.78,0.5
1,248.73611111111111,2.712242106596629,33.79,31.18,1.49
1,252.5,3.859872860834002,36.85,25.18,1.48
1,231.9583333333333,1.583421775036388,39.31,27.43,1.53
0,227.421875,1.629264174960554,39.88,27.0,1.5
0,262.0740740740741,2.252247881742171,0.0,0.0,0.0
1,236.5833333333333,2.30222121377786,39.37,26.75,1.5
0,246.59722222222223,2.510859162443214,40.93,28.51,1.49
1,228.02777777777777,2.028236543966664,36.55,26.85,1.51
0,239.0987654320988,1.986513452029522,38.08,25.99,1.5
0,257.4861111111111,3.612787462770939,38.81,29.0,1.48
1,262.05555555555554,3.61046737846401,35.3,29.54,1.5
1,232.51388888888889,2.006452963583999,37.49,25.11,1.51
0,268.984375,2.79484761506319,35.36,29.7,1.48
1,236.25,2.17929785232991,36.96,27.89,1.5
1,260.03125,3.848867671564221,40.09,30.19,1.48
1,228.46875,1.762425718829036,39.02,27.17,1.49
0,235.5,1.206150391863452,37.85,26.73,1.48
0,238.34567901234567,2.66002298431632,0.0,0.0,0.0
1,242.01388888888889,3.169341684215599,36.52,27.91,1.52
1,239.22222222222223,1.92632215966781,34.26,27.51,1.49
1,237.02777777777777,1.882229146030214,38.89,25.6,1.52
1,233.73611111111111,2.590368257628547,44.26,24.75,1.5
1,227.52777777777777,2.318322141137388,39.72,27.34,1.54
0,248.40625,2.496876603923738,35.72,16.05,1.12
1,238.796875,2.446410891599953,32.39,20.31,1.14
1,259.875,2.530188975855708,42.54,27.54,1.48
1,256.1666666666667,2.910919571916262,34.2,27.26,1.48
1,242.515625,1.658546429127455,37.1,26.25,1.5
1,235.02777777777777,2.300308658844895,35.55,27.68,1.5
1,256.78125,6.010100826621056,40.12,27.02,1.47
1,240.9305555555556,2.647771210306221,36.25,26.82,1.5
1,231.125,1.745004907250404,37.67,25.88,1.51
1,242.40277777777777,2.548158233364423,37.21,29.75,1.5
0,236.5,2.352007203631931,38.34,26.82,1.49
1,268.84375,1.839068913832307,35.23,29.74,1.51
1,249.765625,3.311521859839559,36.78,27.54,1.47
1,231.1851851851852,2.607752977330008,36.71,25.7,1.51
1,228.27777777777777,2.104827048877875,40.35,26.14,1.52
0,255.1805555555556,5.39280962695678,39.1,30.88,1.49
1,264.38271604938274,1.832789296721235,38.68,29.88,1.5
1,235.953125,1.70583338290453,37.23,21.91,1.32
1,258.6111111111111,4.140809543430805,32.31,28.0,1.44
1,229.8125,2.02863212954253,37.59,28.23,1.51
0,254.91666666666663,3.808116042779552,0.0,0.0,0.0
1,253.9583333333333,3.044207605222861,33.41,29.45,1.46
1,266.7361111111111,1.581300016906526,36.12,30.87,1.51
1,247.71875,2.055611548945308,36.64,30.11,1.49
1,259.55555555555554,3.47416774266296,34.02,28.83,1.47
1,263.265625,3.527183329686522,29.12,31.12,1.46
1,254.6875,1.836124897003174,34.58,28.14,1.5
0,253.328125,2.959010045044124,40.83,25.52,1.52
1,263.90625,2.675454975105822,33.64,31.68,1.54
1,240.390625,2.699542756192386,36.09,27.32,1.51
0,261.265625,4.542862660251558,40.87,29.34,1.5
1,242.63888888888889,1.692772390113936,38.02,26.9,1.5
0,230.703125,1.858737649396062,21.23,13.24,0.81
1,229.703125,1.947676964104176,40.83,27.02,1.52
1,262.25925925925924,4.017298720501087,40.69,27.3,1.48
0,253.38888888888889,2.238125113149484,0.0,0.0,0.0
1,265.90625,2.939615211449564,32.24,32.06,1.49
1,235.234375,1.729869148693979,39.28,25.33,1.48
0,266.15625,2.445279978215694,32.41,21.09,1.19
1,242.140625,2.087558393366635,38.12,26.24,1.53
1,230.859375,1.642004470340908,36.9,27.1,1.52
1,243.0,2.082438259385526,35.43,29.85,1.51
1,248.34567901234567,2.188175626742987,39.1,27.3,1.51
1,244.2716049382716,3.967034016862327,35.78,28.92,1.5
0,251.875,3.008087773289946,0.0,0.0,0.0
1,251.5308641975309,4.68941244961303,37.44,23.15,1.47
1,246.72222222222223,2.212036906017198,37.9,27.95,1.5
1,262.56944444444446,4.121007430056731,35.12,29.12,1.51
1,223.75,2.148900524609619,38.06,25.02,1.51
1,229.59722222222223,2.357013064954016,36.18,28.75,1.51
0,239.47222222222223,2.821595028870636,0.0,0.0,0.0
1,250.296875,3.351900174282491,38.85,28.11,1.48
0,231.734375,1.581169829703867,39.34,26.08,1.51
1,237.9305555555556,2.999999923010667,38.45,23.85,1.5
1,252.5555555555556,3.447998019556204,32.91,30.74,1.51
1,257.9166666666667,2.722472723159525,38.48,27.6,1.48
0,257.359375,7.348725182935596,39.04,27.67,1.53
0,257.78125,2.749660979956388,40.23,29.38,1.54
1,244.609375,2.397541427053511,38.1,29.46,1.53
1,266.47222222222223,1.919935504595439,33.31,29.24,1.5
1,195.828125,1.357871008162596,40.32,26.07,1.52
1,241.046875,3.188279835507274,29.39,15.83,0.95
0,260.75,3.109127764072683,37.34,28.76,1.47
1,242.8333333333333,2.422074747582277,42.22,26.06,1.53
1,251.0,2.997166190296412,36.19,28.08,1.46
1,241.19444444444443,1.801942662232452,38.97,26.33,1.53
1,266.95833333333326,1.897393735746543,34.75,29.63,1.49
1,252.125,1.597195095382631,36.36,31.67,1.5
1,251.31944444444443,3.944858092400763,37.95,26.09,1.48
0,265.875,4.716168578714132,36.82,28.72,1.46
1,229.875,1.634117616340518,36.49,28.32,1.5
0,265.90625,1.711355510167778,36.61,30.24,1.48
1,237.1875,3.080682501196861,37.01,27.01,1.52
1,242.734375,2.887080678716302,38.43,29.99,1.5
1,263.5416666666667,4.046074112256368,38.8,25.03,1.46
1,256.48148148148147,7.060493638486038,37.56,32.32,1.5
0,254.0625,3.488377257250249,0.0,0.0,0.0
1,257.80555555555554,3.520075232618385,40.78,27.98,1.51
0,242.859375,1.62386807333678,13.24,11.66,0.55
1,260.375,3.337797239422798,30.03,31.76,1.45
0,251.11111111111111,3.860676028662258,0.0,0.0,0.0
1,238.86111111111111,2.560199591020743,39.33,27.51,1.52
0,236.0987654320988,2.348801381058163,40.05,25.99,1.51
0,269.83333333333326,2.340087859166993,33.48,31.2,1.51
1,235.24691358024688,2.552180978986952,37.1,26.68,1.51
1,269.34375,1.732296075671911,32.98,30.05,1.49
1,258.03125,4.946959896013142,33.82,29.22,1.46
1,235.6543209876544,1.710897989479112,40.75,27.01,1.51
1,263.890625,2.002055235207081,34.7,30.89,1.48
1,269.6875,2.6338358996436,33.85,29.87,1.51
0,250.96875,2.244202746078372,0.0,0.0,0.0
1,255.09375,2.216990952380002,35.73,29.69,1.48
0,241.078125,2.137837608344853,39.23,27.7,1.49
1,193.40277777777777,5.694445841452656,40.88,26.47,1.42
1,238.125,2.471261029131711,34.01,30.08,1.49
1,257.46875,4.568664088845254,34.46,27.0,1.47
1,255.4305555555556,1.570616655051708,39.25,28.6,1.51
0,236.11111111111111,2.257741018301911,8.51,5.26,0.31
1,231.953125,1.077111003920436,35.66,28.48,1.51
1,228.109375,2.0179782230407,38.18,27.51,1.52
1,232.73611111111111,1.530829464395841,37.73,26.03,1.53
1,230.0555555555556,2.023142805529965,35.26,21.81,1.19
1,245.875,1.496815365739167,36.97,26.84,1.5
1,269.05555555555554,2.022261490424474,32.45,34.05,1.5
1,243.58024691358025,1.759859993134016,35.38,29.27,1.51
1,261.84375,3.659440982155502,28.68,33.0,1.5
0,253.5625,3.125853585079312,39.53,29.67,1.49
1,253.5833333333333,3.34063893225458,36.99,25.56,1.47
1,262.4166666666667,2.115159074465434,29.56,32.08,1.51
1,262.22222222222223,6.191002751574104,32.29,28.56,1.47
1,248.6875,2.358343549072742,39.59,26.34,1.5
1,244.3333333333333,2.088795950015386,40.47,26.62,1.5
0,239.65625,4.417103227227927,0.56,0.23,0.02
1,248.046875,2.317485843785107,41.34,25.93,1.5
0,237.51851851851848,1.571651739838683,0.0,0.0,0.0
1,238.5,1.602315952070057,39.13,25.51,1.51
1,227.625,2.131397681103812,39.35,27.03,1.5
1,246.3125,1.955619054846466,35.45,30.97,1.51
1,222.0555555555556,2.754844416346815,37.63,24.35,1.45
0,249.296875,1.704287581145763,24.6,9.55,0.68
1,246.0,3.283746005760299,32.34,31.74,1.49
1,230.4691358024692,1.670605176024967,34.31,28.48,1.49
1,268.796875,2.591336855664849,34.25,31.03,1.5
1,240.046875,3.139413924887776,35.81,29.52,1.5
0,263.58333333333326,2.731042695542177,31.95,32.17,1.5
1,231.79166666666663,2.161140529645814,38.39,25.21,1.52
1,114.40625,1.314392497142156,37.11,26.1,1.53
0,251.796875,3.134265465661883,39.19,30.35,1.49
0,269.05555555555554,3.131193377905422,0.0,0.0,0.0
0,237.703125,1.686830719932914,37.02,24.27,1.42
1,230.0,2.340197815663285,39.26,24.82,1.53
0,240.03125,4.693011504597962,18.15,11.89,0.68
0,236.97222222222223,2.400263521406385,36.42,26.0,1.46
1,244.421875,3.851869245991111,35.91,28.14,1.5
1,249.5,3.428585362931093,35.91,28.74,1.5
1,267.69444444444446,2.546870457629363,33.63,29.45,1.51
1,237.48611111111111,1.57505503627989,40.11,26.29,1.52
1,242.96875,3.823879182338715,34.39,27.71,1.47
1,246.5833333333333,3.989911253253619,33.27,29.57,1.51
1,256.2716049382716,2.417520512033392,37.39,27.94,1.48
1,242.66666666666663,3.78048619793521,35.46,29.98,1.5
1,228.84375,2.122336527332664,37.32,26.85,1.53
0,238.453125,1.422798269428313,0.0,0.0,0.0
0,255.71875,3.930406225845218,38.62,30.99,1.49
1,240.61111111111111,1.466173681120078,37.84,26.82,1.51
0,243.20987654320996,3.81087573737274,39.08,27.0,1.5
1,239.54166666666663,1.853881557782491,39.2,29.09,1.49
1,233.26388888888889,2.428875824643506,37.13,27.87,1.51
1,226.3125,2.309295914135873,35.7,28.43,1.49
0,247.36111111111111,3.363840487268236,19.64,17.44,0.87
1,269.0123456790124,3.037312325136161,37.61,31.8,1.51
1,226.29166666666663,1.944160922533936,35.7,24.91,1.38
1,235.375,2.917792132124305,39.14,26.14,1.47
1,261.5625,3.544616112485528,40.64,25.8,1.5
1,253.77777777777777,3.493163952396976,35.01,28.02,1.47
1,263.40277777777777,2.702234928806623,27.52,33.74,1.49
0,240.79012345679007,1.82471783735134,4.06,1.99,0.13
1,253.40625,4.585901025682688,33.44,28.58,1.47
1,260.5,3.099307992495596,32.86,27.68,1.44
1,223.21875,1.729174644686282,38.41,26.97,1.52
0,239.25,2.311499484814703,29.36,18.34,1.04
1,247.578125,4.128637178801,37.22,29.32,1.48
0,210.13888888888889,3.928700567356178,22.7,14.77,0.85
0,246.546875,4.431801130995156,0.0,0.0,0.0
0,256.83333333333326,2.448341286016835,37.72,29.52,1.51
1,232.21875,2.397271059453487,37.88,28.26,1.5
1,234.28125,1.759439886547625,38.93,25.46,1.49
0,252.109375,2.57167094014585,0.0,0.0,0.0
1,265.796875,1.815142266452312,36.61,30.41,1.5
1,255.20987654320996,1.81391915642185,34.84,28.38,1.5
1,262.65625,3.514609676785767,39.44,27.96,1.5
1,247.0555555555556,2.686803642246458,35.28,27.28,1.53
1,231.14814814814807,2.242208694970166,38.65,25.14,1.53
1,251.25,1.733226037687726,37.21,28.63,1.47
1,227.73611111111111,2.064288530912664,39.27,25.7,1.52
1,264.28125,2.557383594103158,31.56,30.57,1.47
1,263.78125,2.55844447016716,34.23,31.29,1.53
0,239.125,3.10695958789438,0.0,0.0,0.0
1,233.203125,2.582012538798153,38.07,26.22,1.48
0,250.6805555555556,4.436088333527249,32.56,11.65,0.94
1,268.83333333333326,2.342486813664436,36.04,29.82,1.51
1,225.94444444444443,2.061247509386805,39.64,27.14,1.53
1,233.171875,2.167171886190772,40.77,25.53,1.49
1,252.0,3.268003159202635,37.36,28.74,1.5
1,240.81944444444443,1.380786729355653,34.85,31.09,1.5
1,230.91666666666663,2.019412671526273,39.81,25.13,1.5
0,257.15625,1.783698493614793,40.49,25.08,1.51
0,254.046875,2.177490203641355,36.52,31.4,1.5
1,228.3333333333333,2.105364557769564,38.95,26.68,1.51
0,254.109375,3.858291217125952,43.26,23.34,1.54
1,242.203125,1.838499251753092,36.62,28.33,1.5
1,235.625,1.456761748529971,37.74,25.62,1.47
1,231.25,1.533903506894906,37.95,24.14,1.52
0,258.875,3.47396357357502,38.56,28.15,1.49
1,184.9375,1.903833483872206,36.43,24.45,1.43
1,225.97222222222223,2.2293202198214,37.59,27.34,1.53
0,243.9305555555556,6.92789636221197,0.0,0.0,0.0
1,255.56944444444443,2.108134098351002,34.35,28.88,1.48
1,229.09722222222223,2.217126573953363,39.17,27.08,1.49
1,255.66666666666663,3.618972010082669,33.98,27.48,1.46
1,252.61111111111111,4.341943946149615,40.09,26.93,1.5
0,239.30864197530863,1.647831352404606,38.74,26.63,1.5
1,258.641975308642,4.908083906880132,34.89,28.59,1.47
1,249.34567901234567,1.821834679738975,38.04,29.11,1.48
1,229.61111111111111,1.34381163203054,38.5,26.04,1.51
1,230.30864197530863,2.563977681560281,36.63,26.37,1.53
0,235.421875,2.621760853566229,28.64,18.93,1.08
1,241.15625,2.464210786856711,35.95,29.6,1.52
1,255.015625,1.820316631346941,34.94,29.64,1.47
1,252.36111111111111,3.880732941958639,39.03,29.56,1.49
1,227.875,2.08057950105932,39.37,27.24,1.5
1,189.358024691358,5.6782806130747,27.97,32.76,1.45
1,242.0,1.970075694131262,36.18,26.0,1.52
1,232.56944444444443,2.430352082682981,37.65,24.34,1.56
1,242.734375,2.239765372127295,37.67,26.04,1.51
1,230.171875,1.767280178144574,37.79,28.55,1.5
1,255.30864197530863,3.480501027754795,32.26,28.21,1.47
1,252.01388888888889,1.971824809081025,37.74,26.05,1.48
0,251.15625,1.963759948499501,0.0,0.0,0.0
1,248.90625,3.101708987727761,40.51,29.47,1.49
1,250.265625,1.81325723323971,38.83,29.82,1.5
1,262.13888888888886,2.090723116364744,38.07,26.95,1.51
1,268.0987654320988,2.898757581357603,33.56,30.62,1.51
0,230.75,2.018076813055409,36.37,22.03,1.22
1,238.75,2.227046572499805,38.93,26.92,1.53
1,264.15277777777777,2.493284203112125,37.55,31.68,1.52
1,228.453125,1.97872225381434,37.59,27.77,1.53
1,255.796875,3.484441678971052,29.95,30.6,1.46
1,253.5,4.142755220333735,38.65,29.59,1.49
1,232.984375,3.063561000861228,40.18,26.27,1.5
1,240.358024691358,2.542220437968219,28.85,21.05,1.15
1,251.5,3.372291156815158,39.77,30.01,1.52
1,249.09722222222223,2.8997955603732,36.5,29.55,1.5
1,248.3055555555556,3.745600569579336,36.45,30.08,1.49
0,264.03125,2.427151418291032,7.42,6.18,0.3
1,248.29166666666663,3.410261734492249,28.86,17.84,1.05
1,237.679012345679,2.587717622886469,39.11,27.26,1.51
1,251.88888888888889,2.541319156686465,41.05,25.99,1.49
1,268.9861111111111,2.561191722750664,34.45,30.29,1.52
1,230.578125,1.423388577997684,38.87,25.3,1.53
1,261.47222222222223,3.937953537536992,28.88,31.16,1.45
1,258.171875,3.212126414291561,39.42,28.29,1.51
1,234.79012345679007,2.537355930716903,36.62,26.55,1.53
0,246.19444444444443,2.018489892284075,40.27,24.88,1.52
1,232.9375,1.770704112946987,38.71,27.46,1.52
1,254.72222222222223,3.337394392324819,32.54,27.32,1.46
1,257.0,2.904137156903744,40.78,28.97,1.49
1,241.9375,2.287898386828601,41.23,26.23,1.51
1,221.81944444444443,1.640240653521485,37.38,27.87,1.49
1,231.84375,1.824373798444867,38.19,26.32,1.5
0,256.953125,2.429462470114231,2.25,1.62,0.09
1,247.984375,2.814284429885447,37.19,33.74,1.48
1,257.28395061728395,5.768709232777726,32.26,30.53,1.46
1,246.97222222222223,1.876132912105984,43.12,24.08,1.52
1,235.0,2.749732000960244,38.66,25.27,1.5
1,256.546875,4.797642300836742,41.03,25.62,1.48
1,267.320987654321,2.151686313711567,35.16,30.52,1.52
1,229.61111111111111,1.523327606419722,37.6,27.74,1.53
1,251.88888888888889,4.064852089057734,34.55,25.48,1.46
0,252.359375,6.337781225331128,0.0,0.0,0.0
1,257.58333333333326,2.458660846783055,34.59,27.97,1.51
1,239.5555555555556,2.061766328083144,38.19,26.09,1.55
1,244.13888888888889,2.83192571087016,38.29,26.45,1.5
1,230.06944444444443,1.71615997205178,38.13,27.11,1.5
0,250.01388888888889,2.749647692673736,0.0,0.0,0.0
1,255.234375,1.628789267502725,34.45,28.5,1.47
1,227.30864197530863,1.597222055182045,37.34,25.5,1.51
0,262.7361111111111,4.006608507699436,29.67,24.5,1.27
1,241.828125,2.551909011788666,37.83,25.83,1.54
1,240.046875,2.122639948502183,37.99,25.65,1.52
1,268.72222222222223,2.526614082356294,32.45,32.15,1.5
1,257.80555555555554,1.432701506548458,39.55,29.06,1.48
1,263.55555555555554,3.822763911551899,28.16,34.68,1.49
1,229.1875,2.001999108120799,36.67,27.17,1.51
1,238.7083333333333,2.182238714562522,34.65,30.86,1.49
1,244.38888888888889,3.320072068936295,38.83,29.05,1.45
1,263.47222222222223,3.792010619408555,31.05,31.95,1.49
1,256.25,1.624902039766312,35.56,29.25,1.5
1,240.765625,1.922037768177688,41.57,26.12,1.51
1,265.625,4.284490621648729,35.77,27.98,1.5
1,250.171875,2.939832779578865,35.61,29.02,1.49
1,269.171875,2.666550494730473,31.12,31.3,1.49
1,223.91666666666663,1.894264172348711,39.13,28.54,1.5
1,247.31944444444443,2.128125402662489,38.99,26.87,1.52
1,235.44444444444443,1.579142736891906,39.29,25.99,1.5
0,264.625,2.177451846189797,29.49,35.31,1.48
1,266.796875,2.81582092680037,31.33,30.49,1.5
1,253.40277777777777,1.926521677937773,34.26,29.12,1.49
1,267.22222222222223,1.721135057508945,33.73,29.36,1.51
1,255.875,2.942770971916616,38.01,31.19,1.5
1,248.75,1.80817370582372,39.44,26.53,1.51
1,267.59722222222223,2.671137902471754,32.38,31.87,1.47
1,263.72222222222223,3.602838761276669,32.06,30.02,1.46
1,266.484375,1.894513346254826,29.81,32.68,1.5
1,235.65625,2.353596497327089,37.03,24.77,1.56
1,238.88888888888889,2.62269974913862,38.16,25.98,1.54
0,237.109375,2.219461818225682,27.12,17.03,0.99
1,262.71875,2.768961546942592,38.42,30.44,1.52
1,221.3827160493827,1.465866501684542,37.26,29.11,1.5
1,247.5,4.148180930875242,36.06,28.01,1.5
1,254.609375,4.260847537778318,42.03,25.56,1.52
1,230.38888888888889,1.650275475449032,37.45,26.11,1.51
1,252.125,1.536927195886771,36.63,26.61,1.49
1,263.875,1.818293443156613,32.0,32.7,1.47
1,234.0,1.725154361607116,41.63,25.48,1.48
0,228.625,1.334820460528135,37.99,26.76,1.52
1,225.4375,1.994265832938254,37.7,25.32,1.51
1,235.984375,2.288059116341174,8.62,6.61,0.38
1,251.59375,1.784597033634782,35.42,28.05,1.49
0,246.54166666666663,4.441602245801026,31.77,22.42,1.25
1,237.515625,2.365855948999524,37.69,26.25,1.51
0,248.0625,2.092595127411187,40.29,24.32,1.54
1,229.359375,1.944367956370115,36.31,26.24,1.52
1,258.12345679012344,2.08293949380333,40.93,28.26,1.51
1,256.9259259259259,2.889490693439672,38.46,27.37,1.48
1,257.359375,3.7028584536165,34.37,27.46,1.47
0,270.0416666666667,5.724968999624252,37.9,30.67,1.48
1,244.8395061728395,3.025151909133534,36.76,26.99,1.51
1,242.6172839506173,2.361300213101469,35.37,23.47,1.34
1,236.375,2.27851594818963,37.04,25.82,1.49
1,240.53125,2.297999207861722,40.07,26.26,1.5
0,263.95833333333326,6.99724089437061,36.58,29.2,1.46
1,259.140625,1.434446277096868,39.89,26.29,1.46
1,254.26388888888889,2.894425722459952,32.09,29.65,1.46
0,248.4375,3.613126127980649,0.0,0.0,0.0
1,250.921875,2.976519959047437,41.18,24.98,1.5
1,234.09722222222223,2.201478359599908,38.08,25.83,1.54
1,231.359375,1.889753050170839,37.13,29.13,1.51
1,266.72222222222223,2.300030584136645,34.73,29.48,1.5
1,262.320987654321,4.674697544839648,35.85,28.43,1.46
1,259.58024691358025,2.165580708303569,39.46,28.29,1.52
0,251.27777777777777,2.401830720404784,0.0,0.0,0.0
1,257.26388888888886,2.48784404910273,40.25,28.95,1.51
1,231.75,2.160396509803832,37.58,26.65,1.53
0,251.06944444444443,2.358544097178512,0.0,0.0,0.0
1,234.015625,1.84382500872016,46.57,26.41,1.52
1,264.09722222222223,1.92762836565574,38.72,28.55,1.48
1,237.98611111111111,2.477150849997997,38.39,27.79,1.49
1,233.7083333333333,2.061570534275638,36.65,25.97,1.55
1,242.02777777777777,2.601132693390051,37.57,25.99,1.51
1,249.4375,5.119766149669886,40.29,24.48,1.51
0,270.65277777777777,6.408870839410358,35.31,29.84,1.46
1,262.2716049382716,3.975534293386671,34.5,30.1,1.46
1,230.8125,1.695875686593354,36.82,27.03,1.53
1,240.01388888888889,2.224591275056203,40.68,26.25,1.48
0,249.31944444444443,2.710059922602442,0.0,0.0,0.0
1,231.84375,2.816086886450648,37.86,26.56,1.51
0,259.828125,2.307635572738945,19.91,13.94,0.72
1,251.578125,1.933545172214508,41.56,28.33,1.53
1,260.53125,1.966486154124141,38.82,29.15,1.49
1,228.97222222222223,2.039679710235861,37.53,27.18,1.53
1,266.125,2.35129139572382,29.54,35.86,1.5
1,230.23611111111111,1.499882477853033,37.61,26.85,1.52
1,255.1805555555556,5.508293175862896,37.58,28.88,1.53
1,244.984375,3.786785247735679,36.42,26.29,1.44
1,251.5,2.42939820792526,37.82,30.23,1.49
1,228.453125,1.947306446731091,36.71,26.35,1.52
1,247.453125,2.364390912465751,40.12,26.89,1.53
1,267.83333333333326,2.688991037507852,34.34,29.27,1.51
0,247.875,2.008371795217196,17.03,8.96,0.62
1,264.78125,4.754139788448812,31.08,31.94,1.49
1,225.046875,1.801406420767307,38.77,27.61,1.51
1,230.59375,1.995630510151386,35.91,29.59,1.5
0,227.3125,1.743137142620981,9.67,8.1,0.41
1,250.5625,3.803837262094021,35.43,30.05,1.49
1,242.4305555555556,3.226740878489283,5.92,4.14,0.24
0,229.5,3.100273463461134,40.2,26.73,1.47
1,259.625,4.01741515017218,37.73,28.87,1.49
0,253.23456790123453,2.832410938209958,3.12,2.14,0.12
1,259.96875,1.83240931481123,37.35,29.69,1.49
1,251.22222222222223,2.623240380651421,35.92,26.19,1.48
0,257.51388888888886,5.529563307762146,38.83,26.42,1.53
1,261.78125,3.194147625006735,35.16,32.34,1.48
1,236.984375,3.208248937502503,33.87,29.33,1.5
1,226.875,1.916861181457837,35.95,24.72,1.53
1,247.828125,3.733558755367994,37.4,29.44,1.49
1,260.80555555555554,2.387550824218326,35.57,32.06,1.52
1,243.94444444444443,1.91400569346216,37.69,26.35,1.46
1,267.97222222222223,1.99519447899527,32.65,31.04,1.51
1,234.703125,1.995813865214586,37.11,27.94,1.51
1,254.25,3.677709273993969,35.61,29.77,1.48
1,252.234375,5.280751578509808,35.86,28.85,1.5
1,257.15277777777777,3.150544482800695,34.71,28.96,1.46
1,251.59375,1.712582831270993,41.36,28.69,1.51
1,258.390625,3.990792049095035,29.06,30.15,1.45
1,267.6111111111111,2.145823684003618,28.99,34.05,1.49
0,242.125,3.450705485211478,0.0,0.0,0.0
0,251.97222222222223,4.343337789177895,0.28,0.1,0.01
1,233.86111111111111,2.108682954476939,38.01,27.83,1.51
0,239.4305555555556,1.772230703797605,32.39,24.54,1.31
1,261.69135802469134,4.158049570925442,28.82,32.25,1.46
0,257.41975308641975,3.795013421111637,10.99,9.96,0.5
1,230.90625,1.233103636652231,36.43,27.57,1.49
1,251.5,2.188419136736128,36.14,27.61,1.48
1,231.46875,1.911242061294615,32.87,22.8,1.27
0,252.27777777777777,2.26665921178129,0.0,0.0,0.0
1,253.65277777777777,1.43423249406947,33.22,32.39,1.48
1,227.79166666666663,1.542896824578444,39.63,25.72,1.49
1,223.8148148148148,1.641950232011301,39.0,28.51,1.51
0,241.171875,2.100243573077023,37.23,28.09,1.52
1,247.96875,1.909690281376243,36.45,32.05,1.5
1,229.04166666666663,1.971795477800899,37.89,26.25,1.5
1,255.15625,4.995581944473088,38.45,30.33,1.49
1,265.18055555555554,2.212413498924838,37.74,29.86,1.5
1,243.625,2.237823142773575,36.43,31.49,1.51
1,264.6666666666667,1.975525452858872,36.35,28.88,1.5
0,264.0416666666667,2.370119199984603,33.82,30.13,1.5
1,228.828125,2.405325511470437,37.67,27.03,1.53
1,246.421875,1.596170227043331,37.28,29.08,1.5
1,249.3055555555556,3.290343440241284,41.71,27.2,1.47
0,239.44444444444443,1.691544604798158,38.01,24.68,1.51
0,249.09375,3.251411269418895,39.62,25.59,1.55
1,224.29166666666663,1.446594483322567,37.63,26.41,1.5
1,251.1875,2.3840137058869,35.69,27.3,1.48
0,252.046875,2.311515053734183,22.01,15.82,0.84
0,259.0625,5.906971847638488,40.6,27.35,1.48
1,238.90625,1.749560596421361,37.84,25.52,1.54
1,231.59375,1.399958006106317,38.57,26.05,1.51
1,250.125,2.467348526749346,35.68,26.85,1.49
1,248.140625,1.37316535320133,38.81,27.1,1.51
1,231.56944444444443,1.342061922781997,41.07,24.35,1.51
1,256.79012345679007,2.893293652269575,38.62,28.45,1.51
1,252.4305555555556,2.731441719664468,39.81,27.54,1.48
0,261.75,1.787167276773188,14.36,16.2,0.73
1,267.33333333333326,1.717808011505339,29.61,35.07,1.5
1,241.375,1.635601378977299,40.05,26.41,1.49
1,256.6111111111111,5.096599488622612,32.08,28.68,1.44
0,237.453125,2.70681425742805,27.39,19.51,1.21
1,231.84722222222223,1.88745667371485,40.06,25.11,1.52
0,244.0,4.163500492771467,0.0,0.0,0.0
1,261.97222222222223,2.922057280109988,35.42,29.76,1.47
1,258.6111111111111,4.322599776917034,34.78,27.09,1.46
1,239.046875,2.600705160759389,37.63,26.97,1.5
1,234.59722222222223,1.426432243651814,40.2,26.28,1.51
1,229.98611111111111,1.753807968563504,38.36,25.76,1.53
1,232.92592592592592,2.190848942156191,40.09,26.16,1.53
0,230.953125,1.77656511310488,39.13,26.09,1.5
0,251.69444444444443,3.005684935384326,32.57,30.25,1.43
0,251.38888888888889,3.181137939294179,0.0,0.0,0.0
1,251.921875,1.889288352802396,37.44,27.4,1.49
0,238.171875,2.873753692954779,36.07,25.66,1.52
1,263.09722222222223,5.656695591078864,28.0,32.3,1.45
1,263.45833333333326,3.804863073759609,36.61,27.17,1.51
1,227.46875,1.965773741714656,38.99,28.12,1.49
0,233.15625,1.936913181096315,2.76,1.31,0.08
0,267.921875,3.466937520541251,38.32,29.46,1.49
1,247.47222222222223,3.260885547432634,35.29,27.92,1.5
1,241.49382716049385,1.95001087512499,36.38,24.99,1.52
0,239.453125,2.499535577371716,37.98,25.55,1.52
1,265.44444444444446,3.688553372283041,34.56,26.98,1.48
0,244.61111111111111,3.906069688498974,0.66,0.39,0.02
1,247.79166666666663,2.799585503836473,35.26,29.62,1.5
1,229.6805555555556,2.586489682396253,37.99,24.73,1.53
1,231.78125,1.414594771340489,38.38,26.3,1.51
1,234.578125,2.029325673356652,40.55,25.69,1.52
1,253.23456790123453,3.664222867400558,40.01,25.56,1.48
1,263.06172839506166,2.385734125419899,38.05,29.4,1.49
1,222.65625,1.365085318684578,14.76,10.29,0.55
1,244.6805555555556,2.63802347994513,37.69,28.81,1.49
1,264.28125,1.592308574356139,31.7,30.32,1.49
0,243.9135802469136,3.256122068122581,40.27,26.1,1.44
1,259.0625,3.246334034018219,38.52,29.22,1.46
1,248.52777777777777,2.050175103876326,38.85,25.21,1.53
0,243.4583333333333,4.103220048877928,0.0,0.0,0.0
1,251.015625,8.451399233192205,36.89,27.39,1.48
1,260.72222222222223,4.143222236798869,38.39,28.34,1.51
1,251.2083333333333,1.65343996302949,34.76,27.96,1.5
1,177.015625,3.548396336621252,34.57,32.74,1.49
1,243.765625,1.859600929543376,39.42,28.6,1.51
1,260.90625,3.06698954384774,39.26,29.32,1.51
1,242.6875,2.668650113046169,35.81,32.06,1.48
1,261.78125,2.488108208402991,28.33,33.69,1.5
1,241.0625,1.665458540432155,38.17,31.65,1.5
1,269.65277777777777,2.844600963095824,30.23,32.1,1.49
1,238.15625,2.264111427590251,37.69,24.71,1.5
1,238.953125,3.453876384533942,40.23,26.85,1.5
1,266.546875,2.217357539571822,31.61,29.55,1.48
1,259.671875,2.876232063397765,35.27,30.43,1.52
0,257.01388888888886,4.446735637055503,1.0,0.46,0.03
1,227.890625,1.147346523590386,38.49,27.98,1.5
1,253.09722222222223,3.401141424973806,39.21,27.76,1.48
0,266.859375,3.306736589409411,23.0,18.83,0.96
1,259.015625,3.489013832062483,38.73,28.65,1.49
1,231.52777777777777,1.865482185449865,39.89,25.79,1.51
1,241.59722222222223,1.725953385233879,36.3,28.96,1.49
1,256.46875,4.360249940305949,37.51,27.03,1.49
0,238.93827160493828,2.229358148427657,37.44,28.93,1.49
1,257.21875,2.316869255155325,41.04,27.2,1.52
1,230.9583333333333,2.151091241174274,38.92,29.1,1.47
1,236.25,2.327207333408296,35.46,28.23,1.53
1,253.63888888888889,3.310741340120634,17.14,14.75,0.76
1,247.90625,3.307658025994897,38.11,28.95,1.5
1,262.671875,1.798499044962227,34.59,30.63,1.52
1,267.421875,2.277045496739447,35.31,32.06,1.49
1,231.96296296296296,2.179043093581258,34.1,29.09,1.49
1,258.65277777777777,3.148679331772857,38.58,30.16,1.5
1,241.046875,2.719003345817327,38.02,25.83,1.52
1,248.671875,4.53344299364835,39.59,28.28,1.54
1,229.46875,2.405446665361524,37.14,27.25,1.5
1,263.97222222222223,2.660635444853041,34.26,31.42,1.49
1,241.77777777777777,1.625109891096751,27.01,19.33,1.12
1,231.234375,1.630267716012895,38.22,26.09,1.53
0,259.0416666666667,3.406395752396849,5.96,4.45,0.23
1,255.14814814814807,1.957316011558344,32.97,29.31,1.48
0,265.96875,3.481251895427704,9.85,8.25,0.42
1,252.31944444444443,4.484837126400736,41.66,25.78,1.53
0,232.47222222222223,2.041663291553656,43.52,25.3,1.43
1,252.59375,3.024039465934038,35.36,28.09,1.47
1,158.8125,1.637570122192646,37.48,26.55,1.53
1,266.125,1.998541750841671,32.26,33.11,1.48
1,251.515625,3.071017761714756,37.08,27.99,1.47
1,236.765625,2.16779326274991,36.29,28.1,1.49
0,259.4375,4.008440813049674,0.0,0.0,0.0
1,253.16666666666663,2.021285825305515,34.86,29.11,1.47
1,251.4375,2.792391514405608,40.72,27.92,1.53
1,237.9375,1.554052133113146,36.78,27.48,1.5
1,258.171875,8.775694970041513,39.37,25.76,1.52
1,241.734375,3.299664018675685,39.4,25.96,1.49
0,253.2083333333333,5.677726802726586,38.55,28.69,1.47
1,237.21875,2.464926320128143,34.74,26.76,1.49
1,239.0123456790124,2.374563685169926,38.16,26.83,1.51
1,263.875,2.954240306280553,29.51,33.91,1.5
1,238.8333333333333,2.649894566171699,35.51,27.96,1.5
1,247.9305555555556,3.285992997388045,38.18,26.53,1.5
1,261.7654320987654,3.486243989732531,33.0,31.85,1.48
1,259.6875,3.782356322742999,37.48,30.57,1.52
0,251.23456790123453,5.360163672470752,14.46,5.47,0.43
1,255.328125,3.690594900399446,36.76,29.49,1.48
1,259.75,2.156453929841518,39.92,28.62,1.47
0,243.5555555555556,5.380414210259914,0.0,0.0,0.0
1,268.53125,2.406335482373834,36.58,31.18,1.51
1,241.765625,2.181249224580824,38.51,28.68,1.5
1,232.921875,1.535395354032516,38.41,25.87,1.51
0,233.48611111111111,1.703517245749633,37.94,26.49,1.49
1,247.91666666666663,2.343084445430173,36.23,27.75,1.51
1,264.52777777777777,1.782538481884532,39.22,28.74,1.49
1,246.16049382716048,1.953956874064457,35.75,30.69,1.5
1,241.76543209876544,2.300671743022071,36.44,27.9,1.53
1,234.359375,1.650339640676975,40.0,25.44,1.49
1,260.71875,3.63033389672637,36.95,31.84,1.53
0,269.15625,2.311744960024953,26.4,33.99,1.48
1,261.9375,1.957384251058102,36.98,28.48,1.52
1,247.578125,3.849629363045096,33.73,29.03,1.5
1,238.23611111111111,1.860543429851532,37.85,26.01,1.54
1,224.56944444444443,2.51410436630249,38.5,27.99,1.5
1,261.875,3.325580103322864,34.91,31.23,1.52
1,237.3333333333333,1.897567332618766,41.01,25.78,1.54
1,225.609375,1.783867549151182,37.56,25.41,1.52
1,232.328125,1.950301953591406,38.74,26.59,1.52
1,221.171875,1.82850247900933,39.41,26.47,1.49
1,265.06172839506166,2.238444244420087,35.8,32.66,1.5
1,253.390625,1.575540367513895,34.19,28.59,1.47
1,241.13580246913577,4.970109562814972,35.99,29.32,1.48
1,228.25925925925927,2.135157579993024,37.13,26.79,1.54
0,219.6875,1.361867879999095,23.22,16.76,0.88
1,239.5,2.721179899242189,39.91,26.1,1.5
1,250.3125,2.612198133021593,38.36,27.86,1.5
1,235.59722222222223,2.60337481316593,37.75,26.21,1.49
0,255.015625,3.475874635390937,13.46,9.16,0.52
1,237.50617283950612,2.446959232842481,36.49,27.58,1.54
0,241.75,2.948949942365289,0.0,0.0,0.0
1,247.5555555555556,3.276388342181841,34.48,30.07,1.51
1,224.75,1.507214262253708,37.6,24.41,1.52
1,228.5833333333333,1.541281127267414,37.89,27.94,1.52
1,243.84722222222223,2.086610783305433,39.77,24.93,1.53
1,267.05555555555554,1.905413091182709,26.79,33.57,1.49
1,259.90625,3.300797859206796,40.03,28.85,1.52
1,257.671875,3.231765536591411,34.23,29.31,1.46
1,236.765625,2.112361227162182,36.62,28.05,1.53
1,234.9375,2.132295256480575,41.74,25.34,1.5
1,254.203125,2.899111838079989,37.03,28.92,1.48
1,248.5,5.693735409528018,36.08,27.46,1.5
1,236.140625,2.550663424655795,37.0,26.99,1.53
1,241.51388888888889,2.261342839234405,37.02,25.58,1.52
1,237.59722222222223,1.834180588523547,37.6,30.56,1.51
1,234.69444444444443,2.677002083924082,38.91,26.91,1.55
1,238.9135802469136,2.292669221206947,39.09,29.39,1.49
1,232.641975308642,1.515440696551476,40.35,26.03,1.48
1,249.31944444444443,4.244164129926099,39.73,28.79,1.54
0,231.484375,1.830142571590841,38.69,26.17,1.52
0,250.5625,2.394620339386165,40.03,25.98,1.51
1,229.078125,2.532158276997507,38.23,25.37,1.52
1,237.984375,1.708388523198664,38.69,25.4,1.51
1,247.4375,4.17448611650616,36.94,28.83,1.48
1,267.3125,2.070305828005075,27.88,34.01,1.47
1,236.7083333333333,2.136792680455579,34.77,31.11,1.5
1,252.796875,2.412945799529552,34.12,26.76,1.48
1,268.3125,2.475350648164749,32.05,30.53,1.5
1,251.76388888888889,1.881607626875242,37.45,27.98,1.48
1,233.890625,2.117713470943272,38.47,26.11,1.57
1,250.125,3.693488176912069,40.95,26.3,1.47
1,231.140625,1.809087274596095,37.45,27.17,1.52
1,227.9583333333333,1.799210622906685,36.95,27.18,1.51
0,256.78125,6.923603009432554,37.68,26.45,1.47
1,229.3125,2.083682455122471,40.08,24.81,1.52
0,262.31944444444446,6.104841949211226,35.93,28.79,1.46
0,246.890625,2.529013400897384,33.61,19.2,1.22
1,240.6172839506173,2.661569263464139,34.68,28.58,1.49
1,243.078125,2.277672685682774,41.65,24.19,1.49
1,249.44444444444443,2.098177529043622,0.0,0.0,0.0
1,237.6875,1.842296944931149,37.06,28.58,1.51
1,252.515625,3.192585859447718,31.19,28.92,1.48
1,234.63888888888889,1.97420486393902,36.58,27.07,1.5
1,250.171875,1.959998027421534,38.91,28.98,1.49
1,251.22222222222223,1.959379114210606,4.68,2.97,0.17
1,234.96875,2.461143503896892,38.71,26.68,1.5
1,240.46875,1.571681494824588,37.99,26.28,1.5
0,237.94444444444443,4.265338041716152,24.95,8.75,0.69
1,255.796875,3.659632815048099,37.5,26.88,1.47
1,242.296875,4.215518936514856,35.54,29.59,1.5
1,266.44444444444446,2.66477415462335,33.57,30.44,1.51
0,228.0,0.115294694900513,31.42,18.83,1.0
1,236.88888888888889,3.033762202586657,35.84,23.62,1.48
1,242.2962962962964,2.533159176508585,39.87,25.63,1.44
0,273.171875,4.806248209439218,37.29,31.4,1.51
1,234.02777777777777,1.721586185197036,38.33,26.02,1.54
1,230.765625,1.433147426694632,39.68,28.44,1.52
1,245.2083333333333,2.597916387021542,35.77,26.23,1.51
0,238.40625,3.369590018875897,10.35,5.5,0.34
1,242.22222222222223,2.726761644913091,37.04,30.45,1.51
1,253.6875,4.60772541165352,36.72,23.96,1.47
1,243.953125,1.935826084576547,37.66,29.28,1.51
0,245.125,1.987379610538483,25.36,19.87,1.04
1,260.40625,3.52929737791419,39.97,27.72,1.53
1,267.38888888888886,2.207514086531268,31.0,29.99,1.47
1,267.546875,2.547637016512454,33.47,29.79,1.5
1,232.66666666666663,1.564253524773651,38.11,26.24,1.48
1,233.640625,2.625306328758597,25.61,15.91,0.95
1,263.69135802469134,3.193352814073916,37.92,27.13,1.49
1,260.27777777777777,3.716006538106336,35.39,29.03,1.54
1,239.36111111111111,2.363773544629415,39.23,26.01,1.5
1,263.88888888888886,2.300805047154427,28.92,32.87,1.5
1,230.203125,1.800663106143475,38.71,26.61,1.49
1,252.875,4.849132682196796,38.41,29.83,1.49
1,209.81944444444443,2.017394233632971,24.15,34.06,1.49
1,258.58024691358025,5.464843146594954,29.68,32.97,1.46
1,243.07407407407408,3.300346272963065,32.94,32.35,1.51
1,237.97222222222223,1.417080274058713,36.9,30.85,1.49
1,236.625,1.79558833502233,37.08,25.94,1.51
1,241.61111111111111,3.654219544596142,26.79,25.67,1.22
1,267.93055555555554,2.636551935639647,31.47,30.27,1.51
1,237.71875,1.411238130182028,36.1,24.42,1.48
1,255.8271604938272,2.929524931642744,40.64,27.68,1.53
1,233.3125,1.322918999940157,40.17,25.59,1.46
1,239.125,1.773055060870118,38.64,26.33,1.51
1,241.984375,2.943360286764801,36.7,27.2,1.5
1,254.31944444444443,1.761189373003112,32.98,30.56,1.48
0,249.01388888888889,4.442622345354822,41.91,27.03,1.49
1,243.734375,2.862907845526934,38.0,25.68,1.56
1,235.765625,1.908627320080996,38.99,25.55,1.51
1,244.54166666666663,2.186858522395293,39.28,26.89,1.52
1,267.96296296296293,3.220511701371935,29.63,34.67,1.51
0,238.59375,6.26657806057483,43.45,24.78,1.51
1,254.0833333333333,3.562449530594879,39.17,28.52,1.5
1,229.5555555555556,1.981750012271934,37.61,26.76,1.53
1,243.02777777777777,3.926799903313319,39.6,25.78,1.44
1,227.0833333333333,1.673959848781427,39.66,24.64,1.52
1,234.625,2.093985339005788,37.19,25.22,1.5
1,237.98611111111111,1.97633767955833,34.39,31.13,1.5
1,236.53125,1.987294849008322,38.03,29.95,1.5
1,240.203125,2.372443432919681,40.87,26.16,1.49
1,263.98765432098764,2.343326762870506,34.86,30.11,1.51
1,235.16049382716048,2.284309854478012,37.28,26.69,1.55
1,266.9166666666667,1.615441759427388,32.76,35.67,1.51
1,263.046875,2.674471256323159,30.81,32.08,1.5
0,246.0,2.953091083094478,0.0,0.0,0.0
1,254.52777777777777,1.83736686491304,34.94,27.91,1.46
1,260.34722222222223,2.251770147846805,39.08,28.3,1.49
1,230.484375,2.692185520194471,39.27,27.34,1.52
1,263.77777777777777,2.418301825906024,34.85,28.69,1.49
1,239.19444444444443,1.804227881133556,36.84,26.99,1.49
1,261.46875,2.075158973224461,34.63,30.52,1.5
0,250.421875,4.337754825130105,16.0,5.33,0.43
0,241.5308641975309,3.813743239567604,42.11,25.84,1.49
0,268.015625,2.375664873048663,4.55,5.62,0.23
1,262.5308641975309,3.362615348380289,31.7,31.49,1.5
1,228.6875,1.309705787338316,37.97,27.34,1.51
1,268.5416666666667,2.313806391424603,30.97,30.45,1.5
1,230.73611111111111,1.756419274542067,37.59,28.86,1.5
1,264.734375,2.621500487439334,32.74,31.5,1.5
1,242.70370370370367,3.839669432904985,33.67,31.33,1.52
0,256.421875,2.544318124651909,31.92,31.49,1.46
0,235.953125,1.626050231046975,0.0,0.0,0.0
1,232.56944444444443,1.985743476284875,41.59,24.68,1.5
1,229.09375,1.83770630788058,40.47,25.29,1.52
1,260.6111111111111,4.17970949659745,35.11,27.43,1.46
1,267.328125,3.852993925102055,34.13,32.86,1.5
1,253.546875,4.19950913451612,35.95,30.68,1.49
1,243.51851851851848,2.139775827343081,37.52,27.51,1.5
1,249.29166666666663,3.613413972987069,39.93,24.87,1.51
0,245.0555555555556,2.012474235561159,22.36,15.57,0.84
0,234.69444444444443,3.835456047621038,41.11,24.66,1.5
1,226.875,1.659345718100667,37.89,27.05,1.51
0,232.84375,1.904047187417746,39.52,26.63,1.51
1,267.96875,1.889197841286659,31.39,30.31,1.5
1,268.12345679012344,3.086136151978999,33.64,30.16,1.51
1,251.85185185185185,3.718738887045118,37.93,26.17,1.51
1,256.47222222222223,1.978557313481967,41.23,27.7,1.52
1,237.84375,2.284027419984341,35.93,28.38,1.47
1,260.44444444444446,3.708463696142038,37.02,30.58,1.52
1,252.671875,3.129662512801588,37.14,25.63,1.47
1,253.0833333333333,2.047046068641874,35.82,28.51,1.48
1,244.9305555555556,2.387114825348059,39.08,29.9,1.49
1,249.609375,3.000356269069016,35.68,27.15,1.47
1,239.8055555555556,1.498366162180901,38.36,25.81,1.5
0,244.91666666666663,1.608764862848653,39.48,24.25,1.54
0,240.6805555555556,1.485187066925897,39.86,26.94,1.5
0,258.078125,3.825258126482368,33.33,25.42,1.43
1,268.8125,2.467167268507183,30.75,31.31,1.5
1,244.171875,2.080605663359165,39.05,24.88,1.53
1,266.80555555555554,1.472936051587264,30.11,34.06,1.5
1,230.546875,2.437640834599733,36.32,26.52,1.52
1,254.890625,4.358247740194201,33.36,29.94,1.45
1,235.72222222222223,1.51192229323917,38.19,29.46,1.5
1,267.421875,2.203553250059485,34.49,31.23,1.49
0,233.72222222222223,1.911277456416024,12.88,9.0,0.49
0,255.28125,2.132168245501816,33.76,23.39,1.31
1,270.30555555555554,1.98362488216824,26.61,31.86,1.49
1,232.7083333333333,1.348172472582923,39.39,25.34,1.51
1,241.984375,4.796382626518608,35.29,29.95,1.48
1,265.265625,2.971534116193652,34.52,27.74,1.49
1,260.44444444444446,2.004509455627865,33.42,34.71,1.51
0,239.7083333333333,1.571116079886754,7.85,5.91,0.31
1,253.421875,2.125067950226367,35.83,27.73,1.48
1,263.95833333333326,4.276734477943844,31.87,31.46,1.46
1,246.703125,2.093590796925128,37.87,30.66,1.52
1,232.51388888888889,1.945319946441386,42.96,25.74,1.51
1,253.61111111111111,2.688178997900751,31.33,26.39,1.45
1,250.796875,1.826740477234125,39.82,29.5,1.52
0,240.641975308642,3.070610445958597,0.0,0.0,0.0
1,266.359375,2.395431314595044,34.83,32.16,1.5
1,241.703125,2.642872540280223,37.08,27.47,1.53
1,251.50617283950612,3.942649485152445,21.51,15.24,0.82
1,150.171875,1.960105657577515,38.27,26.82,1.52
1,263.9861111111111,2.349370038343801,32.73,29.42,1.48
1,254.875,1.864348662085831,34.66,27.9,1.5
1,251.9583333333333,2.796922178732024,36.57,27.88,1.47
1,235.40277777777777,2.010107806987233,39.48,25.9,1.49
1,244.38888888888889,2.452050308386485,40.14,28.12,1.5
1,251.9753086419753,2.161863895110142,37.17,27.69,1.49
1,270.08641975308643,1.988300972514682,25.02,35.4,1.49
1,243.3055555555556,1.889044494264656,39.59,24.76,1.54
1,230.79166666666663,2.010274646182855,41.52,26.26,1.5
1,264.515625,2.275436021387577,29.81,32.16,1.48
1,245.40625,1.797695306129754,42.93,23.72,1.49
1,243.734375,2.076171544380486,34.74,28.69,1.5
1,229.671875,2.151100944727659,39.23,24.51,1.53
1,247.66666666666663,2.545796290867858,40.34,26.4,1.49
1,232.828125,2.29281756374985,37.41,25.22,1.52
1,214.15277777777777,3.46646334256156,32.24,30.23,1.48
1,185.828125,3.051684552972967,32.88,31.22,1.51
0,248.66666666666663,2.438821254505052,41.55,26.04,1.51
1,254.40625,3.792901447042823,32.86,29.89,1.46
1,263.47222222222223,1.922355698214637,37.76,30.27,1.52
1,267.109375,2.325114932842553,30.29,35.18,1.48
1,264.01388888888886,1.78624925431278,36.29,31.19,1.47
1,249.546875,6.700273172929884,38.05,29.01,1.48
1,232.11111111111111,1.76636290219095,38.46,26.28,1.5
1,256.859375,3.231237601488829,28.41,34.33,1.44
1,238.73611111111111,1.959130105045107,37.51,29.54,1.5
1,251.0,1.84608771186322,36.78,28.52,1.49
1,232.578125,1.681637003086507,38.1,25.77,1.52
1,241.21875,2.714643770828843,38.02,27.97,1.49
1,234.44444444444443,2.198739046023952,39.13,25.49,1.52
1,241.69444444444443,1.894921782116095,35.53,27.12,1.49
0,241.47222222222223,2.756828663249811,40.66,26.1,1.54
1,230.06944444444443,1.84799380434884,36.41,25.81,1.52
1,232.7283950617284,2.073350222022445,40.25,26.44,1.5
0,264.90625,3.205237488262355,35.23,28.3,1.49
1,265.28125,2.238978703506291,33.18,30.81,1.49
1,238.1875,2.107555833645165,40.66,27.08,1.48
1,231.54166666666663,2.22353078921636,37.07,28.82,1.52
0,251.3333333333333,3.33489349236091,19.57,12.94,0.77
1,257.1666666666667,4.688508928649956,28.6,33.47,1.44
1,234.9375,2.541447913274169,37.75,27.95,1.5
1,267.02777777777777,2.286204862097899,35.24,33.83,1.52
1,228.96875,1.642574819736183,38.12,26.47,1.52
1,245.515625,2.177971209399402,37.92,27.87,1.51
1,268.43055555555554,2.14201518230968,26.14,34.67,1.5
1,252.15277777777777,2.896844506263733,34.1,27.72,1.46
0,252.484375,4.03620660211891,39.53,25.45,1.49
1,240.12345679012347,2.575055227603441,37.71,26.1,1.55
0,251.9375,3.850818281061947,0.0,0.0,0.0
1,230.984375,2.106804278679192,38.09,23.98,1.52
0,254.91666666666663,5.556741361816724,0.0,0.0,0.0
0,249.27777777777777,3.890557602875762,39.4,25.15,1.55
1,241.63888888888889,2.016290441155434,35.76,30.17,1.52
1,234.22222222222223,2.132972651885615,39.04,26.3,1.48
1,258.08333333333326,1.946335076457924,39.62,28.7,1.5
1,234.6172839506173,1.796611662264223,39.76,26.09,1.5
1,241.484375,1.762870964594185,35.87,26.67,1.49
0,260.63888888888886,2.201393383244673,39.71,28.81,1.49
0,261.5625,6.428047684952618,37.79,27.73,1.49
0,260.0625,2.723691623657942,39.75,29.33,1.5
1,228.453125,2.054029697552323,37.59,27.12,1.53
1,230.4074074074074,1.956533172984182,34.84,27.63,1.52
0,244.90277777777777,4.219536806974146,0.0,0.0,0.0
0,256.7916666666667,5.241956992281808,8.9,3.9,0.28
0,255.0555555555556,3.21002274337742,14.28,11.23,0.62
1,252.04166666666663,3.554435582624541,40.08,26.18,1.52
1,247.96875,1.674569141119719,42.71,26.2,1.49
1,260.234375,8.464680786244571,38.2,30.58,1.48
1,241.90277777777777,3.711989844838778,36.37,29.31,1.48
0,238.641975308642,1.791287946112362,0.0,0.0,0.0
1,234.25,1.750337173230946,39.69,25.23,1.51
1,240.25,3.432154447668128,36.35,29.76,1.5
1,263.3125,3.831351893022656,31.43,31.62,1.5
1,238.203125,2.643751819618046,34.06,30.85,1.47
1,257.52777777777777,4.856277096602652,37.77,30.29,1.5
1,245.23611111111111,2.071150393949615,40.36,27.42,1.49
1,239.046875,2.891503477469087,38.7,25.03,1.54
1,264.0416666666667,3.09190585050318,35.89,29.09,1.51
1,244.98611111111111,2.557285058829519,36.29,27.69,1.44
0,254.4375,4.118512718938291,6.73,4.56,0.26
0,254.1805555555556,5.25360447830624,0.0,0.0,0.0
0,238.4583333333333,3.694191558493508,38.37,28.81,1.5
1,243.71875,2.98059300146997,34.03,30.6,1.51
1,241.23456790123453,2.177931062233301,36.01,27.49,1.5
1,236.625,2.477452142371072,38.0,26.78,1.51
0,262.75,1.42786199785769,0.0,0.0,0.0
1,228.69444444444443,2.091519433591101,39.12,26.81,1.53
1,263.88888888888886,3.293428623841868,31.44,33.3,1.5
1,244.59259259259252,2.367126180801863,39.54,28.41,1.5
1,261.375,3.355911005288363,39.58,28.28,1.48
1,234.03125,1.868156705051661,43.45,25.56,1.51
1,241.25,2.207094315853384,40.27,30.12,1.49
1,252.53125,1.418987748213112,37.21,30.78,1.49
0,252.484375,4.232200543396175,0.0,0.0,0.0
0,258.140625,3.104680338874459,38.0,25.32,1.5
1,262.02777777777777,3.691750153899193,30.26,32.36,1.46
1,141.95833333333334,1.964154079193022,39.36,26.62,1.5
1,232.171875,2.051902095787227,38.53,26.63,1.5
1,230.03703703703704,1.955140119717445,37.95,26.3,1.52
0,240.98611111111111,1.836724883152379,0.0,0.0,0.0
1,236.890625,2.553868270479143,38.54,26.88,1.51
1,237.484375,1.612852158024907,37.71,26.93,1.49
1,246.5555555555556,3.781265572265343,33.52,31.0,1.48
0,251.02777777777777,3.996275352934996,27.8,19.02,1.09
1,225.78125,1.522875578142703,39.18,26.3,1.52
0,258.90625,4.794034291990102,21.62,16.71,0.85
1,241.234375,2.351573998108506,37.64,25.92,1.51
1,251.328125,4.690946888178588,34.73,28.22,1.47
0,257.078125,2.375793568789959,30.89,29.54,1.43
1,245.703125,2.421103871427476,33.16,22.12,1.31
0,253.86111111111111,3.680967979133129,35.37,26.92,1.46
1,263.5416666666667,2.776599960194694,19.12,19.92,0.93
1,268.94444444444446,2.030898666216268,33.36,33.09,1.51
1,233.921875,2.75450487434864,29.91,19.36,1.13
1,254.265625,2.317800629884005,35.95,24.77,1.48
1,245.36111111111111,1.980753771960735,38.32,26.17,1.55
1,232.0833333333333,2.003029830753803,37.64,26.7,1.54
1,269.59722222222223,2.442570319606198,32.52,29.66,1.46
1,231.06944444444443,1.841519272989697,34.66,28.44,1.49
1,260.81944444444446,4.887834172281954,29.71,30.89,1.46
1,247.5555555555556,3.285082887444231,37.04,26.93,1.49
1,234.88888888888889,1.4501768640346,46.34,26.59,1.52
1,229.92592592592592,1.99363899157371,38.16,26.38,1.51
1,233.296875,1.984328568913043,40.58,25.35,1.52
1,238.359375,2.618451584130526,39.39,26.74,1.5
1,264.359375,2.591136378236115,35.18,32.1,1.51
1,262.0,3.732310928404331,35.67,29.66,1.48
1,229.390625,1.83244380261749,35.66,29.75,1.5
1,242.0,3.265959601849318,36.05,29.08,1.5
0,236.84375,1.66919207200408,19.9,13.97,0.79
1,234.29166666666663,2.375241501463784,38.4,25.94,1.54
1,229.85185185185185,2.149889946719747,38.43,25.17,1.53
1,233.3125,1.919856495223939,40.31,25.25,1.5
1,256.59722222222223,2.980487106574906,29.33,32.23,1.45
1,265.75,2.017443676479161,30.7,34.64,1.5
1,227.171875,1.974257490597665,37.5,25.3,1.51
1,252.8148148148148,2.118668101452015,35.9,28.7,1.47
1,244.73611111111111,2.21705522802141,35.54,27.15,1.46
1,244.0833333333333,3.723060126105944,34.73,29.21,1.5
1,231.61111111111111,1.725027349260118,39.41,26.43,1.5
1,255.453125,1.898410461843014,35.44,27.89,1.5
1,234.29166666666663,1.655518041716681,40.8,25.81,1.49
1,264.58333333333326,3.879667724172274,32.15,30.24,1.48
1,237.984375,2.259101953357458,39.47,26.8,1.51
1,269.2916666666667,2.205041538510057,34.64,28.64,1.52
1,234.3333333333333,2.052591669062773,39.34,26.46,1.56
1,245.53125,1.924277383834124,37.73,25.33,1.55
0,243.296875,3.153773139230907,39.46,25.67,1.48
1,254.28125,3.251485658809543,36.04,25.5,1.47
0,248.6543209876544,2.303612269001242,18.94,9.59,0.68
1,255.5,3.110291296616197,31.05,30.98,1.45
1,260.2361111111111,3.806519593629572,39.09,29.42,1.48
0,256.9375,3.175880342721939,32.7,28.39,1.34
1,268.77777777777777,2.14781362315019,34.28,29.88,1.52
1,236.296875,2.016067018732429,36.89,26.92,1.5
0,238.90625,1.857377206906676,0.0,0.0,0.0
1,259.609375,1.96632937900722,37.29,27.08,1.48
1,255.21875,1.420650200918317,34.33,29.19,1.48
1,269.93055555555554,1.894489697284169,32.35,29.78,1.5
1,255.0,1.398239079448912,35.35,29.55,1.48
1,169.55555555555554,6.059331226348878,34.34,27.83,1.47
1,256.69135802469134,3.592988942876274,27.88,32.67,1.45
1,239.015625,2.662522733211517,38.23,26.8,1.5
1,245.828125,2.754247466102242,34.91,30.94,1.5
1,256.72222222222223,2.041573029425409,40.26,28.81,1.52
1,265.22222222222223,2.093243916001585,37.1,29.68,1.52
1,254.40277777777777,5.112377398543888,39.38,29.51,1.51
1,254.875,2.134987442754209,36.02,28.68,1.47
1,254.875,2.992143207126194,32.11,26.98,1.46
1,243.75,2.066794284515911,36.98,29.79,1.49
1,251.1851851851852,2.969402160909441,39.11,25.3,1.49
0,248.828125,2.435669202357531,19.41,9.86,0.64
1,248.515625,4.466913770884277,39.21,28.43,1.53
0,251.34722222222223,3.540857140388754,31.18,20.67,1.19
1,235.69444444444443,2.543608624902037,37.26,26.55,1.51
1,265.13580246913574,2.556250536883319,31.86,32.98,1.49
1,250.8125,4.091618058271706,38.26,28.44,1.47
1,228.609375,1.846606563776731,37.22,25.29,1.5
1,252.640625,3.995789437554777,36.58,24.57,1.47
1,239.20987654320996,2.407182858314043,35.98,24.52,1.49
1,239.21875,2.717604636214674,35.84,29.9,1.5
1,251.44444444444443,3.517236911220315,31.83,26.77,1.45
0,255.26388888888889,5.087901319894526,37.5,32.45,1.49
1,242.4583333333333,2.088123705652025,35.38,32.37,1.5
0,248.9753086419753,2.402556850586409,41.43,21.63,1.51
1,233.21875,1.640757862478495,37.92,25.86,1.53
0,147.65277777777777,2.250481168925762,40.44,25.91,1.49
1,237.4375,1.480124779976904,39.12,26.26,1.53
1,254.8395061728395,4.156471234780771,30.07,33.28,1.47
1,243.63888888888889,3.223184653454357,36.9,26.46,1.43
1,149.20833333333334,2.001618209638094,38.31,25.04,1.52
1,261.9861111111111,1.428582764334149,38.79,27.51,1.53
1,237.09722222222223,2.272103577024407,35.33,26.71,1.49
1,231.34722222222223,1.593574321104421,36.55,27.75,1.51
1,231.23611111111111,2.490396567516857,36.32,27.01,1.53
0,234.77777777777777,2.267056964337826,44.27,24.47,1.51
1,228.734375,2.192802029661834,37.31,26.91,1.52
1,246.296875,2.873352342285216,38.53,26.0,1.55
1,233.125,1.913539124031862,43.69,25.65,1.49
0,236.84722222222223,1.985940828091568,32.37,20.66,1.27
1,256.1666666666667,3.157979091008504,38.63,26.75,1.52
1,229.16049382716048,1.998753883956391,39.0,26.18,1.51
1,240.76388888888889,2.203640625708633,35.07,23.45,1.38
1,258.515625,5.140662846155466,37.62,26.98,1.56
1,222.81944444444443,1.301139626238081,37.5,23.96,1.5
1,261.02777777777777,2.992255917025937,39.34,29.45,1.52
1,227.5,1.677679664455354,35.01,28.39,1.51
1,260.47222222222223,3.405532436238395,41.44,26.81,1.53
1,231.40625,1.994109936058521,38.89,25.27,1.52
1,255.953125,2.662183283828199,27.02,22.02,1.18
0,262.22222222222223,3.21099758727683,29.22,31.62,1.5
1,232.73611111111111,3.091928919156393,37.53,28.29,1.52
1,267.09722222222223,2.679032814999422,34.06,29.47,1.51
1,230.875,1.817730947397649,23.77,16.05,0.96
1,264.59375,1.414162491448224,35.12,30.72,1.5
1,263.34722222222223,3.447245140870412,34.99,30.59,1.46
0,237.390625,2.4821922108531,38.98,27.05,1.48
1,234.25,2.231530736200511,41.14,25.4,1.5
1,246.75,1.925277260132134,36.15,27.57,1.51
0,242.96296296296296,2.88788096110026,38.05,25.88,1.52
1,231.91666666666663,2.063042558729649,39.19,25.67,1.49
1,250.4567901234568,3.86655612345095,38.53,27.01,1.48
1,237.9583333333333,2.156468181146516,35.87,30.51,1.49
1,260.75,2.502542405389249,34.63,30.7,1.51
0,237.34722222222223,2.506063990294933,43.05,26.01,1.47
1,259.40625,3.631349449977279,37.43,29.59,1.46
1,269.09375,1.565143067389727,37.29,32.14,1.51
1,263.015625,5.216897425241768,32.19,32.42,1.5
1,237.9305555555556,2.612716622650623,38.1,27.03,1.5
0,248.61111111111111,2.82773748288552,8.29,4.21,0.3
1,253.88888888888889,4.359240381805985,37.52,26.37,1.5
1,249.20987654320996,4.151380564695523,35.65,28.7,1.47
0,240.5,1.874985323184066,36.22,25.63,1.51
0,241.88888888888889,5.758191467159326,0.0,0.0,0.0
1,259.578125,4.320822887122631,28.48,30.98,1.46
1,228.72222222222223,2.082309127681785,38.58,27.0,1.54
1,255.375,5.405271785126792,41.45,28.52,1.5
0,230.0987654320988,3.181863932697861,41.9,25.48,1.51
1,227.5,2.021948921183745,37.88,26.55,1.51
1,254.703125,3.889392016455531,34.64,29.71,1.46
0,252.13888888888889,2.041645264459981,38.29,30.17,1.5
1,250.47222222222223,3.514512062072754,38.33,29.68,1.5
1,231.515625,1.705390586517751,40.19,24.94,1.53
1,232.7407407407408,2.40803227086126,40.29,24.38,1.51
1,244.31944444444443,2.435959189302392,36.03,28.38,1.46
1,236.22222222222223,1.902726207342413,39.06,26.46,1.49
1,245.16666666666663,2.635363455447886,42.47,26.19,1.52
1,233.796875,1.81440148781985,37.92,26.09,1.55
1,253.734375,1.508882786147296,38.16,30.54,1.49
1,231.16666666666663,1.297704670992162,37.39,26.79,1.53
1,237.171875,1.452731866389513,36.24,28.64,1.51
1,223.828125,1.429097848944366,38.53,26.92,1.51
1,228.625,1.827511353418231,36.33,25.77,1.52
1,251.63888888888889,1.727153239978684,38.11,27.82,1.49
1,230.859375,1.488677406683564,37.87,26.47,1.49
1,237.04166666666663,2.418264026443163,37.74,29.28,1.5
1,257.4861111111111,4.172215244008435,35.89,29.0,1.5
1,228.03125,2.69155023060739,37.2,27.44,1.52
0,265.15277777777777,1.729689308338695,16.14,11.54,0.63
1,227.890625,1.319260137155652,38.24,27.06,1.52
1,245.76388888888889,4.222933302323024,33.56,29.82,1.49
0,251.90277777777777,5.842379852301544,0.0,0.0,0.0
1,243.86111111111111,2.074419301417139,40.34,28.49,1.5
1,253.40277777777777,3.909136314358976,30.98,26.56,1.45
1,228.515625,1.384811105206609,38.76,26.84,1.51
0,261.33333333333326,2.373255374990864,39.62,28.63,1.47
0,253.90625,5.794876497238874,37.2,29.22,1.49
0,256.31944444444446,2.903184495866299,34.57,24.72,1.43
1,265.13888888888886,1.388234845466084,31.79,30.78,1.47
1,255.1875,4.961433555930854,40.81,28.64,1.49
1,253.02777777777777,2.972156306935681,31.92,25.93,1.45
0,250.953125,5.606508307158948,0.0,0.0,0.0
0,225.88888888888889,3.066126091480255,20.61,14.9,0.83
1,251.22222222222223,2.608737522529231,33.27,29.52,1.46
1,233.8333333333333,2.342937019964059,40.61,25.18,1.49
1,237.26388888888889,1.922336378031307,39.19,26.37,1.53
1,257.171875,4.658155901357532,34.63,27.46,1.47
1,265.1875,2.349058550782502,36.52,31.35,1.48
1,259.69444444444446,3.275055855512619,29.96,30.45,1.46
1,257.1666666666667,2.105135663515992,34.11,27.75,1.48
1,228.25,1.631853504106402,37.44,26.69,1.53
1,241.4305555555556,2.131962517069446,36.63,26.95,1.5
1,234.22222222222223,1.225836030311055,40.86,25.85,1.52
0,249.765625,4.189823504537344,38.62,27.92,1.52
1,262.78125,5.016134882345796,38.08,28.99,1.52
1,234.8055555555556,1.564717845784293,42.22,25.16,1.47
1,230.84375,1.698996887542307,37.11,26.31,1.52
1,229.375,2.027531915344298,38.46,26.91,1.52
1,248.6875,1.814512828364968,39.79,26.07,1.52
1,256.46875,3.402926654554904,35.9,28.44,1.46
1,242.91666666666663,2.397328099442853,37.8,26.77,1.49
1,222.40625,2.074013280682266,39.65,26.79,1.51
1,252.8333333333333,3.283038431571589,40.44,29.17,1.52
1,263.234375,3.246534509584308,32.89,29.87,1.47
0,229.09375,2.686911108903587,40.29,26.31,1.43
1,258.046875,4.505463292822242,38.58,28.23,1.48
1,234.875,2.17636836402946,39.94,24.59,1.48
1,255.046875,3.656230134889483,33.08,27.75,1.46
0,264.015625,4.185320006683469,38.4,28.73,1.51
1,232.23611111111111,1.449315083523591,37.68,25.85,1.51
1,257.078125,2.268062869086862,37.12,28.82,1.5
1,236.70370370370367,1.487892824926494,36.04,26.74,1.51
0,228.22222222222223,1.810393139719963,2.69,1.87,0.11
1,247.40625,1.837853803299367,39.06,25.5,1.53
1,241.65277777777777,2.798517670896318,37.11,27.43,1.5
1,248.0555555555556,3.483745193315877,40.5,27.14,1.52
1,253.890625,2.219910829328001,42.88,27.19,1.51
1,236.77777777777777,1.97768564025561,38.49,25.29,1.53
1,232.3125,2.053229646757245,39.63,25.48,1.5
1,254.390625,2.993410972878337,36.95,24.82,1.48
1,266.5625,2.721132159233093,33.37,29.71,1.51
1,266.703125,1.925776888616383,35.02,31.85,1.5
1,250.953125,1.719979986548424,36.08,27.24,1.48
1,250.15625,2.749987225048244,38.57,29.5,1.51
1,230.52777777777777,1.639284960925579,37.63,27.21,1.53
1,256.59722222222223,4.415456549988855,38.21,28.82,1.47
0,248.63888888888889,2.890774285627736,0.0,0.0,0.0
1,239.6875,2.438816273584962,37.34,28.85,1.51
1,259.796875,3.207533938810229,31.29,31.46,1.46
1,256.078125,3.067199622280896,39.67,29.06,1.51
1,255.76388888888889,3.361668916212188,33.55,29.38,1.47
1,234.19753086419752,2.036348419424928,37.37,24.6,1.44
1,230.421875,1.579156239517033,37.79,26.89,1.5
1,228.875,1.919338976343473,39.36,26.06,1.53
1,235.7530864197531,1.757101973633707,45.69,24.12,1.52
1,263.45833333333326,3.00263754112853,33.88,28.09,1.47
0,268.46875,1.936556700617075,18.12,22.74,0.99
1,232.25,1.667709968156285,39.69,28.67,1.52
1,223.0123456790124,1.667414635787775,38.5,27.43,1.5
1,263.9166666666667,2.718265845543808,34.36,31.25,1.48
1,228.890625,2.044695498421788,38.52,26.54,1.5
0,231.375,1.11826048956977,9.86,7.27,0.4
1,254.24691358024688,5.522904972971222,34.55,28.72,1.46
1,232.9375,1.627707537263632,39.5,26.66,1.52
1,234.421875,1.552867712453008,36.52,25.23,1.47
1,222.953125,1.540119892917573,38.92,27.33,1.51
0,243.3055555555556,2.961023304197523,32.67,22.6,1.38
1,267.921875,1.708276813849807,34.96,28.88,1.51
1,231.4375,2.27248174790293,38.72,25.45,1.54
1,264.69135802469134,2.346394497671245,34.86,30.29,1.49
1,237.75,1.86481904072894,37.72,27.42,1.51
1,269.703125,2.351085668429732,32.06,30.07,1.49
1,267.95061728395063,2.851913802417708,32.66,31.31,1.48
0,266.765625,1.928499742411077,32.83,29.68,1.45
1,227.25,1.712917177937925,39.17,28.06,1.52
1,231.71875,1.781995194964111,38.66,26.56,1.49
1,262.21875,2.23070942144841,33.16,25.5,1.38
1,254.2083333333333,3.134983506467607,40.83,24.43,1.53
0,267.421875,3.068614830262959,34.57,29.81,1.51
0,225.375,1.877297408050961,38.71,26.06,1.51
1,264.5,4.156796917319298,32.12,32.53,1.48
1,253.78125,3.289622353389859,39.15,25.25,1.48
1,263.921875,3.001868957653642,31.7,29.87,1.51
1,260.78125,3.468591373413801,36.14,29.18,1.47
1,250.546875,2.029938437044621,35.56,30.46,1.49
1,251.84375,3.689711635001004,32.41,30.2,1.46
1,246.71875,2.168778740800917,38.01,28.3,1.52
0,241.671875,1.898181773722172,3.12,2.22,0.13
1,248.0833333333333,1.799532282683584,33.61,31.66,1.49
1,245.328125,3.161259264685214,32.4,31.56,1.5
1,206.8125,2.8765078941981,33.55,30.47,1.51
1,233.15625,1.994182015769184,37.48,28.11,1.53
1,248.48611111111111,1.616426339579953,38.83,24.96,1.52
0,234.625,2.131656718665156,42.15,28.78,1.47
1,248.703125,3.93852773681283,32.98,30.79,1.49
1,262.2361111111111,2.719823165072335,37.43,30.61,1.49
1,254.95061728395052,1.565209128238537,34.1,30.02,1.48
1,255.40277777777777,1.668718704746829,34.34,30.57,1.47
0,252.328125,3.543939375318587,0.0,0.0,0.0
1,237.25,2.099042822917303,39.92,26.44,1.47
1,257.90625,3.426652135327458,36.98,31.75,1.46
1,232.390625,2.192733133211732,8.93,5.4,0.33
1,226.9375,1.515481688578924,39.38,27.57,1.52
1,256.93055555555554,1.725590411159727,38.69,25.69,1.49
1,252.6805555555556,2.142843603259987,37.57,28.11,1.49
1,249.234375,4.11157825961709,40.89,25.42,1.47
1,239.875,2.272595977410674,36.34,24.74,1.51
1,243.390625,1.75516779627651,39.59,26.57,1.56
1,265.47222222222223,2.623296262489425,36.14,30.66,1.5
1,228.078125,1.634086234495044,36.25,28.2,1.48
1,263.4861111111111,1.6104127748145,33.19,31.57,1.48
1,267.70833333333326,2.066420512066947,25.38,34.38,1.48
1,204.609375,3.679616189280221,28.62,28.72,1.44
1,238.328125,1.624856194481254,38.05,24.26,1.5
1,254.78125,2.485580370761454,34.65,32.83,1.49
0,265.984375,3.180676364339888,0.0,0.0,0.0
1,244.65277777777777,2.225524596042103,37.39,30.11,1.54
1,231.671875,2.033865755423903,39.33,26.35,1.54
1,263.2916666666667,1.742412619292736,35.05,28.9,1.5
0,271.8125,6.266004957258702,38.77,25.99,1.46
1,254.6875,2.823512457311153,37.39,26.58,1.48
1,259.875,2.830697303844823,32.53,28.88,1.46
1,231.43209876543207,2.110760934558916,39.49,26.15,1.49
1,226.91666666666663,2.006173344949881,39.11,26.29,1.53
1,260.01388888888886,3.848419225878186,32.73,23.37,1.27
1,255.52777777777777,4.542243830031818,36.05,29.94,1.48
1,236.63888888888889,1.841960502167543,34.97,26.8,1.5
0,246.47222222222223,1.787152766353554,20.97,13.81,0.8
1,239.34375,2.895106595940888,36.23,25.65,1.52
1,265.21875,4.151972862891853,31.58,30.24,1.47
1,233.296875,1.704602227546275,41.6,23.94,1.49
0,259.296875,3.227902696467936,12.64,9.23,0.49
1,261.5625,2.299433435313404,29.66,32.03,1.5
1,249.06944444444443,3.255344814724392,33.37,29.78,1.5
1,244.20987654320996,2.761659814251794,37.25,29.88,1.53
0,235.5,1.445171089842916,38.24,25.87,1.55
1,230.66666666666663,1.306189328432083,35.53,28.49,1.49
1,240.02777777777777,1.921712742911445,39.58,26.25,1.51
1,268.453125,2.378841400146484,31.33,29.32,1.49
1,238.8125,2.108929217793047,36.76,30.11,1.49
1,230.5625,2.110986785963178,26.1,17.8,1.04
1,220.625,1.614373198911256,25.12,35.69,1.49
1,257.234375,2.822545704431832,36.55,29.99,1.49
1,250.34722222222223,3.17045244657331,37.21,25.31,1.39
1,244.32098765432096,2.089454482367009,41.35,24.2,1.5
1,259.578125,2.591105265542865,32.75,31.78,1.48
1,224.890625,1.958754933439195,37.44,24.56,1.52
1,254.06944444444443,2.908338286810451,38.97,27.01,1.48
1,264.515625,2.256375965662301,33.12,31.06,1.48
1,244.07407407407408,2.158027863060986,35.58,29.72,1.45
1,250.59722222222223,3.996822776893775,38.45,27.71,1.5
1,239.94444444444443,2.159738053050306,38.9,26.24,1.51
1,238.92592592592592,1.842744752948667,37.48,26.17,1.5
1,231.90277777777777,1.887756055427922,38.64,26.69,1.51
1,249.71604938271605,2.585360223864332,39.7,27.24,1.52
1,248.671875,1.847128599882126,39.86,27.29,1.5
1,241.609375,2.447516091167927,38.21,26.92,1.5
1,228.4375,1.582009311765432,38.17,26.91,1.53
1,261.0246913580247,3.312083799162029,37.47,31.12,1.49
1,252.328125,3.719620273448527,40.2,26.45,1.5
1,257.2361111111111,3.785425508187877,38.04,28.4,1.48
0,233.08641975308643,1.659414816049882,38.53,24.6,1.49
1,250.671875,4.74258004501462,34.43,26.73,1.48
1,257.58333333333326,2.868551172316074,39.49,28.39,1.5
1,261.390625,3.245001500472426,27.37,35.28,1.51
0,264.76388888888886,2.221855976515346,27.75,25.7,1.25
1,248.29166666666663,3.90427864011791,39.23,25.39,1.52
1,225.46875,1.588272643275559,39.99,27.07,1.54
0,235.453125,2.629499282687902,36.97,27.61,1.47
1,235.73611111111111,1.704752578503556,39.4,25.8,1.53
1,263.2716049382716,2.33226156970601,35.13,30.36,1.52
1,242.66666666666663,3.029362185133828,37.3,27.52,1.49
1,259.2361111111111,3.366212426788277,38.08,29.73,1.48
1,233.6805555555556,1.791672542691231,41.23,24.76,1.51
1,244.01388888888889,2.061720506184631,35.26,27.57,1.47
1,241.859375,2.145674183964729,38.15,29.01,1.51
0,241.0555555555556,4.126711866921849,44.48,17.5,1.36
1,245.6543209876544,1.961856908268399,38.15,31.21,1.52
1,245.015625,2.924398272298276,36.2,28.41,1.51
1,254.75,2.259489754214883,33.57,34.18,1.49
1,232.875,5.023113408125938,37.73,26.42,1.5
1,252.84722222222223,3.868192554348045,33.68,30.87,1.47
0,257.59375,2.048566345125437,39.13,25.11,1.5
1,235.375,2.329939618706703,36.14,27.6,1.47
0,232.75,1.684764763340354,5.57,3.6,0.21
1,258.72222222222223,1.827218607068062,41.53,27.17,1.52
0,250.625,4.788860051168336,14.77,7.2,0.51
0,236.234375,2.257872602902353,37.49,27.0,1.49
0,242.8333333333333,1.81886573549774,39.85,27.67,1.52
1,257.43055555555554,1.919961836602953,38.63,29.75,1.49
1,249.72222222222223,2.247110475268629,35.55,26.91,1.49
1,252.90625,2.23184538539499,33.49,32.6,1.48
1,233.72222222222223,2.02990898821089,38.95,27.03,1.51
1,251.4375,2.187029972672462,19.05,13.88,0.78
1,254.77777777777777,3.198805114461316,33.76,29.01,1.46
1,269.27777777777777,3.630711242346696,30.68,32.42,1.48
1,242.25,2.299801900982857,37.43,26.24,1.5
1,261.40740740740733,3.428310496571623,40.64,24.36,1.51
1,263.18055555555554,4.456769714752834,35.27,27.7,1.48
1,228.358024691358,2.03076222649327,37.67,29.61,1.53
1,234.015625,2.385615421459079,38.73,25.97,1.54
1,231.01388888888889,2.33407265941302,37.34,27.41,1.53
0,228.25,2.061635798050298,37.07,26.45,1.5
0,256.59375,3.823091068305075,38.57,31.07,1.49
0,237.796875,1.831858837977052,37.9,26.8,1.52
1,254.734375,3.115388730540872,39.02,28.04,1.49
1,255.66666666666663,1.832694890322509,38.11,31.59,1.5
1,252.390625,2.728479139506817,38.18,26.47,1.48
0,243.890625,4.139042247086765,39.72,27.39,1.5
1,232.4375,3.076129325665534,39.46,26.12,1.54
1,232.90123456790124,1.662796231699579,37.03,27.26,1.49
1,253.72222222222223,3.142271689242787,33.68,26.31,1.46
1,242.515625,2.046142724342644,37.18,26.18,1.51
1,231.51388888888889,1.551581112874879,28.67,18.45,1.07
1,229.546875,1.913038389757276,38.11,26.75,1.53
0,249.22222222222223,2.235034849080774,0.0,0.0,0.0
1,247.0625,5.568762343376876,40.43,24.18,1.54
1,228.31944444444443,1.520639585951964,37.45,27.47,1.5
0,249.69444444444443,2.723730728030205,38.78,27.22,1.53
1,235.1875,1.69674323219806,37.82,26.11,1.51
1,239.13888888888889,1.941502469281356,38.42,26.61,1.47
1,234.875,2.378322341375881,37.69,26.17,1.44
1,250.40625,4.481150817126036,36.03,29.23,1.46
0,232.23611111111111,1.465421729617649,37.75,27.36,1.53
1,265.296875,2.289035739377141,30.34,33.54,1.5
0,257.68055555555554,3.105872933235434,32.75,28.35,1.46
1,244.3055555555556,2.195687005089389,36.29,30.39,1.5
1,262.9166666666667,2.107373492585288,37.12,27.28,1.48
1,236.11111111111111,2.13401175621483,37.52,24.27,1.56
1,245.4375,3.089623649604619,37.15,30.07,1.52
0,248.703125,2.01437871158123,41.4,25.63,1.52
1,262.31944444444446,3.158347770571709,37.08,29.54,1.51
0,232.06944444444443,2.29552204741372,0.0,0.0,0.0
1,235.578125,2.561292830854654,37.69,26.2,1.52
1,245.03125,3.115729141049087,39.18,27.77,1.48
1,228.96875,1.700664835982025,38.18,27.85,1.51
0,239.1875,1.762359304353595,38.15,26.92,1.51
1,265.90625,2.222160642966628,34.18,30.31,1.5
0,256.5,1.814592800103128,39.45,29.83,1.49
1,232.94444444444443,2.702888684140311,37.55,25.94,1.52
1,241.46875,2.575133592821658,38.53,25.3,1.52
1,230.90625,1.693935337476432,38.93,26.86,1.54
1,231.86111111111111,1.598576468725999,38.75,30.88,1.5
1,253.171875,2.559112778864801,38.99,29.15,1.49
1,227.88888888888889,1.676723726093769,36.96,26.53,1.51
1,253.3055555555556,1.415073932045036,36.41,27.58,1.49
1,230.22222222222223,1.984013550811344,37.74,28.06,1.52
1,261.28395061728395,4.105113122934177,28.38,30.92,1.45
1,254.2716049382716,2.962719285929645,31.26,29.91,1.46
0,250.08641975308643,2.715557564187933,38.87,25.2,1.55
1,238.109375,2.351313055492938,34.36,29.99,1.5
1,264.93055555555554,2.004998193018966,34.97,30.7,1.5
0,238.71604938271605,2.14925750096639,4.12,2.54,0.15
1,232.76388888888889,1.908121315141519,40.21,25.3,1.5
1,250.15625,4.411980696022513,38.54,25.78,1.48
1,243.0,2.059929016046226,39.16,27.02,1.53
1,246.47222222222223,1.715848656992118,37.79,26.56,1.54
1,254.875,3.329126296771897,31.06,30.97,1.45
1,240.515625,3.162255318835378,37.87,25.19,1.5
1,235.54166666666663,2.859176075292958,38.89,26.32,1.52
0,257.1111111111111,3.606073605517546,31.98,30.14,1.46
0,235.5,2.785642984012763,16.24,11.32,0.65
1,225.015625,1.739024232141674,38.36,28.42,1.5
1,243.78125,5.183354898355902,35.78,29.02,1.51
1,262.7361111111111,3.376671638753679,33.04,31.44,1.49
1,251.328125,1.913325636647642,34.63,27.59,1.47
0,249.0,2.998223908245564,43.8,22.35,1.51
1,256.58333333333326,2.467916449738873,32.76,28.05,1.46
1,239.0,2.26620713993907,37.98,28.14,1.48
1,251.38888888888889,1.680508714583185,36.05,27.65,1.48
0,243.125,5.082861477509142,0.0,0.0,0.0
1,247.3125,3.862499525770545,38.18,30.3,1.49
1,264.078125,2.147667630575597,34.03,31.2,1.51
1,264.22222222222223,2.795894463857015,32.16,30.12,1.48
1,240.46875,2.30792791955173,39.02,30.65,1.5
1,250.75,2.256518681533635,36.36,27.1,1.48
1,231.4583333333333,2.480372873445352,37.06,26.57,1.53
0,231.5555555555556,1.302661160628001,0.29,0.2,0.01
1,254.65277777777777,3.662501273883714,38.9,27.17,1.48
1,229.41666666666663,1.823359854519367,39.33,25.63,1.53
1,242.109375,4.73510723747313,32.16,25.84,1.32
1,244.703125,2.9514748621732,36.81,27.55,1.49
1,254.27777777777777,4.260116204619408,33.25,29.99,1.45
1,243.81944444444443,3.477690383791924,36.77,27.98,1.52
1,238.7083333333333,2.54002577977048,35.96,28.37,1.48
1,262.609375,2.023488988168538,30.53,33.34,1.51
1,253.015625,3.653116665780544,39.92,25.16,1.48
1,258.640625,4.951201792806388,40.62,27.72,1.48
1,228.8333333333333,1.514574369622602,36.79,27.78,1.5
1,242.78125,2.537415379658341,36.49,30.52,1.49
1,241.875,3.512641193138228,34.39,29.28,1.51
1,268.390625,2.449934411793947,32.76,29.98,1.48
1,260.5,2.871706023812294,37.87,29.72,1.5
1,257.40625,3.491323542781174,40.88,27.87,1.51
1,252.61111111111111,4.283666825956768,41.25,25.27,1.49
1,268.578125,2.957773965783417,36.82,29.04,1.48
1,267.61728395061726,2.179325760882578,36.85,30.0,1.53
1,252.71875,1.731583035551012,42.19,26.52,1.52
1,240.79166666666663,2.081393327977922,35.87,30.78,1.49
1,253.76388888888889,3.152096512416998,37.4,26.29,1.48
1,225.58024691358025,1.866705527276169,39.45,25.86,1.53
0,232.859375,1.541872760280967,39.45,26.11,1.5
1,236.90625,2.580109160393476,41.03,25.3,1.49
1,239.5625,2.407217843458056,33.93,30.4,1.5
1,255.5833333333333,2.446059186969485,34.06,33.19,1.49
0,261.01388888888886,2.496507591671414,40.33,28.64,1.52
0,261.0,4.786589504024128,37.41,29.78,1.55
0,256.046875,4.332976973615587,20.63,22.78,1.01
1,256.38888888888886,3.198203716841009,31.34,30.21,1.47
1,231.06944444444443,2.334607443047894,38.98,26.01,1.5
1,246.65625,4.142128374427557,35.73,27.43,1.52
1,226.640625,2.186302723363042,37.64,27.76,1.52
1,228.4583333333333,2.077510709563891,38.9,27.95,1.49
1,253.61111111111111,2.351278655230999,35.46,28.15,1.48
0,260.4861111111111,7.66238344874647,0.0,0.0,0.0
1,253.70370370370367,1.615486688084073,35.74,29.45,1.47
1,267.2361111111111,1.937830896013313,28.13,33.31,1.49
1,239.69135802469137,2.228159797044448,37.99,28.4,1.5
0,244.8333333333333,2.571080149047904,38.41,26.27,1.55
1,259.27777777777777,2.328530675007237,39.23,27.8,1.48
1,233.5833333333333,1.815257161027855,37.61,26.61,1.51
1,233.9305555555556,1.945977811184194,39.77,26.24,1.51
1,261.953125,5.097656449303032,39.53,29.84,1.5
1,243.5625,2.341013504192233,39.05,27.81,1.49
1,255.8333333333333,3.243263973957963,32.93,28.56,1.47
1,227.71875,2.107123197056353,37.81,26.61,1.53
1,223.65277777777777,2.138348037170039,20.84,13.9,0.77
0,227.296875,2.131808388978243,39.64,27.83,1.49
1,240.125,1.614996748976409,41.54,27.14,1.5
1,230.41666666666663,2.17511470698648,34.97,28.19,1.52
0,257.81481481481484,3.421655618114236,38.86,26.45,1.5
1,250.2083333333333,4.66616559939252,38.5,27.75,1.53
0,234.359375,1.752552011050284,38.74,25.51,1.55
1,264.69135802469134,2.173392085381496,36.45,28.74,1.5
1,239.4583333333333,1.743403365214666,37.09,28.98,1.51
1,235.828125,1.818675368092954,38.03,26.2,1.52
1,251.40625,3.599193189293146,41.52,23.84,1.5
1,252.2083333333333,2.449084262881014,36.95,27.44,1.49
1,226.4583333333333,1.770704708165593,37.56,25.15,1.51
1,254.79166666666663,3.781386584043503,34.8,28.67,1.48
1,246.34722222222223,3.404886744916439,35.96,29.81,1.52
0,253.3333333333333,1.7486359278361,29.26,23.76,1.19
0,252.48611111111111,3.409947796000375,39.34,28.56,1.53
1,256.08333333333326,2.898713759250111,33.81,33.57,1.5
0,247.81944444444443,3.502673540678289,21.11,15.9,0.89
0,254.75,2.190945098176599,35.85,28.84,1.48
1,234.04166666666663,1.679294086164898,36.14,23.37,1.36
1,255.94444444444443,3.262397347225083,34.41,27.48,1.47
1,246.90123456790124,2.246561678839318,39.53,26.93,1.49
1,248.50617283950612,4.316019063378558,40.22,27.64,1.51
1,235.9305555555556,1.923061736755901,38.32,29.26,1.51
1,226.828125,2.014336008578539,37.6,25.45,1.52
1,236.46875,3.523262847214937,49.42,24.3,1.44
1,254.96875,2.497035726904869,39.34,26.07,1.48
0,256.48148148148147,3.222846365269319,33.69,29.4,1.47
1,250.703125,3.493026330135763,38.67,28.88,1.48
0,263.484375,2.907133367843926,8.43,5.54,0.32
1,260.765625,4.052986241877079,33.49,30.44,1.48
0,242.3055555555556,3.705356716281838,14.32,10.02,0.59
1,262.97222222222223,4.267836963964834,33.29,31.99,1.52
1,247.921875,2.378818175755441,39.24,27.12,1.51
1,255.29166666666663,3.266568182243241,40.7,27.12,1.5
1,239.1875,2.092213299125433,39.76,27.72,1.55
1,240.828125,1.810554139316082,24.53,15.73,0.88
1,252.73611111111111,3.784375958972507,33.12,29.45,1.46
1,231.5,1.505643340758979,38.8,26.47,1.51
1,260.09722222222223,4.53596408251259,37.58,31.9,1.51
1,252.671875,3.280646706931293,40.51,29.05,1.52
1,233.671875,3.232851780951023,39.11,25.7,1.51
0,248.375,2.238202691906028,38.42,26.15,1.55
1,227.5,2.527455977164209,38.37,27.13,1.53
1,259.9753086419753,2.428803428455635,34.25,29.86,1.49
1,232.546875,1.661981779150665,36.0,27.92,1.49
1,234.13888888888889,2.047104285822974,38.25,25.21,1.53
1,237.390625,2.475367072038352,38.48,27.2,1.54
1,231.58024691358025,2.428476909796397,39.08,26.09,1.52
1,245.65625,2.248954495415092,37.18,28.84,1.52
1,258.578125,1.73650548607111,35.48,29.42,1.5
0,265.625,2.523392962084876,18.99,16.42,0.8
1,262.8125,4.281780066899956,36.78,29.27,1.54
0,241.59722222222223,3.02345527542962,0.0,0.0,0.0
1,236.15277777777777,2.151477460232046,36.76,25.98,1.5
1,250.56790123456787,2.861782553019347,39.18,26.83,1.47
1,236.296875,1.777572902850807,37.02,25.8,1.49
0,256.3611111111111,2.837285672624906,0.0,0.0,0.0
1,258.26388888888886,1.894460834562778,40.24,25.97,1.51
0,255.953125,4.391328738071026,36.35,23.99,1.48
1,242.4074074074074,2.341084013750524,40.68,26.3,1.5
1,228.31944444444443,2.073176613284482,38.83,27.91,1.5
1,254.3125,1.611569702625275,36.46,27.33,1.48
0,253.765625,4.237660590559244,39.16,30.93,1.5
1,237.34375,5.828413874842228,44.23,25.33,1.5
1,247.59375,2.292930585332215,36.17,25.89,1.48
1,236.3703703703704,2.42926322825161,0.0,0.0,0.0
0,242.90277777777777,1.431935764021344,0.0,0.0,0.0
0,230.78125,1.764050911180675,36.4,26.02,1.52
1,228.88888888888889,1.790819486810102,36.83,25.46,1.49
1,239.359375,2.369833745062351,42.2,25.12,1.51
0,257.1111111111111,3.337543620003594,35.7,28.32,1.42
1,255.8125,1.997162367217243,35.16,29.41,1.49
1,226.90625,1.813637170940638,39.94,25.28,1.52
0,254.5,4.016756166703999,40.12,25.86,1.56
1,227.91666666666663,1.802442732784483,38.62,25.4,1.52
1,233.31944444444443,2.422342025571399,39.51,26.16,1.54
1,260.625,3.773830248249902,37.57,30.62,1.52
1,234.9375,2.862858488224447,37.67,26.42,1.52
1,242.125,2.467303874591986,36.32,28.07,1.5
1,234.79166666666663,1.830089003675514,35.09,24.62,1.41
1,261.78125,3.375526172108948,39.33,27.48,1.51
1,253.84722222222223,1.886740018924077,36.26,27.79,1.47
1,251.8333333333333,2.730264083378845,38.35,28.02,1.48
0,246.46875,2.453696597367525,40.62,27.47,1.52
1,270.046875,2.776735341176391,32.33,30.11,1.49
1,253.5625,2.181420204229653,36.36,29.78,1.48
0,245.125,2.098104909062386,39.17,27.63,1.47
1,254.4375,1.514053740538657,33.82,29.91,1.46
0,263.953125,2.214442054741085,17.98,16.15,0.78
1,246.671875,3.646501301787794,32.87,30.85,1.48
1,228.76388888888889,1.62490212586191,38.21,26.63,1.53
1,229.046875,1.989277327433228,35.95,26.83,1.51
1,238.15625,2.041322723031044,34.09,28.11,1.49
0,232.01388888888889,1.863347410327858,35.83,27.37,1.51
0,245.765625,2.860907725058496,39.06,26.39,1.52
1,229.4375,1.394823939539492,37.71,26.62,1.51
1,231.16049382716048,2.075182524728187,39.35,24.79,1.53
1,243.984375,2.675764772109687,37.38,25.21,1.52
1,230.734375,1.924102041870356,37.81,26.14,1.52
1,248.328125,2.348571790382266,37.77,32.17,1.5
1,228.234375,2.340811830945313,37.09,25.83,1.53
0,240.44444444444443,1.785055545377143,15.01,12.26,0.64
1,252.5555555555556,3.766633550326029,33.07,29.27,1.47
1,248.14814814814807,3.997804783008717,32.22,28.79,1.47
1,257.5625,4.290416404604912,36.57,27.11,1.46
1,230.15625,2.07378211338073,39.16,26.63,1.51
1,261.5416666666667,2.214523289766577,39.17,29.29,1.51
0,258.125,3.095907417126,35.03,28.06,1.48
1,236.53125,2.079420156776905,36.88,27.67,1.47
1,245.30864197530863,2.112032247178349,35.42,29.48,1.5
0,237.88888888888889,2.387949032088121,0.0,0.0,0.0
1,233.046875,2.660808987915516,37.26,26.05,1.53
0,266.2361111111111,2.582679195536508,35.86,29.74,1.48
1,253.734375,6.071763133630158,35.8,29.9,1.48
1,238.36111111111111,2.292519165409936,38.37,26.14,1.52
0,251.046875,4.301267475821078,41.55,26.63,1.5
0,258.59375,4.347563555464151,37.97,25.96,1.52
1,263.5,2.379095817916095,28.39,33.35,1.49
1,236.84375,2.614690130576491,38.42,28.61,1.5
0,234.34722222222223,2.139170727796025,38.44,25.73,1.52
1,231.125,1.634285059757531,35.86,28.36,1.49
1,232.22222222222223,2.293431460029549,39.57,26.52,1.5
1,232.77777777777777,1.940918161637253,36.95,26.26,1.51
1,256.734375,3.434641011990607,38.73,27.93,1.49
1,245.40625,4.501747962087393,37.13,26.52,1.51
1,256.4166666666667,1.931039730707804,38.56,28.56,1.5
1,255.578125,1.415888492949307,35.24,29.39,1.48
1,236.44444444444443,2.153013361089024,39.23,25.63,1.49
1,250.95061728395052,2.458539184228874,35.42,27.6,1.49
1,259.296875,4.801613247022034,38.26,29.41,1.49
1,234.94444444444443,1.988775830301974,40.61,25.55,1.49
1,251.84375,2.104416723363101,36.89,27.94,1.48
1,263.25,2.094076535767979,35.31,28.43,1.49
1,242.40625,3.121153764426708,35.28,29.5,1.52
1,261.453125,2.925701268948615,35.45,30.1,1.51
1,230.921875,1.748309983871877,37.59,26.85,1.53
1,254.72222222222223,2.888275241686238,33.96,25.98,1.47
1,234.61111111111111,2.368619803753164,39.94,24.8,1.48
1,238.44444444444443,1.90562338133653,32.08,30.17,1.42
1,266.296875,4.003138527274132,34.04,27.83,1.47
0,231.61111111111111,9.515575097666847,5.1,3.06,0.18
1,254.390625,4.04943975713104,38.16,26.95,1.48
1,240.0625,2.096453554928303,42.71,26.1,1.47
1,267.078125,2.173901946283877,32.59,30.78,1.48
1,262.5625,1.874781504273415,33.95,29.78,1.48
1,230.5625,2.148940429091454,39.86,26.69,1.54
1,244.79166666666663,3.27201372385025,32.84,32.55,1.5
1,232.796875,1.440038846805692,36.25,27.33,1.51
1,232.375,2.3463136429588,36.27,26.18,1.52
1,245.078125,2.487277663312852,37.13,26.78,1.46
0,233.71875,2.790813820436597,10.41,6.97,0.43
1,232.75,1.987938259210851,39.49,24.49,1.5
1,236.578125,1.988173754885793,37.08,28.06,1.5
1,257.58333333333326,4.64905383437872,34.63,27.92,1.47
1,230.84375,1.785499799996614,37.8,27.88,1.53
1,258.765625,3.94211976788938,32.56,29.19,1.46
1,254.63888888888889,3.013233780033059,36.98,25.17,1.47
1,262.3125,2.241216863505542,28.43,33.15,1.49
1,266.8611111111111,1.88950487309032,34.35,32.41,1.5
1,234.81944444444443,2.449732087552547,39.73,27.61,1.46
0,242.23456790123453,2.911218699849682,0.0,0.0,0.0
1,228.02777777777777,2.476400804188517,39.73,25.74,1.51
1,260.71875,3.563230299390852,38.11,31.78,1.46
1,230.5,3.886725350386567,36.69,25.76,1.51
1,244.27777777777777,1.7693178926905,41.61,25.56,1.51
1,265.9375,2.364054031670094,36.04,31.11,1.51
0,254.453125,4.034841088578105,12.5,7.44,0.47
1,236.734375,2.527684102766216,34.78,31.04,1.5
0,173.94444444444443,2.988623297214508,29.75,34.12,1.46
1,258.65625,3.697357695549726,36.6,28.66,1.54
1,234.859375,1.824098036624491,35.94,27.44,1.47
0,254.8055555555556,4.36162682871024,36.76,25.81,1.49
1,248.59722222222223,4.590745294259654,34.77,29.09,1.49
1,251.0833333333333,2.221457010342015,37.89,28.51,1.47
1,245.0,2.406296226195991,39.49,26.28,1.49
0,244.98765432098764,2.852379104237498,37.96,27.01,1.55
0,233.78125,1.726074102334678,40.74,25.84,1.51
1,231.328125,1.691685737110674,37.99,27.09,1.52
1,252.90625,4.615161324851216,27.77,35.17,1.45
1,237.125,1.78068024944514,36.29,27.72,1.5
1,240.03125,1.682831953279674,35.01,30.26,1.5
1,258.359375,4.618666832335294,37.71,29.74,1.48
1,257.69444444444446,1.672058216399617,37.07,27.81,1.49
1,228.53125,1.656511700712144,37.2,28.06,1.53
1,260.1481481481481,3.282001614570618,33.4,28.7,1.47
1,245.59375,3.080000414513052,38.82,28.84,1.55
0,253.09375,3.195413483306766,31.31,29.09,1.4
1,254.02469135802468,2.288182966503096,36.06,27.68,1.47
1,256.75,5.499739605002106,40.58,29.73,1.49
1,250.8333333333333,3.606614980432722,38.04,28.07,1.47
1,267.734375,2.664046761579812,29.82,31.12,1.48
1,268.90277777777777,2.957554568019178,30.99,30.25,1.47
1,253.47222222222223,3.591167097290357,31.92,28.88,1.46
1,226.625,1.378270990215242,40.08,27.35,1.52
1,244.5625,1.970322800800204,37.24,26.72,1.5
1,241.421875,1.873663434758782,36.93,26.65,1.51
1,233.51388888888889,2.079609043896198,37.75,27.01,1.52
1,250.484375,3.434431172907352,36.89,27.96,1.5
1,255.8125,1.890954070724547,39.75,27.0,1.51
0,255.59722222222223,3.529142038689719,0.0,0.0,0.0
0,255.265625,2.861471395008266,37.85,31.92,1.49
1,257.4861111111111,2.593102616568407,38.56,26.48,1.52
1,255.53125,2.384048407897353,39.31,28.99,1.47
1,264.171875,5.06492451298982,31.82,30.24,1.46
1,256.4691358024691,4.500580814885504,36.74,29.48,1.47
1,266.95833333333326,2.098390450080236,29.28,34.02,1.5
0,235.27777777777777,2.110995489690039,3.98,2.51,0.15
1,248.81944444444443,1.801881913509634,36.59,26.67,1.5
1,243.07407407407408,2.011594022497719,40.8,25.02,1.53
0,252.71875,2.678561594337225,0.0,0.0,0.0
1,228.578125,2.057957616634667,36.46,25.86,1.52
1,238.3333333333333,2.242366382645236,38.17,26.96,1.5
1,257.078125,3.131798222661018,32.61,29.9,1.47
1,262.015625,2.940651592798531,40.64,27.08,1.54
1,233.09722222222223,1.667575590312481,45.06,26.13,1.51
1,251.41666666666663,3.610678939355744,31.05,28.13,1.46
1,231.51388888888889,2.597220037546423,37.54,29.1,1.49
1,252.90277777777777,4.304546746942732,37.67,27.23,1.47
1,240.0,3.468515387839741,34.07,29.45,1.5
1,238.8125,1.989027582108974,36.74,27.45,1.52
1,260.1666666666667,2.278853157328235,38.76,30.07,1.49
1,239.61111111111111,1.975549104313056,36.64,25.91,1.51
0,228.390625,1.955805818550289,38.88,25.08,1.53
1,266.640625,1.959108805283904,35.26,30.72,1.48
1,243.546875,3.200228750705719,38.34,26.35,1.53
1,256.28395061728395,2.510349605554416,34.67,27.87,1.48
1,232.515625,2.98253208398819,37.72,27.37,1.54
1,223.546875,2.971814188174903,38.61,27.93,1.55
1,229.9583333333333,1.562144571708308,39.47,25.45,1.53
1,230.1805555555556,3.086837876174185,18.93,14.24,0.77
1,249.15625,2.674812095239758,37.77,27.79,1.52
1,224.59375,2.107781248167157,39.08,24.81,1.52
1,253.5555555555556,4.51165974057383,38.09,29.9,1.49
0,247.06944444444443,2.820480032099618,0.0,0.0,0.0
1,235.8271604938272,2.156258428538287,38.24,26.76,1.52
0,256.2916666666667,2.395010314053959,34.78,21.9,1.3
0,264.09375,5.022737085819244,39.9,27.81,1.46
1,228.38888888888889,1.742517631914881,38.1,26.93,1.5
1,262.93055555555554,2.577546515398555,33.51,30.92,1.5
1,229.34375,1.909477868117392,38.29,26.25,1.5
1,249.375,2.154850261285901,40.48,25.85,1.5
0,252.69444444444443,3.482052937150002,38.4,25.61,1.48
1,236.97222222222223,2.069427697194947,38.26,25.79,1.53
1,234.625,2.561858842770258,37.01,25.81,1.49
1,250.796875,3.298378832638264,40.45,28.83,1.52
1,257.44444444444446,2.568134961856736,42.07,27.55,1.5
0,238.03125,1.405257075093687,39.53,25.93,1.53
1,230.8333333333333,1.731962291730775,38.39,26.28,1.53
1,257.77777777777777,4.964913301997716,39.27,29.5,1.5
0,255.1805555555556,3.715619881947835,36.19,29.67,1.51
1,260.88888888888886,1.450002046095,34.59,29.24,1.49
1,256.65277777777777,3.7424630895257,35.85,26.48,1.47
1,236.546875,1.730598451569676,36.94,26.49,1.5
1,255.79166666666663,2.198542613122198,33.36,34.09,1.49
0,253.6875,6.923540393821896,1.33,1.16,0.06
1,232.34375,2.033412181772292,39.88,27.51,1.46
1,234.984375,2.22803162317723,36.73,27.78,1.52
1,269.703125,1.932469978928566,27.1,32.07,1.49
0,245.75,2.110033452510834,15.69,10.35,0.59
1,244.31944444444443,1.989669562213951,38.39,29.3,1.56
1,240.125,2.286913820542395,37.96,26.75,1.54
1,252.59375,4.355326319113374,40.27,25.49,1.51
1,230.84722222222223,1.44479800760746,38.38,26.42,1.51
0,264.40625,1.668725308030844,10.09,9.92,0.46
1,244.046875,1.741601308807731,39.6,28.66,1.54
1,256.609375,4.928891831077636,37.59,29.72,1.46
1,235.828125,1.699701368808746,38.45,25.33,1.54
1,239.796875,2.811484130099416,37.91,26.16,1.5
0,250.14814814814807,3.081645220886042,39.93,16.04,1.19
1,235.90625,2.384236072671825,31.89,30.83,1.48
0,235.640625,1.105760222300887,9.75,6.49,0.4
0,233.71875,2.349779400974512,39.93,27.8,1.48
0,238.1805555555556,1.973414262963666,1.61,1.07,0.06
1,229.97222222222223,1.79504076557027,38.15,26.56,1.52
1,234.29166666666663,1.891453362173504,39.48,26.0,1.53
1,249.40277777777777,1.776292258666621,38.22,31.31,1.5
1,229.34375,1.944515680894256,35.89,26.26,1.53
1,233.0833333333333,2.580522840221723,38.1,26.49,1.51
1,234.16666666666663,2.026395551860332,39.21,25.58,1.55
1,257.33333333333326,4.689005547099644,38.52,26.16,1.53
1,231.109375,1.937724810093641,39.57,26.34,1.51
1,255.125,3.825048204925325,35.42,26.86,1.46
1,254.578125,4.380349267274142,33.45,29.63,1.46
1,235.4305555555556,2.227586255305343,37.69,26.26,1.51
1,231.90123456790124,2.136920512458425,37.97,25.83,1.54
0,252.28125,7.105641808360816,0.0,0.0,0.0
1,241.875,3.688872650265694,35.33,29.8,1.49
1,253.76388888888889,3.598699822194046,37.33,28.43,1.47
1,245.40625,2.815371730364859,38.96,26.32,1.55
1,223.59375,1.979600466787815,37.98,24.76,1.51
1,238.7083333333333,2.498556059267786,33.59,31.18,1.48
1,259.2916666666667,3.283524918059508,39.36,26.94,1.49
1,256.8125,3.58789957780391,30.74,33.3,1.47
1,234.328125,1.85468346439302,37.9,25.54,1.53
1,240.28125,2.980295870453119,36.21,29.66,1.49
1,230.078125,1.967747799120843,36.93,27.28,1.52
1,253.828125,1.598691788502038,34.11,32.71,1.5
1,266.953125,2.21911091171205,37.35,28.97,1.48
1,253.765625,2.693025496788323,37.4,26.87,1.48
1,242.953125,2.482057613320649,39.87,24.48,1.55
1,238.40625,1.72736207768321,38.36,27.97,1.49
1,254.65625,1.731209011748433,35.0,28.4,1.49
1,233.76388888888889,2.135448314249516,39.16,25.3,1.55
0,251.41666666666663,2.545116085973051,0.0,0.0,0.0
1,260.55555555555554,2.047567415568563,40.27,27.91,1.48
1,228.671875,2.393795471638441,38.09,26.71,1.52
1,257.7916666666667,4.228147266639604,40.48,25.26,1.48
1,240.390625,3.181897268630564,43.38,25.44,1.52
1,266.05555555555554,2.191466338104672,33.3,31.37,1.5
1,266.58333333333326,2.117932258380784,30.56,34.3,1.49
1,254.890625,2.612047735601664,38.06,32.47,1.49
1,253.48148148148147,4.026046721287716,36.61,23.44,1.48
0,239.28395061728395,2.313148611121707,36.48,28.75,1.5
1,230.625,1.646264903247356,39.07,25.11,1.52
1,228.63888888888889,1.592680564357175,37.9,27.01,1.52
0,241.40277777777777,2.172813004089726,0.0,0.0,0.0
1,241.75,3.445038267307811,36.72,30.26,1.51
0,235.921875,2.482249996624887,0.0,0.0,0.0
1,261.59375,2.045540986582637,36.31,27.44,1.48
1,257.17283950617286,2.092200458785634,40.21,28.11,1.51
1,233.81944444444443,2.127689966724978,40.48,26.19,1.51
1,229.72222222222223,1.820445388555527,38.59,27.28,1.52
1,252.859375,1.779271859675646,35.17,29.18,1.49
1,263.625,4.761629413399432,38.89,28.14,1.48
1,233.47222222222223,2.106514175732931,38.56,24.61,1.5
1,244.875,1.929836239251826,18.98,13.51,0.74
1,240.73611111111111,1.754380149973763,37.18,25.52,1.51
0,266.875,1.801350975202189,22.5,24.1,1.07
0,231.1875,2.885459095744763,21.01,13.61,0.77
1,253.3827160493827,3.328230277991589,37.65,28.39,1.48
1,252.265625,1.832572440616786,37.9,26.81,1.48
1,253.56944444444443,5.608266771667534,36.77,32.94,1.5
1,236.453125,1.940207776613533,37.36,30.63,1.51
1,268.43055555555554,2.934022560715675,33.65,31.07,1.51
1,230.6805555555556,1.688349482913812,38.0,25.91,1.53
1,237.296875,1.950579728931189,38.4,23.76,1.49
1,231.046875,2.324286432005465,37.88,26.54,1.53
1,251.66666666666663,2.332804180681705,39.51,26.71,1.48
1,253.641975308642,3.153998018782816,39.99,24.78,1.48
0,228.0833333333333,3.598283891876539,24.76,19.85,1.06
0,239.5625,5.35882464516908,21.56,13.19,0.76
1,253.203125,2.041623671539128,35.97,28.34,1.48
1,229.26388888888889,1.496245395806101,37.75,26.77,1.54
1,228.9583333333333,1.389272703064813,39.24,25.89,1.52
1,246.75,4.712048896588386,32.32,31.63,1.48
0,240.0625,2.192997431382537,0.96,0.65,0.04
1,240.4074074074074,1.895858081034672,38.59,27.13,1.55
1,256.75,1.558001038100984,38.52,28.24,1.5
1,266.75308641975306,2.553731575424289,34.22,30.06,1.49
1,247.66666666666663,3.328849217130078,35.25,29.22,1.53
1,227.29166666666663,2.439879174033801,37.27,25.55,1.5
1,252.859375,2.289978223852813,36.39,27.89,1.41
1,234.546875,1.49676972348243,39.35,24.88,1.51
1,232.5,1.655374040827155,39.52,25.98,1.52
1,254.03125,2.451364801265299,34.57,28.71,1.47
1,258.171875,4.975590523332358,40.14,27.96,1.45
1,251.0987654320988,3.530968415884324,36.8,28.8,1.48
1,229.31944444444443,1.84710036797656,39.03,26.04,1.52
1,231.4583333333333,1.560670602652762,35.15,29.05,1.51
0,268.25,6.1132216801246,16.55,11.5,0.65
1,250.53125,4.109721002168955,38.61,26.99,1.48
1,267.7361111111111,2.395364549424913,32.16,30.14,1.5
1,239.30864197530863,3.871795804412276,37.16,26.77,1.51
1,237.5833333333333,2.179199680685997,38.2,26.13,1.51
0,232.54166666666663,2.514714471167988,41.48,25.17,1.4
1,243.5,4.897639621463088,36.14,28.19,1.53
1,253.7283950617284,4.341186429247444,37.41,24.78,1.48
0,241.63888888888889,2.820148376954926,18.37,14.99,0.75
1,248.56790123456787,4.816327684455448,36.06,25.94,1.4
0,255.72222222222223,5.545224852032132,0.0,0.0,0.0
0,266.9259259259259,3.981088758250813,34.29,29.52,1.5
1,265.375,3.123447320527501,30.91,34.22,1.47
1,244.6805555555556,2.254095573392179,39.65,27.82,1.5
1,250.890625,2.02689547277987,34.91,27.5,1.49
1,244.93827160493828,2.381930804546968,37.74,26.55,1.5
1,226.23611111111111,2.09906511919366,38.28,26.99,1.52
1,263.63888888888886,3.433284484677845,33.6,30.72,1.49
0,244.625,1.90504854834742,38.47,25.97,1.55
0,245.8395061728395,2.08172693443887,21.3,17.03,0.9
0,227.96875,1.116963954642415,0.9,0.61,0.03
0,255.75,3.368872821331024,18.8,14.16,0.74
1,231.671875,3.928878100588918,37.31,26.54,1.51
1,233.546875,1.669827322475612,36.61,28.1,1.53
1,268.640625,1.796175335533917,34.63,28.86,1.51
1,243.79012345679007,2.594912127212242,36.33,28.39,1.51
1,267.68055555555554,2.673368312418461,31.51,29.98,1.5
1,237.953125,1.996974827721715,39.09,26.01,1.54
1,232.79012345679007,2.327906087592796,38.18,29.43,1.53
1,248.22222222222223,2.675696559250355,34.28,30.09,1.51
1,228.56944444444443,1.712590934501754,37.48,25.99,1.51
1,253.77777777777777,2.127024744947752,35.08,29.03,1.47
1,228.953125,1.431451845914125,40.42,25.4,1.52
0,242.796875,2.396911337040365,39.81,25.91,1.44
1,267.56944444444446,2.299011136094729,31.67,31.16,1.5
0,244.41666666666663,2.885154540340106,39.0,27.65,1.51
1,234.3125,2.168049797415733,41.71,26.47,1.47
1,234.88888888888889,2.686540025803778,38.55,26.01,1.5
1,260.1481481481481,4.685632430476908,39.08,27.53,1.49
1,251.44444444444443,2.139271023372809,34.71,28.87,1.49
1,249.4305555555556,4.060030940506193,38.2,28.59,1.52
1,231.7083333333333,1.377732680075698,37.38,27.11,1.53
1,246.94444444444443,3.752361959881253,36.63,27.64,1.52
1,231.0,2.318303169682622,37.52,27.2,1.53
1,240.48611111111111,2.29987667583757,39.4,27.0,1.5
1,266.28125,1.905470054596663,31.17,30.76,1.5
1,242.796875,3.532722951844335,35.94,29.73,1.52
0,225.25,2.309935583836503,0.0,0.0,0.0
0,251.9305555555556,5.617627327640852,38.58,26.15,1.5
1,250.02777777777777,2.008032461007436,38.59,26.14,1.5
1,267.578125,1.787179870530963,33.1,31.26,1.52
1,242.0555555555556,1.611707446290486,39.77,27.01,1.52
1,246.16666666666663,2.094498222900762,35.92,30.99,1.51
1,261.5679012345679,2.377924803598428,36.52,27.62,1.47
1,244.625,2.486456722952425,35.88,30.18,1.5
0,224.91666666666663,2.174937789638837,38.68,25.52,1.43
1,230.7083333333333,2.22503392977847,37.64,26.8,1.52
1,235.9135802469136,2.508705695470174,39.03,26.66,1.48
1,253.53125,3.965694043785334,37.22,30.47,1.51
1,257.34375,3.042245852760971,40.74,26.47,1.49
1,234.46875,1.848677694797516,39.66,28.04,1.48
1,266.875,2.235166780650616,30.54,33.7,1.5
1,236.16049382716048,1.913644850254059,38.26,26.52,1.5
0,237.21875,2.63466065749526,26.81,18.79,1.08
1,250.6049382716049,3.2400802028032,31.32,26.77,1.45
1,264.38888888888886,1.812870582772626,34.89,30.67,1.51
1,247.77777777777777,2.269465076426665,38.98,25.83,1.55
1,235.296875,1.842654732987285,37.5,26.68,1.51
0,257.25,5.72081682085991,36.27,31.49,1.5
1,245.0,2.39164154479901,36.11,28.37,1.51
1,246.15625,3.674968970939517,39.38,27.87,1.51
1,253.15277777777777,3.578306894335482,35.71,30.27,1.48
1,230.0833333333333,2.164887892703215,40.11,28.27,1.52
1,239.890625,2.492213322781026,33.72,27.36,1.49
1,251.4375,3.71944173052907,40.29,30.22,1.52
0,244.046875,3.212441771291196,35.12,22.18,1.31
1,265.921875,2.42056851554662,31.33,30.45,1.5
1,254.01388888888889,3.346480379501978,33.75,27.25,1.48
1,229.56944444444443,2.76819359511137,37.35,26.93,1.52
0,245.7407407407408,2.584738576117857,36.38,20.9,1.32
1,262.9375,3.853864063508809,36.35,27.99,1.47
1,249.6875,3.601781187579036,35.33,29.31,1.49
1,256.26388888888886,3.479047384526995,29.44,29.15,1.45
1,240.38888888888889,3.004303955369525,38.12,28.75,1.51
0,249.75,1.961170275178221,0.0,0.0,0.0
1,241.98611111111111,2.740025703277853,41.43,25.38,1.48
1,226.671875,1.649265225976706,37.39,27.33,1.5
0,266.30555555555554,2.260697973271211,34.0,31.11,1.5
1,228.984375,1.572938290424645,38.98,26.63,1.52
1,251.328125,4.961960473097862,36.47,25.83,1.45
1,257.13888888888886,4.779994855324428,34.21,27.45,1.47
0,250.921875,4.28727291803807,0.0,0.0,0.0
1,256.4861111111111,3.535370152029726,38.37,25.89,1.51
1,241.453125,1.643914635293186,35.42,28.5,1.5
1,238.625,2.056777440839344,38.05,27.52,1.5
1,230.81944444444443,2.91887116101053,38.5,26.13,1.53
1,262.94444444444446,3.043864538272222,30.39,33.58,1.5
1,269.679012345679,2.362571401360594,29.86,32.33,1.48
1,235.0,2.161762614309052,30.44,21.88,1.25
1,256.546875,3.196378344669938,34.89,28.93,1.46
1,262.9166666666667,4.150153829819626,31.86,31.13,1.49
1,240.19444444444443,2.741201342807876,41.5,26.63,1.5
1,253.1875,3.233423735946417,37.25,25.72,1.47
1,230.25,2.104816289618611,39.7,24.68,1.52
1,254.53125,3.415050419047475,29.75,33.44,1.47
1,254.4305555555556,1.75691200627221,32.5,30.63,1.47
1,232.5,1.347291801538732,40.04,25.81,1.5
1,257.04938271604937,3.694286213244921,29.75,30.51,1.45
1,239.765625,1.802982924506068,38.77,27.7,1.55
0,250.828125,1.844944478012621,35.29,26.89,1.46
1,255.5,3.738193457014859,37.95,28.42,1.47
1,242.81944444444443,2.990466336409251,35.73,28.93,1.5
0,242.25,2.381658298894763,37.21,30.34,1.46
1,258.4861111111111,4.384580601420668,32.35,27.03,1.46
1,238.0625,1.844455227255821,40.86,26.56,1.55
0,262.4375,1.860301327891648,37.94,30.33,1.52
1,243.53125,2.153902339749038,37.05,28.0,1.51
0,245.2083333333333,3.345339003536436,36.3,26.01,1.52
0,249.265625,2.053270010277629,51.7,19.68,1.4
1,242.23611111111111,1.981924045417044,37.17,27.58,1.53
1,254.84375,6.787774438038468,39.72,26.48,1.48
1,234.09375,1.746840367093682,38.96,25.64,1.53
1,233.22222222222223,1.935128182540705,39.86,29.12,1.49
0,228.578125,1.74717884324491,38.44,26.66,1.5
1,259.359375,3.939148635603487,40.76,29.8,1.48
1,263.5625,4.185730314813555,31.64,31.18,1.46
1,236.0,1.851941981352866,38.57,26.72,1.5
1,265.81944444444446,1.90128709624211,30.39,35.74,1.48
1,268.671875,2.376533148810267,34.21,29.88,1.5
1,265.76388888888886,3.216472023891078,28.28,33.05,1.5
1,250.5833333333333,3.443216841253969,41.31,24.15,1.54
1,252.734375,2.520475320518017,33.02,30.71,1.47
1,230.0,1.535393243862523,37.42,29.33,1.53
1,246.22222222222223,3.406931167675389,36.32,28.18,1.5
1,258.09722222222223,2.894140884280205,40.29,27.52,1.5
1,233.81944444444443,2.070397311614619,38.68,25.37,1.5
1,228.171875,1.828328969888389,37.28,25.36,1.49
0,239.72222222222223,2.561454089979331,38.78,26.83,1.48
1,242.859375,1.957261623814702,36.41,27.34,1.49
1,246.6805555555556,2.802152918444739,39.82,24.78,1.54
1,254.4375,1.677597487345338,33.46,32.16,1.47
1,238.88888888888889,2.920655152036084,33.08,31.01,1.49
0,266.734375,1.591363376937807,30.46,30.73,1.42
0,264.984375,2.565751079469919,15.41,14.5,0.7
1,265.59375,2.699134939350188,34.16,29.91,1.51
1,234.609375,1.492941983044147,37.45,26.13,1.51
1,229.77777777777777,1.666748547719584,37.56,26.45,1.5
1,253.15277777777777,4.023405274583234,31.06,27.93,1.45
1,257.046875,1.7936931559816,38.11,28.71,1.48
1,235.90625,2.195735299959779,37.14,27.81,1.53
1,242.1805555555556,2.290548038151529,36.44,27.19,1.5
1,260.97222222222223,4.940325484507614,37.74,31.15,1.52
1,259.1604938271605,3.494780280707795,31.21,29.77,1.45
1,252.53125,2.960358442738652,36.7,28.32,1.48
1,228.375,2.094201300293207,37.39,25.96,1.52
1,244.0617283950617,3.780456890294581,36.68,27.78,1.52
0,244.47222222222223,2.547810988293754,41.37,24.66,1.51
1,257.01388888888886,4.415931672685679,38.89,30.86,1.5
1,221.4375,1.623645104467869,37.94,23.74,1.51
0,260.7361111111111,2.291721621321307,40.82,26.49,1.47
1,219.77777777777777,2.057444057767353,38.32,27.16,1.54
1,260.97222222222223,2.686285576886601,27.26,35.12,1.5
1,251.640625,3.900455511175096,35.15,26.35,1.45
1,245.3055555555556,2.951339814398024,38.1,29.93,1.48
1,237.04166666666663,1.613180125753085,34.87,30.99,1.5
1,250.13888888888889,1.779652972431744,35.01,28.98,1.48
1,241.546875,1.585013597272336,37.15,28.87,1.49
1,252.984375,3.107022138312459,42.44,25.45,1.48
1,253.84375,3.440079281106591,39.28,27.3,1.5
1,238.5625,2.422395652160048,37.73,26.52,1.51
1,254.3125,3.073626874014735,39.09,27.47,1.5
1,260.09722222222223,2.194782632092635,38.69,29.44,1.48
1,254.78125,5.04365085810423,35.14,26.51,1.45
1,239.31944444444443,2.18359695126613,39.83,26.09,1.48
1,265.59375,4.122444531880319,31.8,30.65,1.5
1,268.71604938271605,2.639062001381391,31.21,30.13,1.5
0,266.40277777777777,2.103686490820514,37.19,26.42,1.53
1,238.53125,1.820590340532362,36.72,27.09,1.5
1,233.358024691358,2.137013600196367,42.42,25.61,1.49
1,256.93055555555554,3.074876195854611,34.22,27.13,1.46
1,235.3125,2.082035603933036,37.77,25.65,1.51
1,254.5625,1.96692156046629,34.19,32.3,1.5
0,254.765625,5.11107286810875,40.22,29.06,1.46
0,260.171875,6.235135635361076,37.71,28.1,1.48
1,221.80246913580248,2.33340280668603,39.46,25.89,1.48
1,264.921875,2.211227525956929,35.87,30.53,1.54
1,238.1875,2.311088663525879,36.63,28.49,1.51
1,231.25,2.490951593965292,37.64,28.29,1.51
1,232.515625,1.489129614084959,37.82,25.87,1.49
1,267.7407407407408,2.293120760240673,33.43,29.4,1.51
1,241.484375,4.384600387886167,32.72,32.19,1.51
0,251.796875,3.733631931245327,6.26,3.88,0.23
1,255.72222222222223,3.769233971834183,33.28,29.67,1.47
1,251.578125,2.688117347657681,34.01,31.02,1.47
1,232.23611111111111,1.632219636605845,39.29,27.95,1.48
1,240.26388888888889,2.451338274611367,35.76,29.99,1.49
1,256.1875,3.292925637215376,33.25,27.99,1.46
1,243.76388888888889,2.838498811754915,37.94,25.11,1.52
1,266.09722222222223,3.122182706991831,35.02,30.52,1.52
0,241.61111111111111,2.464454148378637,30.28,21.14,1.22
1,253.58024691358025,2.299640234605766,36.63,25.88,1.49
1,251.59722222222223,3.673357177111837,33.07,31.11,1.47
0,257.22222222222223,4.117195954753293,37.6,24.16,1.48
0,234.9583333333333,1.614173340300719,8.89,5.43,0.33
1,237.69444444444443,2.204476713306374,38.27,26.12,1.51
1,236.40625,1.54696253221482,39.66,27.67,1.51
1,239.875,1.51164649013016,36.53,25.48,1.49
1,259.9166666666667,4.213319580588076,37.26,29.22,1.5
1,240.5625,3.629352767020464,36.09,27.53,1.51
1,232.890625,1.872617828659713,36.26,27.88,1.51
0,255.453125,1.794451247900724,34.22,28.99,1.47
1,261.609375,2.495748465880752,39.41,29.45,1.53
1,242.609375,2.795401799492538,35.99,28.39,1.53
1,228.140625,1.729405619204044,39.07,27.29,1.49
1,266.5625,2.558674186468124,30.04,30.62,1.48
0,253.19444444444443,3.925744738843706,0.0,0.0,0.0
1,237.953125,1.5177245689556,35.9,29.22,1.51
1,236.23611111111111,2.433210079040792,34.97,26.88,1.5
1,249.65625,4.438983803614974,36.98,29.44,1.48
0,265.94444444444446,1.82394167366955,33.65,32.51,1.5
1,238.76388888888889,4.365880162351662,37.77,28.3,1.49
1,241.06944444444443,2.711109135713842,36.63,29.17,1.48
1,242.875,2.114860537151495,37.9,26.77,1.5
0,247.56944444444443,3.716409763528241,0.0,0.0,0.0
1,242.75,3.119049467974239,35.73,28.18,1.5
1,239.5,1.987408658489585,36.72,28.21,1.48
1,256.640625,4.391034527681768,40.53,26.24,1.51
1,247.41666666666663,2.391717961264981,34.18,27.71,1.51
1,232.625,1.765078645613458,38.22,27.09,1.5
1,254.09375,3.122052236460149,32.35,30.8,1.47
1,243.734375,2.44226245675236,37.63,25.58,1.53
0,231.078125,1.478364259935915,38.19,28.49,1.52
1,254.171875,4.098662052303553,39.92,25.87,1.47
1,261.88888888888886,3.480595868494776,41.18,28.55,1.48
1,268.25,2.373763953335583,33.25,30.0,1.49
1,252.8125,3.616650747135282,39.95,26.7,1.51
0,238.47222222222223,1.460446384218004,0.05,0.04,0.0
1,243.76388888888889,2.142986512018575,38.62,27.7,1.56
1,235.3125,1.744689587503672,45.06,24.74,1.44
0,255.22222222222223,2.069127101037237,4.35,3.31,0.17
1,252.02777777777777,3.751811038288805,39.81,24.51,1.51
1,235.328125,2.780436744913459,37.94,26.98,1.54
1,266.34722222222223,2.354300926129023,36.24,30.3,1.49
1,254.34375,4.659500222653152,39.5,27.37,1.51
1,258.203125,2.03252503182739,41.6,27.28,1.51
1,255.88888888888889,2.584763802587986,31.9,29.77,1.46
1,231.703125,1.881694229319692,42.79,26.22,1.5
1,251.734375,7.177878363057972,31.87,32.27,1.44
1,231.6805555555556,2.47258715165986,38.1,28.21,1.52
0,239.44444444444443,2.683451257646084,4.18,2.31,0.14
1,255.8125,1.995743377134204,33.58,29.96,1.48
0,237.203125,2.271353307180107,18.95,13.33,0.79
1,233.0617283950617,2.438425999364735,37.06,27.04,1.49
0,264.453125,5.03925068024546,35.31,30.32,1.52
1,249.3125,3.245923102833331,29.36,27.47,1.47
1,232.34375,1.689672421664,35.51,28.76,1.52
1,231.90277777777777,2.178815955089198,39.76,28.0,1.48
1,248.2083333333333,1.948031616707643,34.74,27.75,1.5
1,258.52777777777777,3.347064831190639,35.98,31.77,1.46
1,235.1875,2.510460074990988,35.57,25.81,1.5
0,252.40625,3.382009508088231,0.0,0.0,0.0
1,233.56944444444443,2.365011141531997,39.28,25.49,1.52
1,265.76388888888886,1.344170222679774,35.67,30.87,1.51
1,247.4197530864197,1.773380804944921,37.06,27.57,1.49
1,238.80246913580248,1.987615874520055,38.08,28.16,1.49
1,254.5555555555556,5.144357009066476,39.0,26.78,1.47
1,251.328125,2.105617532506585,40.3,26.87,1.49
1,248.0,4.498598989099264,31.76,25.79,1.45
1,257.26388888888886,1.960059478878975,39.23,28.94,1.49
0,245.16666666666663,2.332682987882031,40.79,27.11,1.53
1,228.3333333333333,1.921214140951633,40.38,27.55,1.53
1,227.0833333333333,1.76573396474123,39.28,27.66,1.51
1,247.65277777777777,3.294267247948381,34.63,29.6,1.5
1,243.52777777777777,2.491880324151781,37.69,25.89,1.52
1,252.06944444444443,4.604321248001522,40.39,27.21,1.48
0,250.38888888888889,2.525521413319641,19.19,12.87,0.71
1,242.3125,1.825133794918656,38.0,27.57,1.5
1,239.79166666666663,4.144052696724734,35.76,29.2,1.49
1,240.63888888888889,2.482423831191328,38.39,27.14,1.5
1,234.72222222222223,2.300217251810762,38.56,25.27,1.52
1,263.75,2.019665572792292,35.37,32.49,1.5
1,257.69444444444446,3.659715841213862,36.44,31.0,1.46
1,243.3125,3.019761649891734,40.55,27.07,1.51
1,231.484375,2.057721765711904,34.65,28.98,1.51
1,230.6875,1.99782129842788,38.43,24.85,1.52
1,234.75,1.685536618344486,36.08,27.36,1.5
0,254.40277777777777,1.660779549015893,32.64,30.54,1.49
1,222.04938271604945,2.279546892201459,38.7,26.39,1.5
0,254.8271604938272,4.84626802618121,0.0,0.0,0.0
1,266.96875,2.529023995622993,33.04,29.52,1.51
1,232.54166666666663,2.299570598536067,38.82,26.87,1.49
1,256.5,1.97596203815192,42.16,27.41,1.51
1,238.828125,1.808052373118699,34.73,30.71,1.49
0,254.27777777777777,5.25247492806779,7.17,4.85,0.27
1,230.59375,1.808125790208578,39.72,24.96,1.52
1,265.625,2.834573273546994,36.36,29.29,1.53
1,233.97222222222223,1.480226423177454,39.16,26.61,1.5
0,259.3125,2.972207746468484,40.36,26.77,1.5
0,237.09722222222223,1.913896821439266,0.0,0.0,0.0
1,246.9375,4.672849560156466,38.57,25.57,1.54
1,259.3611111111111,4.221116770472792,32.36,30.94,1.46
0,232.9375,2.126445886678994,38.95,28.7,1.48
0,236.640625,3.494356411509216,0.64,0.47,0.03
1,237.609375,2.184014811180532,38.18,27.96,1.5
1,228.640625,1.690613206475973,27.83,19.28,1.13
1,243.125,2.02772645238373,39.01,26.39,1.5
1,254.48611111111111,1.728921946552065,33.33,30.07,1.47
1,235.91666666666663,3.442430939111444,38.85,26.43,1.52
1,246.0833333333333,1.654479987091488,38.14,29.67,1.49
0,249.1875,2.444232450798154,15.79,8.0,0.58
1,232.3333333333333,3.094961283107599,37.5,28.29,1.52
1,243.609375,2.61383951921016,41.94,26.05,1.5
1,241.90277777777777,3.257760061985917,39.63,29.23,1.49
0,233.97222222222223,2.456947483122349,35.61,29.21,1.52
1,257.47222222222223,2.024114790062109,38.69,28.88,1.46
1,243.48611111111111,2.117939366234673,36.32,27.97,1.5
1,245.54166666666663,2.739024070401987,37.31,27.18,1.49
1,252.65625,2.04408148303628,32.23,30.37,1.48
1,227.46875,1.849523448385298,38.87,26.82,1.51
1,245.59375,3.249016367830336,35.15,29.49,1.53
1,252.7083333333333,3.632521957986885,37.86,26.95,1.49
1,249.61111111111111,3.782857218550311,36.77,30.65,1.49
1,232.97222222222223,2.260235219366021,37.27,26.29,1.51
1,261.640625,2.009359678253531,34.19,29.87,1.49
1,239.41666666666663,2.243661719063918,35.41,30.01,1.5
1,262.0987654320988,2.540916503947458,39.89,28.74,1.48
1,253.84375,2.913388299755752,37.0,28.81,1.47
1,257.484375,4.722445495426656,38.85,28.99,1.52
0,254.40625,6.472658450715244,0.0,0.0,0.0
1,236.4197530864197,2.763317325968801,38.28,29.1,1.51
1,229.76543209876544,1.501549921653889,38.34,26.79,1.52
1,244.8055555555556,3.23921435740259,36.63,26.54,1.45
1,266.359375,2.565012095496058,32.92,33.45,1.5
1,232.453125,2.098120089620352,37.64,27.21,1.52
0,263.828125,2.260047524236143,19.73,16.15,0.83
0,151.890625,2.046414790731488,41.48,27.08,1.52
1,237.2083333333333,1.899649272362391,38.51,25.3,1.53
1,263.90625,1.839753093197942,34.74,30.94,1.49
0,230.8333333333333,1.049997194773621,0.0,0.0,0.0
1,230.19753086419752,1.830181811326816,37.01,25.71,1.52
1,224.4305555555556,2.105815101000998,39.32,29.2,1.51
0,227.90625,1.849616799503565,17.25,11.68,0.67
1,259.40277777777777,3.353101257648733,39.52,28.77,1.48
1,252.63888888888889,3.616371884114213,40.63,25.36,1.52
1,241.80246913580248,2.785728968955852,37.8,26.52,1.52
1,252.98611111111111,1.575884312391281,33.45,31.74,1.48
0,238.41666666666663,2.828447271552351,0.0,0.0,0.0
0,239.53125,2.578458963893354,40.66,25.24,1.48
1,252.0625,2.239742475561798,39.58,28.97,1.52
1,235.48611111111111,2.246865434779061,39.68,26.08,1.5
1,266.59375,1.577913002111018,31.94,34.46,1.5
1,237.015625,2.790030300617218,37.0,27.88,1.5
0,254.625,2.546570372767746,36.38,28.23,1.45
1,258.59722222222223,2.387821007933882,39.32,29.46,1.48
1,237.76388888888889,1.706161854167779,39.12,26.04,1.54
1,269.6111111111111,2.054141270617644,33.31,30.65,1.5
1,240.953125,1.791992976330221,35.32,28.01,1.5
1,224.578125,1.819490859284997,38.06,27.32,1.51
1,232.328125,1.783900926820934,39.02,29.66,1.55
1,224.26388888888889,1.386663961741659,38.86,27.79,1.51
1,235.890625,2.279881548136473,37.6,26.31,1.51
1,232.75,2.050513820722699,41.49,24.53,1.5
1,236.140625,2.116085915826261,41.79,25.72,1.5
1,252.75,1.794835382141173,33.58,32.34,1.48
1,251.5625,3.533085726201534,37.57,28.34,1.49
1,245.96296296296296,2.81130192530008,39.37,29.72,1.5
1,263.18055555555554,2.933515444397926,29.45,32.16,1.49
1,268.390625,1.886666742153466,34.03,31.4,1.51
0,239.6875,2.079442971386015,37.74,25.3,1.49
1,265.69135802469134,3.100245491957959,31.02,27.59,1.35
1,242.77777777777777,2.364042075327885,40.25,28.48,1.5
1,226.5,1.647343430254194,39.25,28.2,1.51
0,255.0625,3.355184596963227,37.88,25.62,1.49
0,240.625,2.245656284193198,4.3,2.61,0.15
1,243.9375,1.712868352420628,36.81,28.0,1.5
1,226.1875,2.29244551435113,38.71,27.18,1.54
1,251.671875,2.399125183001161,34.98,27.95,1.49
1,258.875,3.133170796558261,40.41,29.1,1.47
1,241.140625,2.131717598065734,36.11,25.82,1.52
1,228.40625,1.877111649140716,38.79,26.7,1.5
1,241.48611111111111,2.485335785481665,36.24,26.45,1.5
1,235.90625,2.259906781837344,37.7,25.72,1.49
1,245.515625,2.283877493813634,37.3,29.6,1.52
1,239.84722222222223,2.471971842977736,37.53,27.77,1.49
1,234.296875,3.391287989914417,38.19,26.94,1.49
1,236.625,1.862122125923634,37.14,26.05,1.51
0,246.36111111111111,5.763876580529744,14.98,4.01,0.38
0,264.44444444444446,2.467625040331005,38.59,28.55,1.51
1,229.65277777777777,2.654764706889788,39.48,27.84,1.53
1,228.0,2.382940829731524,35.27,28.15,1.51
1,244.234375,3.841478134505451,34.82,29.08,1.5
1,248.34722222222223,3.780694330732028,32.45,31.61,1.47
1,234.609375,1.906819276511669,36.46,28.27,1.54
0,236.3333333333333,2.049802512758308,47.09,25.22,1.52
1,237.38888888888889,1.847805851035648,39.21,26.58,1.5
1,253.11111111111111,1.996184477099666,32.83,31.69,1.48
1,263.75,1.854007039219141,34.48,30.76,1.53
1,232.65277777777777,2.34456486089362,36.96,27.13,1.54
1,234.390625,2.022379267029464,37.38,26.05,1.51
1,226.671875,1.713305111974478,37.17,27.12,1.5
1,266.25,1.836695295758545,25.32,27.41,1.17
1,248.54166666666663,2.18416653573513,42.0,26.86,1.49
1,252.04166666666663,4.116642444498009,33.97,27.95,1.46
1,260.5,3.420159105211496,38.73,28.09,1.5
1,234.15625,1.795185783877969,39.07,27.03,1.48
1,227.25,1.942067611031234,37.65,25.63,1.5
1,266.75,1.815328744550546,32.57,30.22,1.49
1,254.046875,1.565738343633711,34.36,29.05,1.48
0,258.95833333333326,4.005724437534809,39.01,30.15,1.5
1,248.91666666666663,3.642430761622058,20.33,13.23,0.78
1,257.27777777777777,3.367675022118621,40.3,29.51,1.5
1,255.63888888888889,3.159543448024326,36.44,30.07,1.49
1,254.171875,3.526046944782138,34.76,28.41,1.47
1,234.03703703703704,2.508249067965849,38.44,26.67,1.51
1,256.22222222222223,3.316555163098706,33.64,30.46,1.44
1,252.15277777777777,3.52788654797607,40.44,25.28,1.48
1,233.47222222222223,2.153960801661015,37.18,26.58,1.52
0,234.265625,1.972679753787816,8.19,5.26,0.31
0,255.734375,2.461082889698446,0.0,0.0,0.0
1,243.515625,2.119863415136933,36.7,31.65,1.49
1,231.375,1.623964875936508,36.81,26.74,1.53
1,239.171875,2.005179633386433,38.15,27.74,1.5
1,237.77777777777777,1.982639922863907,38.51,25.19,1.53
1,258.5416666666667,2.401066683232784,38.91,26.9,1.51
1,259.1111111111111,2.504236722158061,38.51,27.96,1.52
1,261.31944444444446,2.777757671972116,36.32,32.58,1.48
1,254.5555555555556,1.238926624258359,33.96,29.08,1.46
1,257.75,4.022783471271396,40.45,29.85,1.51
1,233.59722222222223,1.822700932621956,39.43,24.58,1.5
0,266.88888888888886,2.137218557298183,0.0,0.0,0.0
1,236.8055555555556,2.312001740766896,38.31,28.7,1.5
1,254.5,4.126855485141278,38.96,27.48,1.49
1,229.79166666666663,2.582576981849141,38.21,26.08,1.52
1,244.27777777777777,2.690023375054201,26.11,16.05,1.0
1,236.3055555555556,2.203658429284891,38.74,25.98,1.49
1,230.88888888888889,1.933572909898228,37.1,27.43,1.51
0,240.375,2.656337815336883,6.01,3.58,0.21
1,233.546875,1.639716473408043,37.37,26.14,1.52
1,250.125,2.062142367992136,40.66,25.92,1.48
0,233.3333333333333,1.371174835496479,33.21,22.05,1.27
1,236.27777777777777,1.887658821211921,40.79,25.0,1.48
1,229.88888888888889,2.251420935822858,36.83,27.49,1.52
1,253.12345679012347,3.369931705204057,37.95,26.44,1.48
1,251.203125,3.96718555688858,39.63,27.61,1.48
1,260.20833333333326,2.231898248195648,39.82,28.55,1.47
0,261.60493827160496,2.409513486756219,38.46,27.19,1.48
1,221.578125,2.190593078732491,27.2,18.21,1.03
1,238.7083333333333,2.055585140983264,20.51,13.31,0.76
1,227.5555555555556,1.892036648260222,38.09,26.34,1.51
1,240.09375,1.62543729506433,37.47,27.42,1.49
0,255.765625,2.800295818597078,39.16,26.38,1.52
1,265.375,2.11038728710264,30.38,35.39,1.48
1,233.8125,1.437879245728254,37.68,25.48,1.49
1,250.609375,2.71558641269803,39.66,28.85,1.48
1,242.671875,2.092992506921291,36.49,25.86,1.51
1,242.13580246913577,3.475737437053963,35.79,28.95,1.51
1,238.78125,1.964085738174617,37.54,27.3,1.49
0,232.5,1.598997152513928,30.79,20.82,1.17
1,238.03703703703704,1.678931543120632,36.95,29.28,1.5
0,236.265625,2.163835457526147,8.19,6.29,0.34
1,232.65625,3.531863326206803,37.78,26.67,1.49
1,250.09722222222223,4.622865629692872,33.48,30.25,1.46
1,233.7283950617284,1.945232507623272,38.47,26.61,1.46
0,263.609375,3.390442576259375,28.95,33.24,1.49
1,228.65625,1.66830681823194,37.54,26.84,1.53
1,256.02777777777777,3.73223329997725,28.02,32.11,1.44
0,240.859375,3.048259363509715,36.76,25.08,1.52
0,253.40625,2.058546672575176,33.13,30.31,1.47
1,236.13888888888889,1.503628857433796,37.72,30.84,1.51
1,262.0625,3.682731126435101,36.65,30.98,1.51
1,247.90625,3.230535735376179,33.47,29.34,1.5
1,241.98611111111111,2.148171746068531,42.9,23.35,1.48
1,250.59375,2.598820445127785,38.57,25.87,1.49
0,226.13888888888889,1.659175719651911,22.45,15.18,0.84
1,243.6875,6.290465630590916,39.27,25.68,1.47
0,234.76388888888889,2.505041082700094,41.33,24.54,1.49
1,226.734375,2.02392656262964,38.58,25.75,1.47
1,257.76388888888886,4.573993720114232,33.67,27.44,1.47
1,239.453125,2.617463069036603,34.99,27.4,1.5
1,234.875,1.80878521874547,37.66,27.09,1.53
1,231.31944444444443,2.824669178989199,38.65,26.63,1.49
0,254.4375,3.868942784145474,0.0,0.0,0.0
1,251.94444444444443,4.409679296943877,36.9,28.7,1.48
1,244.54166666666663,2.566320517824756,39.24,29.19,1.45
1,267.037037037037,1.548085115574024,33.73,29.56,1.5
1,244.703125,2.160919045098126,38.37,29.5,1.45
1,251.515625,3.934454316273332,35.55,28.06,1.48
0,236.6875,1.518736682832241,39.98,26.06,1.48
1,254.859375,1.805395229719579,34.77,29.31,1.47
1,244.81944444444443,2.950768771270911,37.83,26.56,1.53
1,253.4375,5.203835825435818,39.65,29.95,1.52
1,233.8395061728395,2.283162573973338,40.17,26.3,1.5
1,229.73611111111111,2.160371631383896,37.66,27.43,1.54
1,266.3125,1.670988332480192,33.34,35.2,1.52
0,245.15625,1.976509080268443,39.39,28.47,1.51
1,255.0625,3.537075296975672,30.03,33.07,1.47
1,262.875,1.543394831940532,38.0,30.3,1.52
1,248.69444444444443,3.211641604701678,40.6,26.12,1.52
0,257.0740740740741,3.249004413316279,0.0,0.0,0.0
1,233.65277777777777,1.927957063747777,39.54,26.65,1.52
1,244.22222222222223,1.986563722292582,36.71,28.27,1.44
1,250.3125,2.055495944805443,39.97,27.46,1.52
1,256.515625,3.892079539597034,32.42,28.72,1.47
1,262.53125,4.614748682826758,29.72,30.65,1.46
1,239.25,2.31993723474443,38.34,26.63,1.5
1,244.046875,3.440987893380225,36.13,28.18,1.53
0,256.734375,3.370105093345046,7.51,5.57,0.28
1,264.5,4.366511873073048,33.09,27.42,1.48
1,224.14814814814807,1.991294044035452,38.66,27.9,1.5
1,261.9375,1.701377424411476,36.38,29.88,1.49
0,247.21875,1.623908733017743,0.0,0.0,0.0
1,232.27777777777777,1.870099937750234,37.72,27.3,1.53
1,230.046875,1.795216924510896,36.31,29.23,1.5
1,255.56944444444443,1.406507924199104,32.77,30.27,1.47
1,233.453125,1.265057566575706,40.22,25.45,1.5
1,245.25,2.946859917706913,36.71,28.67,1.49
1,201.66666666666663,3.611206788083781,30.39,31.74,1.44
0,238.641975308642,1.510111323109379,0.0,0.0,0.0
1,254.76388888888889,2.568741290105714,36.81,31.34,1.5
1,265.95833333333326,5.359043398324182,30.33,30.97,1.46
1,244.23611111111111,1.617735591199663,37.46,28.9,1.53
1,267.703125,2.000184108503163,30.17,33.33,1.49
0,267.640625,1.962722908705473,37.62,28.47,1.5
0,265.9861111111111,2.844962095220884,35.92,30.38,1.49
1,235.453125,1.775469447486103,36.31,28.38,1.51
1,242.09722222222223,2.143104792469078,36.97,26.19,1.51
1,238.69444444444443,2.507305942475796,38.96,26.32,1.5
0,240.546875,2.31775635946542,37.28,27.2,1.49
1,242.375,1.700488408406575,38.02,27.07,1.52
0,265.56944444444446,4.211853541433811,41.27,28.85,1.49
1,234.3125,2.18635453376919,37.85,28.32,1.51
1,228.86111111111111,1.960767047272788,37.81,28.06,1.51
1,249.3055555555556,1.973292155398263,36.52,25.75,1.5
1,262.375,4.162437059916556,29.91,30.36,1.46
1,228.140625,2.166376773267984,40.34,26.85,1.54
1,259.875,1.942795006434123,26.49,34.23,1.51
1,243.2962962962964,2.479380391998056,8.23,4.62,0.28
1,245.41666666666663,1.626380307806863,38.82,25.69,1.51
1,232.453125,1.468472054228187,37.62,26.13,1.54
1,256.25,2.795146476063463,32.51,28.19,1.46
1,236.81944444444443,1.750667209426562,37.3,29.1,1.5
1,250.359375,3.206589155830443,41.48,28.29,1.55
1,266.734375,3.305469512939453,35.59,29.38,1.5
0,263.234375,2.809819545596838,36.44,29.99,1.52
1,228.40625,1.609319045208395,37.67,24.8,1.52
0,241.0555555555556,4.316212522486846,5.72,2.94,0.19
1,245.31944444444443,2.645262113875813,38.34,27.71,1.5
0,254.0625,4.244598655030132,32.02,25.58,1.29
1,252.640625,4.436169452965262,39.46,25.52,1.5
1,232.1875,1.69616621825844,37.55,26.25,1.49
1,243.51851851851848,2.369806199162095,40.11,25.24,1.52
0,231.875,1.82497769035399,40.04,26.54,1.48
0,250.953125,4.412406587041914,6.16,4.89,0.25
1,230.765625,2.410861317068338,38.12,26.82,1.51
1,236.72222222222223,1.886997151705954,37.67,28.71,1.52
0,253.06944444444443,6.687777199678952,1.39,0.56,0.04
0,265.05555555555554,4.154371431304349,35.67,31.84,1.53
0,244.19753086419752,2.156577866018554,39.46,25.03,1.54
0,237.76388888888889,4.657764291597738,0.0,0.0,0.0
1,266.421875,2.392145522870123,33.56,30.11,1.5
1,236.7083333333333,1.780534864299827,39.23,26.61,1.51
1,263.71875,1.817962863482535,33.03,31.73,1.48
1,270.34375,1.725059770978987,33.38,30.63,1.5
0,230.88888888888889,3.499709875219398,7.9,5.42,0.3
1,242.0625,3.139593665488064,37.1,27.08,1.52
1,242.84375,4.372931696474552,36.41,27.84,1.54
0,255.1875,3.124547665938735,35.87,30.46,1.43
1,247.0555555555556,4.011850539180968,38.27,24.72,1.51
1,242.75,3.316058716736734,35.57,28.31,1.52
1,228.79166666666663,1.867594465613365,38.35,27.27,1.53
1,259.77777777777777,4.803496836788124,36.22,28.27,1.5
1,230.29166666666663,1.965889626079135,36.38,28.94,1.51
0,249.9375,5.737379608675838,0.0,0.0,0.0
1,254.69444444444443,3.458968027598328,41.87,27.39,1.52
1,233.90625,2.028855682350695,38.85,26.8,1.51
1,262.125,2.615292933769524,27.1,35.78,1.49
1,253.40277777777777,4.078410383727816,39.05,26.26,1.47
1,233.984375,2.663246253505349,38.44,26.63,1.49
1,243.5833333333333,3.411513139804204,36.35,28.39,1.51
1,245.6805555555556,2.015856088035636,36.69,28.39,1.47
1,234.6875,1.90018446277827,37.55,25.5,1.49
1,264.734375,2.598695162683725,37.88,30.83,1.5
0,232.51388888888889,1.427646274367968,33.13,21.7,1.32
1,237.84375,1.799578610807657,36.0,26.04,1.5
1,229.77777777777777,1.888076658878062,37.22,28.53,1.53
1,224.578125,1.16027407720685,38.76,25.03,1.52
1,267.7361111111111,2.155598046051131,27.22,34.71,1.49
1,239.79166666666663,2.561142716970709,34.95,30.22,1.49
0,233.625,1.804916093125939,31.86,20.83,1.25
1,265.375,2.411469156543414,32.23,33.92,1.48
0,256.76388888888886,5.336220974723498,13.2,7.38,0.48
1,228.2716049382716,1.606138348579407,40.26,24.88,1.52
1,226.0,2.500976257854038,37.25,25.99,1.51
1,265.734375,1.520378852263093,0.0,0.0,0.0
1,250.5625,1.80455482006073,38.61,25.56,1.49
1,254.94444444444443,3.408238328165478,33.49,30.05,1.47
1,228.52777777777777,1.965135380625725,37.75,26.94,1.54
1,232.078125,2.090618907473981,38.47,29.09,1.54
1,252.90277777777777,2.046270577443971,31.78,30.22,1.47
1,230.73611111111111,1.304803274571896,38.32,28.4,1.52
1,256.984375,3.988316572271287,32.21,26.73,1.45
0,256.671875,6.063454408198596,38.46,26.75,1.5
1,236.484375,3.142384629696608,40.76,24.71,1.51
1,266.56944444444446,3.015179259909524,33.97,30.59,1.48
1,248.671875,3.518387889489532,38.47,28.38,1.5
1,254.27777777777777,1.881920947796769,36.43,28.33,1.47
1,250.5555555555556,4.595510450502236,38.22,27.86,1.49
1,242.46875,2.08882942982018,39.13,27.26,1.53
1,249.234375,3.964927773922682,38.44,28.12,1.5
1,235.38888888888889,2.264674868848589,34.32,29.01,1.5
1,258.06944444444446,6.035440039303568,39.87,28.9,1.45
1,250.3333333333333,2.673996253973908,34.43,30.42,1.48
1,231.953125,2.49265256151557,43.6,25.22,1.53
1,236.7530864197531,2.120382004313999,33.62,28.64,1.48
1,246.54166666666663,2.460860875745615,38.03,29.53,1.52
1,233.625,1.79076168872416,39.2,24.67,1.48
1,265.359375,3.662883449345827,36.0,28.43,1.48
1,263.703125,2.29039073176682,33.02,30.81,1.5
1,237.375,2.15635463129729,38.41,25.87,1.53
1,251.23611111111111,2.684601850807667,37.21,28.59,1.5
0,247.625,2.07435077894479,2.35,1.46,0.09
1,234.21875,2.752599431201816,38.39,26.29,1.51
1,257.18055555555554,2.897236095534431,35.06,27.02,1.46
0,256.43055555555554,3.167641777959135,2.01,1.83,0.09
1,264.015625,2.428598972968757,32.73,30.0,1.49
1,240.5625,4.158094987273216,35.78,29.14,1.48
1,266.921875,4.537824557162822,31.23,30.11,1.48
0,243.125,2.628975976258516,35.67,27.82,1.49
1,243.98611111111111,3.193040803902679,36.93,28.25,1.52
1,247.265625,2.696112777106464,36.92,27.69,1.5
1,236.015625,1.463483786210418,33.62,26.19,1.5
1,240.9583333333333,3.17379042506218,42.12,25.26,1.51
1,238.390625,2.88333506975323,37.45,29.08,1.5
1,224.0,1.445577988194095,39.01,26.57,1.51
1,254.546875,3.521835368126631,36.0,26.44,1.48
1,226.4583333333333,2.287805205418004,34.83,29.2,1.49
1,234.953125,2.261784746311605,37.77,27.22,1.52
1,263.171875,4.812624657526612,36.12,28.26,1.47
1,251.78125,2.154722864739597,38.44,26.68,1.48
1,231.59722222222223,2.582077715959814,39.88,25.64,1.51
1,259.85185185185185,4.74634016590354,41.53,27.7,1.49
1,248.27777777777777,2.347731391588847,38.31,30.12,1.5
1,235.98611111111111,3.547354174984826,40.56,24.67,1.51
1,254.8055555555556,3.002303588721487,33.23,28.75,1.48
1,233.06944444444443,3.230889055464003,36.72,27.42,1.52
1,258.28125,2.620529493317008,39.91,28.33,1.47
1,230.94444444444443,1.239759345849355,38.15,28.87,1.5
1,233.515625,1.887085645459592,37.16,28.52,1.51
1,264.72222222222223,3.137009974983004,32.63,31.94,1.49
0,243.72222222222223,2.763093192544249,44.98,20.17,1.44
1,239.015625,2.51827956084162,38.74,26.01,1.54
1,265.78125,2.423303530551493,35.4,30.38,1.5
1,253.59375,2.506883328780532,32.48,29.17,1.47
1,253.625,3.19852038886812,35.78,23.73,1.44
1,237.9583333333333,1.976256396207545,35.85,29.95,1.48
0,231.640625,2.002552006393671,38.11,26.42,1.47
0,231.3125,1.530106914229691,0.0,0.0,0.0
0,265.93055555555554,3.200465641087956,5.47,4.5,0.23
1,260.0625,1.938881437294185,39.12,28.21,1.48
0,253.2083333333333,4.317794883416761,28.65,17.55,1.06
1,266.28395061728395,1.693011712144922,32.14,37.53,1.5
1,244.96296296296296,3.065778568938927,36.23,28.39,1.53
0,238.96875,6.890044402331114,48.71,16.03,1.31
1,242.90277777777777,3.149304856028822,38.02,26.16,1.55
1,254.48611111111111,2.320441213746866,35.81,29.65,1.48
1,248.27777777777777,1.948097384638257,39.34,29.74,1.5
1,238.203125,2.516808497719467,35.12,27.41,1.5
1,231.25,1.308913739398122,35.35,28.64,1.52
0,256.05555555555554,3.684055762986342,38.48,30.95,1.49
1,252.9305555555556,4.91984369357427,39.6,24.46,1.48
1,269.6875,6.290472837164998,38.01,26.78,1.48
0,234.4375,2.520810240879655,39.99,24.75,1.5
1,258.81481481481484,3.408034917749005,38.19,26.57,1.46
1,249.76388888888889,1.814339448180464,36.71,27.13,1.47
1,254.21875,3.989398689940572,31.72,31.22,1.45
1,244.24691358024688,2.115127174942582,38.48,30.26,1.5
1,240.375,2.640220688655972,35.87,31.13,1.5
1,242.703125,1.31648394651711,38.6,29.66,1.54
1,246.3333333333333,3.969353218873342,35.88,27.31,1.52
1,228.72222222222223,1.467737402353022,37.89,26.74,1.52
1,236.125,2.747444823384285,39.16,26.42,1.5
1,254.2962962962964,5.990387526559242,38.61,26.46,1.53
1,231.75,1.868265300989151,37.69,25.93,1.53
0,238.875,1.908638587428464,33.89,30.14,1.49
1,254.53125,2.674303477630019,38.73,28.33,1.49
0,255.75,1.600077103823423,34.46,29.31,1.47
1,241.40277777777777,2.374636033342944,42.57,26.64,1.48
0,267.703125,1.868169502355158,13.91,12.06,0.59
1,229.546875,1.814045294187963,37.6,27.37,1.53
1,233.65277777777777,1.854184259970983,38.57,27.14,1.51
0,240.28125,1.83419306203723,45.14,25.32,1.51
1,233.66666666666663,1.932969604101446,35.44,20.95,1.23
1,228.92592592592592,3.028269251187643,39.27,26.17,1.56
0,241.48611111111111,1.813240682913198,6.93,4.94,0.29
0,258.1851851851852,3.301646265718672,38.9,30.01,1.49
1,233.34375,2.280604475177824,36.84,27.06,1.53
1,261.33333333333326,4.698556198014154,34.06,27.31,1.49
1,259.56944444444446,2.239666243394216,39.66,28.24,1.48
1,266.5308641975309,2.640490567242658,31.1,29.78,1.49
1,251.54166666666663,4.32283894220988,37.35,29.01,1.47
0,250.19444444444443,2.694769471055932,19.41,9.24,0.66
1,260.2916666666667,3.208088773820135,37.36,28.33,1.54
1,250.9583333333333,2.868723182214631,36.85,28.37,1.48
1,231.953125,2.528523923829198,37.36,26.98,1.53
1,207.15277777777777,1.357121262167181,37.58,25.35,1.52
1,242.671875,1.799946202896535,36.94,27.55,1.51
1,265.765625,2.106254091486335,30.99,32.84,1.49
1,243.54166666666663,3.282145503494474,35.0,28.36,1.52
1,226.19444444444443,2.282368410792616,37.91,24.79,1.52
0,236.0833333333333,2.610478993091318,37.08,25.91,1.4
0,250.36111111111111,3.908205774095324,39.84,27.76,1.5
0,255.11111111111111,3.525726016656852,39.28,25.16,1.54
1,222.3703703703704,2.076534926891327,37.48,28.76,1.51
1,238.27777777777777,1.906185842222638,37.54,25.83,1.54
0,238.22222222222223,1.499689018560781,38.1,25.84,1.52
1,268.34722222222223,2.599430575966835,32.33,30.94,1.49
1,253.6805555555556,3.440811870826615,39.37,31.82,1.5
1,168.73611111111111,3.104970974581582,42.98,27.55,1.43
1,232.3125,2.242244458757341,39.79,27.09,1.48
1,228.375,1.858436695300043,38.13,26.44,1.51
1,254.27777777777777,3.687820687062211,38.01,27.32,1.46
1,254.32098765432096,4.521041460979132,31.26,31.96,1.45
0,237.71875,1.711476661264896,21.03,14.08,0.8
1,249.71875,1.581116195768118,38.92,25.83,1.49
0,229.69444444444443,1.99464181645049,39.18,27.33,1.52
1,254.04166666666663,3.889580114848084,37.9,26.72,1.49
1,265.65277777777777,2.124400114019712,35.08,30.38,1.51
1,240.84375,1.956767917610705,38.25,26.21,1.51
1,246.88888888888889,1.75833884626627,39.47,30.25,1.49
1,264.1666666666667,2.057497727374236,37.18,31.51,1.49
1,234.5,2.373708256416851,38.66,27.28,1.5
0,263.6875,1.633874398656189,35.16,30.86,1.51
0,231.203125,2.223832314833999,42.04,25.35,1.51
1,230.6805555555556,1.948411695659161,38.85,26.93,1.52
1,229.953125,2.531024717725813,38.2,27.83,1.52
1,259.125,3.625152127817273,39.82,24.87,1.48
1,234.5,2.036470970345868,37.95,25.7,1.5
0,239.5,2.015601259138849,38.07,26.0,1.5
1,244.8333333333333,3.027555048465729,38.65,25.42,1.54
0,248.28125,2.620692484080791,43.92,21.44,1.52
1,239.26388888888889,2.200406945414013,39.0,27.0,1.53
1,229.765625,1.77334865834564,38.42,27.06,1.53
0,258.03125,2.687970477156341,0.0,0.0,0.0
1,261.296875,2.909769203513861,40.0,28.72,1.48
0,250.484375,2.991584778763354,1.54,0.92,0.06
1,264.08333333333326,2.168887535730998,36.01,30.17,1.49
0,250.671875,3.384693522006273,31.81,20.96,1.22
1,257.46875,3.783091724850237,35.58,30.61,1.54
1,229.84375,2.315417648293078,37.02,26.99,1.49
0,257.33333333333326,3.289359678456813,4.89,3.84,0.19
0,230.125,1.510982463757197,37.43,27.05,1.51
1,254.54166666666663,3.42276760439078,40.3,26.01,1.49
1,264.83333333333326,3.024902761810356,38.83,26.35,1.51
1,251.03125,2.525495063513517,40.44,25.96,1.54
0,241.02777777777777,2.196170839170615,0.0,0.0,0.0
0,257.76388888888886,5.829623232285182,39.49,26.1,1.52
1,265.84722222222223,2.590599028600587,35.92,32.48,1.51
0,251.78125,3.978276770561934,10.42,4.49,0.32
1,259.671875,4.228777711279691,29.36,33.28,1.43
1,229.16666666666663,1.945080063409276,38.52,27.52,1.53
1,269.59722222222223,2.805607525010904,34.64,32.71,1.5
0,231.5555555555556,2.53128547138638,36.83,26.83,1.5
1,237.78125,1.853580779395998,38.44,26.17,1.51
1,243.40277777777777,2.287098713219166,37.29,29.55,1.49
1,251.453125,6.734749699011446,42.82,25.31,1.5
1,262.39506172839504,1.652746310204635,36.63,30.32,1.49
0,249.51388888888889,3.694686573412683,47.67,20.81,1.49
0,246.04166666666663,2.318042997684744,41.32,24.29,1.52
1,254.23456790123453,2.108450687225954,34.37,29.11,1.47
1,250.9305555555556,2.370087289975749,34.13,29.45,1.49
1,260.82716049382714,2.096069968776938,37.33,31.6,1.49
1,135.47222222222223,2.059760447910854,41.81,26.67,1.49
1,222.40277777777777,1.725961215794086,37.65,28.1,1.5
0,250.59722222222223,2.938430610630247,41.41,26.74,1.5
1,242.26388888888889,2.997003627320131,38.51,27.16,1.5
1,228.546875,2.250933701172471,16.27,11.57,0.66
1,262.375,1.745579919053449,35.72,28.3,1.47
1,256.94444444444446,4.242939785950714,31.59,29.51,1.45
1,245.28125,2.117076025344431,37.0,28.16,1.49
1,259.8125,4.01482567191124,33.32,29.29,1.46
1,237.27777777777777,2.95680745691061,39.17,27.25,1.51
0,239.23611111111111,2.710546667377154,0.0,0.0,0.0
0,240.8271604938272,2.185094904016565,0.0,0.0,0.0
1,265.03125,1.816106498241425,35.48,30.42,1.51
1,260.90625,3.709154572337866,41.81,25.83,1.5
1,252.515625,4.038139852695167,39.35,25.05,1.48
1,232.4074074074074,2.41626434782405,36.18,27.27,1.51
1,255.0555555555556,1.947697622080644,34.16,29.8,1.47
1,256.76388888888886,3.036306931740708,39.39,28.54,1.52
1,252.75,4.443078782409432,39.91,30.72,1.52
1,247.6875,2.9012470850721,35.48,28.01,1.52
1,268.58024691358025,2.464788827631208,37.3,31.72,1.51
1,231.421875,1.761104512028396,39.36,29.26,1.48
1,234.0625,2.172941921278834,39.25,25.8,1.5
0,243.44444444444443,1.818947355780337,1.43,1.08,0.06
1,255.34722222222223,3.505962163209915,42.27,26.92,1.48
1,259.734375,4.917130649089814,41.18,25.73,1.48
1,226.515625,1.895901555195451,35.98,25.0,1.52
1,238.03125,2.25412845145911,38.45,26.87,1.53
1,238.890625,3.048541616648436,39.04,26.02,1.54
1,259.97222222222223,3.080971223612627,39.0,30.05,1.48
1,225.203125,2.144584537483752,40.03,27.18,1.54
1,226.23611111111111,2.046517925129996,38.57,28.24,1.53
1,232.09375,2.194045006297529,39.88,25.47,1.51
1,243.88888888888889,3.514901350769732,36.0,27.76,1.52
1,261.859375,3.097460390068591,36.93,31.85,1.48
1,257.953125,6.113304402679206,28.48,33.36,1.44
1,268.51388888888886,2.659660629928112,32.2,30.68,1.51
0,236.796875,2.738343365490437,39.11,23.48,1.43
1,244.61111111111111,4.68159938686424,38.16,25.25,1.53
1,247.16666666666663,2.928869095113543,37.38,28.1,1.48
0,236.73611111111111,1.599144905805588,38.07,25.45,1.51
1,255.484375,4.734616664238274,36.56,24.81,1.47
1,246.84375,3.554126394912601,33.3,30.98,1.48
1,262.6111111111111,4.431856604086028,31.74,30.95,1.48
1,243.75,2.510144123807549,38.39,29.31,1.56
1,229.25,1.762219052347872,38.13,25.22,1.53
1,244.15277777777777,2.401856190628476,38.36,27.1,1.49
1,255.375,3.076365265995264,38.46,25.94,1.47
1,228.96875,1.388086370192468,35.44,29.48,1.52
1,236.15277777777777,2.221293571094672,39.05,28.67,1.52
1,225.97222222222223,1.975715340839492,37.53,25.56,1.51
1,239.2083333333333,2.762203535272016,37.65,27.36,1.49
1,241.09375,2.104629115201533,38.52,26.1,1.52
1,253.09722222222223,3.283897823757596,36.34,25.57,1.46
1,251.84722222222223,3.094378992087311,39.55,27.53,1.48
1,235.046875,2.040663712657988,38.8,26.05,1.5
1,242.546875,2.968037760816514,38.97,27.57,1.47
1,251.25,3.277243217660321,37.21,25.65,1.49
0,253.046875,2.66930000949651,36.32,28.61,1.48
1,227.984375,1.790445037186146,39.31,27.19,1.51
1,254.578125,1.781783290207386,34.6,28.47,1.48
1,236.07407407407408,2.216272070819949,37.82,26.5,1.51
1,230.3333333333333,1.869811438851886,37.55,25.07,1.52
1,233.765625,2.055248613469303,38.72,26.17,1.56
1,245.44444444444443,2.178502183821466,37.06,31.02,1.52
0,245.625,1.725303299725056,40.31,25.4,1.52
0,254.21875,4.252641500905156,3.72,3.01,0.15
1,261.0123456790124,1.846009825482781,38.78,26.22,1.47
0,251.94444444444443,1.923086206946108,36.14,26.08,1.47
1,232.5833333333333,2.197706110775471,36.02,28.17,1.51
0,239.79166666666663,3.019980277452204,20.0,9.96,0.62
1,249.59722222222223,7.97640236053202,28.12,19.36,1.06
0,245.56790123456787,2.227108637491862,1.6,1.3,0.07
0,237.046875,6.655295686796308,35.01,23.08,1.32
0,239.8055555555556,6.334548454317782,0.0,0.0,0.0
0,243.6805555555556,2.328352193865511,37.99,29.25,1.54
0,252.578125,5.022584133781494,35.94,30.6,1.49
1,258.40277777777777,3.517659637663099,31.84,26.01,1.37
0,244.02777777777777,2.355675429933601,0.99,0.58,0.04
1,232.5,1.932152072233813,37.74,26.63,1.52
1,232.96875,2.210713276639581,39.69,25.89,1.53
0,238.16666666666663,3.279349577095774,45.03,27.23,1.53
1,251.77777777777777,2.736974575453334,37.27,26.58,1.49
1,228.0555555555556,1.318042185571459,35.74,28.51,1.51
1,231.046875,2.042220493778586,37.76,24.83,1.53
0,232.5,2.415663561783731,10.28,6.7,0.4
1,264.734375,1.875228866934776,38.2,29.08,1.5
1,227.06944444444443,1.824641668962108,40.4,24.06,1.52
1,230.84375,2.520806687884033,38.43,26.06,1.49
0,264.234375,2.444909784942865,31.26,32.76,1.48
1,270.546875,2.35241227876395,32.38,30.32,1.5
1,244.8125,2.005498064681888,38.76,28.48,1.55
1,240.85185185185185,2.009843477496394,38.07,25.96,1.51
1,254.90277777777777,1.798510000937515,33.55,27.83,1.5
0,260.56944444444446,3.268368242515458,20.28,24.56,1.07
1,237.9583333333333,1.876302435166306,37.12,27.34,1.51
1,237.875,2.24872310542398,36.5,28.84,1.5
1,230.84375,2.557824088260531,38.64,26.27,1.5
1,227.140625,1.867355297319591,40.2,27.49,1.55
1,228.453125,1.718177505768836,37.82,26.59,1.53
1,229.73611111111111,1.754040653506915,38.8,25.75,1.53
0,248.0,2.21533588733938,42.35,26.84,1.52
1,256.234375,4.959946935996414,34.67,27.63,1.47
1,252.98611111111111,3.34233693447378,39.78,25.32,1.48
1,245.61111111111111,1.579874315195613,41.94,25.37,1.53
1,235.625,1.44056870508939,37.32,26.8,1.51
0,261.38271604938274,3.59751229300911,37.68,29.62,1.52
1,241.1851851851852,2.275363686644001,37.24,27.39,1.54
0,240.1805555555556,3.907204175160991,5.13,2.23,0.17
1,256.5,4.931834148863952,37.59,29.4,1.48
1,239.29166666666663,2.018572553164429,38.24,26.97,1.51
1,226.0,1.672495913691819,37.67,28.05,1.52
1,259.84722222222223,4.513560751246082,33.97,29.52,1.48
